{
"type": "FeatureCollection",
"name": "kazakhstan_border",
"crs": { "type": "name", "properties": { "name": "urn:ogc:def:crs:OGC:1.3:CRS84" } },
"features": [
{ "type": "Feature", "properties": { }, "geometry": { "type": "MultiPolygon", "coordinates": [ [ [ [ 82.93322, 50.90218 ], [ 82.96374, 50.89935 ], [ 82.9646699, 50.8993815 ], [ 82.98768, 50.90016 ], [ 83.00397, 50.90466 ], [ 83.0094428, 50.9077818 ], [ 83.01384, 50.91029 ], [ 83.0204958, 50.9173867 ], [ 83.0309, 50.92848 ], [ 83.04244, 50.93656 ], [ 83.0492482, 50.9378198 ], [ 83.0498059, 50.9379404 ], [ 83.05222, 50.94104 ], [ 83.067452, 50.9484884 ], [ 83.07676, 50.95304 ], [ 83.10311, 50.97343 ], [ 83.11437, 50.9909 ], [ 83.11222, 51.0040199 ], [ 83.112155500000014, 51.0041758 ], [ 83.1077, 51.01493 ], [ 83.1091467, 51.0162257 ], [ 83.11163, 51.01845 ], [ 83.1208, 51.01974 ], [ 83.13559570000001, 51.0185762 ], [ 83.15144, 51.01733 ], [ 83.15641, 51.01642 ], [ 83.167926, 51.0143185 ], [ 83.17, 51.01394 ], [ 83.1752731, 51.0060806 ], [ 83.18415, 50.99285 ], [ 83.1860952, 50.9916376 ], [ 83.18999, 50.98921 ], [ 83.19584, 50.9897 ], [ 83.2071504, 50.9948004 ], [ 83.2087044, 50.9961576 ], [ 83.2205, 51.00646 ], [ 83.2279762, 51.0086792 ], [ 83.23502, 51.01077 ], [ 83.2567294, 51.01023 ], [ 83.2576869, 51.0103824 ], [ 83.28027, 51.01398 ], [ 83.29337, 51.01443 ], [ 83.3005627, 51.013157 ], [ 83.31535, 51.01054 ], [ 83.3233222, 51.0091337 ], [ 83.3323, 51.00755 ], [ 83.35823, 51.00547 ], [ 83.360575900000015, 51.0049281 ], [ 83.37706, 51.00112 ], [ 83.3800319, 51.0011493 ], [ 83.38214, 51.00117 ], [ 83.40543, 51.01406 ], [ 83.4070368, 51.0143352 ], [ 83.4094, 51.01474 ], [ 83.4192622, 51.0164577 ], [ 83.42829, 51.01803 ], [ 83.4331794, 51.017089 ], [ 83.4386291, 51.0160402 ], [ 83.438612, 51.0140883 ], [ 83.43859, 51.0117 ], [ 83.41023, 50.9871 ], [ 83.41032, 50.98093 ], [ 83.4103313, 50.9802292 ], [ 83.4141963, 50.9778759 ], [ 83.41754, 50.97584 ], [ 83.460692, 50.963986 ], [ 83.49071, 50.95574 ], [ 83.5046031, 50.9553687 ], [ 83.51204, 50.95517 ], [ 83.5158792, 50.9561205 ], [ 83.5265, 50.95875 ], [ 83.5453796, 50.955978 ], [ 83.58119, 50.95072 ], [ 83.59487, 50.94668 ], [ 83.63897, 50.93362 ], [ 83.6551983, 50.9261863 ], [ 83.65805, 50.92488 ], [ 83.677807, 50.9114178 ], [ 83.6940512, 50.9003496 ], [ 83.70945, 50.89494 ], [ 83.72293, 50.89212 ], [ 83.7621325, 50.8905703 ], [ 83.76467, 50.89047 ], [ 83.78457, 50.88967 ], [ 83.8122483, 50.8831219 ], [ 83.81251, 50.88306 ], [ 83.8148172, 50.8820854 ], [ 83.8323, 50.8747 ], [ 83.8655118, 50.8509143 ], [ 83.9151, 50.8154 ], [ 83.9499651, 50.7903407 ], [ 83.96438, 50.77998 ], [ 83.9656334, 50.7760378 ], [ 83.97257, 50.75422 ], [ 83.98006, 50.71842 ], [ 83.9879048, 50.7095651 ], [ 83.99039, 50.70676 ], [ 83.9923456, 50.7055546 ], [ 83.99344, 50.70488 ], [ 83.9990306, 50.701426 ], [ 84.0004809, 50.7005301 ], [ 84.03376, 50.67997 ], [ 84.05529, 50.66188 ], [ 84.0720203, 50.6359798 ], [ 84.080841, 50.6307568 ], [ 84.0884673, 50.6262411 ], [ 84.11723, 50.60921 ], [ 84.12081, 50.60709 ], [ 84.17233, 50.56065 ], [ 84.1757972, 50.5582103 ], [ 84.19072, 50.54771 ], [ 84.2000571, 50.54379 ], [ 84.20413, 50.54208 ], [ 84.2105138, 50.5378342 ], [ 84.21888, 50.53227 ], [ 84.2236798, 50.5266133 ], [ 84.23322, 50.51537 ], [ 84.2345535, 50.5120944 ], [ 84.23528, 50.51031 ], [ 84.2388897, 50.5013794 ], [ 84.2373967, 50.4984372 ], [ 84.23616, 50.496 ], [ 84.2306834, 50.4916388 ], [ 84.21927, 50.48255 ], [ 84.212597, 50.4733027 ], [ 84.21126, 50.47145 ], [ 84.2102342, 50.4598138 ], [ 84.20963, 50.45296 ], [ 84.2132377, 50.4437857 ], [ 84.21696, 50.43432 ], [ 84.2410324, 50.3961496 ], [ 84.24247, 50.39387 ], [ 84.24786, 50.38531 ], [ 84.2529542, 50.3704675 ], [ 84.25712, 50.35833 ], [ 84.2563494, 50.3491208 ], [ 84.2559, 50.34372 ], [ 84.2358654, 50.3161316 ], [ 84.23447, 50.31421 ], [ 84.2350175, 50.3070002 ], [ 84.23536, 50.30249 ], [ 84.2409435, 50.2924061 ], [ 84.24134, 50.29169 ], [ 84.2430115, 50.2899556 ], [ 84.25648, 50.27598 ], [ 84.2609772, 50.271305 ], [ 84.26255, 50.26967 ], [ 84.32406, 50.22453 ], [ 84.336226, 50.219916 ], [ 84.3364, 50.21985 ], [ 84.37482, 50.21879 ], [ 84.41016, 50.22198 ], [ 84.41232, 50.22267 ], [ 84.4161915, 50.2239045 ], [ 84.41831, 50.22458 ], [ 84.4294895, 50.2318766 ], [ 84.45142, 50.24619 ], [ 84.46409, 50.25087 ], [ 84.47759, 50.25024 ], [ 84.4924, 50.24222 ], [ 84.5044789, 50.2333576 ], [ 84.5191, 50.22263 ], [ 84.55927, 50.20241 ], [ 84.56186, 50.20164 ], [ 84.5842823, 50.1949956 ], [ 84.5924, 50.19259 ], [ 84.61585, 50.18872 ], [ 84.6279121, 50.1877916 ], [ 84.64768, 50.18627 ], [ 84.6630444, 50.1831442 ], [ 84.66685, 50.18237 ], [ 84.690217, 50.172875499999989 ], [ 84.69375, 50.17144 ], [ 84.73152, 50.14678 ], [ 84.7331379, 50.1457233 ], [ 84.735471, 50.1441997 ], [ 84.736783699999989, 50.1438038 ], [ 84.75543, 50.13818 ], [ 84.77732, 50.13641 ], [ 84.7932494, 50.1368787 ], [ 84.79771, 50.13701 ], [ 84.81452, 50.13457 ], [ 84.82213, 50.12961 ], [ 84.8266802, 50.1241383 ], [ 84.82929, 50.121 ], [ 84.8297811, 50.1149571 ], [ 84.83073, 50.10328 ], [ 84.8317617, 50.1013264 ], [ 84.83421, 50.09669 ], [ 84.84739, 50.09374 ], [ 84.87704, 50.09477 ], [ 84.8882799, 50.0951597 ], [ 84.90675, 50.0958 ], [ 84.9157528, 50.0939583 ], [ 84.93212, 50.09061 ], [ 84.99802, 50.05607 ], [ 84.9985202, 50.0556784 ], [ 85.0, 50.05452 ], [ 85.01391, 50.04357 ], [ 85.0230799, 50.0310445 ], [ 85.02577, 50.02737 ], [ 85.0258325, 50.0272509 ], [ 85.02609, 50.02676 ], [ 85.0313277, 50.0164351 ], [ 85.032349599999989, 50.0144207 ], [ 85.0331413, 50.009256099999988 ], [ 85.0341199, 50.0028705 ], [ 85.03323, 50.0 ], [ 85.03293, 49.99904 ], [ 85.02231, 49.99363 ], [ 85.0126071, 49.9977532 ], [ 85.00732, 50.0 ], [ 85.0030643, 50.0018139 ], [ 85.0, 50.00312 ], [ 84.999315, 50.0034077 ], [ 84.999, 50.00354 ], [ 84.99283, 50.00248 ], [ 84.99111, 50.0 ], [ 84.98808, 49.99562 ], [ 84.99123, 49.98079 ], [ 84.98057, 49.96919 ], [ 84.97719, 49.95905 ], [ 84.97919, 49.9391 ], [ 84.9810199, 49.9208106 ], [ 84.99564, 49.90126 ], [ 85.0, 49.89925 ], [ 85.007483, 49.895802499999988 ], [ 85.01578, 49.89198 ], [ 85.0516, 49.88347 ], [ 85.0919, 49.87953 ], [ 85.0989228, 49.8769053 ], [ 85.10477, 49.87472 ], [ 85.11136, 49.86676 ], [ 85.1137, 49.86394 ], [ 85.1153184, 49.8595694 ], [ 85.11794, 49.85249 ], [ 85.117967299999989, 49.837311 ], [ 85.11798, 49.83025 ], [ 85.1497906, 49.7897547 ], [ 85.16589, 49.76926 ], [ 85.1679816, 49.7670983 ], [ 85.1823, 49.7523 ], [ 85.19653, 49.7376 ], [ 85.20534, 49.71787 ], [ 85.20824, 49.69342 ], [ 85.19546, 49.6677496 ], [ 85.1950071, 49.6631963 ], [ 85.19419, 49.65498 ], [ 85.1989408, 49.642349 ], [ 85.2015603, 49.639299799999989 ], [ 85.21229, 49.62681 ], [ 85.23436, 49.61843 ], [ 85.2427222, 49.6191464 ], [ 85.24755, 49.61956 ], [ 85.2508667, 49.6173597 ], [ 85.25471, 49.61481 ], [ 85.2710266, 49.5937802 ], [ 85.27828, 49.58969 ], [ 85.28794, 49.58802 ], [ 85.31618, 49.59381 ], [ 85.3259297, 49.59282 ], [ 85.3315639, 49.5903633 ], [ 85.35361, 49.58075 ], [ 85.35841, 49.57154 ], [ 85.3645, 49.56685 ], [ 85.3674019, 49.567023 ], [ 85.37054, 49.56721 ], [ 85.374615, 49.5686189 ], [ 85.37994, 49.57046 ], [ 85.38825, 49.57333 ], [ 85.3945217, 49.5737086 ], [ 85.39819, 49.57393 ], [ 85.42082, 49.56373 ], [ 85.422574, 49.5642199 ], [ 85.43106, 49.56659 ], [ 85.44013, 49.57388 ], [ 85.44522, 49.58575 ], [ 85.4510646, 49.5899044 ], [ 85.453, 49.59128 ], [ 85.479275, 49.5985752 ], [ 85.49143, 49.60195 ], [ 85.5251102, 49.6047829 ], [ 85.5256701, 49.60483 ], [ 85.5267881, 49.604777 ], [ 85.5396, 49.60417 ], [ 85.5516, 49.60359 ], [ 85.57519, 49.60064 ], [ 85.61424, 49.58946 ], [ 85.62419, 49.58224 ], [ 85.6300006, 49.576412 ], [ 85.6375325, 49.5688586 ], [ 85.65129, 49.56118 ], [ 85.6569792, 49.5601239 ], [ 85.67467, 49.55684 ], [ 85.6923, 49.55696 ], [ 85.7065, 49.56011 ], [ 85.7109516, 49.5610974 ], [ 85.71696, 49.56243 ], [ 85.734575, 49.5663274 ], [ 85.75375, 49.57057 ], [ 85.76814, 49.57018 ], [ 85.78614, 49.56522 ], [ 85.8089732, 49.555619 ], [ 85.82676, 49.54814 ], [ 85.8331188, 49.5479391 ], [ 85.8429, 49.54763 ], [ 85.8791307, 49.5520878 ], [ 85.88687, 49.55304 ], [ 85.8926532, 49.5537488 ], [ 85.89813, 49.55442 ], [ 85.9149817, 49.5543243 ], [ 85.91927, 49.5543 ], [ 85.9247594, 49.5534443 ], [ 85.93133, 49.55242 ], [ 85.94332, 49.54252 ], [ 85.94361, 49.53218 ], [ 85.937518, 49.520263799999988 ], [ 85.92996, 49.50548 ], [ 85.92966, 49.50091 ], [ 85.93514, 49.49737 ], [ 85.9391066, 49.4967072 ], [ 85.95028, 49.49484 ], [ 85.9723, 49.48639 ], [ 85.97967, 49.48617 ], [ 85.98425, 49.48889 ], [ 86.01199, 49.50531 ], [ 86.0237488, 49.5094017 ], [ 86.03386, 49.51292 ], [ 86.0517298, 49.5161748 ], [ 86.06208, 49.51806 ], [ 86.0837266, 49.5184813 ], [ 86.08469, 49.5185 ], [ 86.0894834, 49.5180983 ], [ 86.1055694, 49.5167501 ], [ 86.11466, 49.51137 ], [ 86.1200948, 49.5032269 ], [ 86.12361, 49.49796 ], [ 86.13644, 49.48556 ], [ 86.1398743, 49.4822364 ], [ 86.1606279, 49.462152 ], [ 86.1647867, 49.4616737 ], [ 86.16927, 49.46116 ], [ 86.19263, 49.47162 ], [ 86.203299199999989, 49.4806056 ], [ 86.20429, 49.4814401 ], [ 86.203, 49.48703 ], [ 86.2007467, 49.4902933 ], [ 86.19372, 49.50047 ], [ 86.1928084, 49.5034975 ], [ 86.19182, 49.50678 ], [ 86.1930707, 49.5109371 ], [ 86.19392, 49.51376 ], [ 86.20172, 49.5213 ], [ 86.22057, 49.53416 ], [ 86.2236636, 49.5362708 ], [ 86.22759, 49.53895 ], [ 86.2313399, 49.5436699 ], [ 86.2354, 49.54878 ], [ 86.2357755, 49.5513249 ], [ 86.23634, 49.55515 ], [ 86.2329978, 49.5742823 ], [ 86.23253, 49.57696 ], [ 86.2333528, 49.5777629 ], [ 86.23872, 49.583 ], [ 86.2500201, 49.58779 ], [ 86.2998, 49.59496 ], [ 86.32011, 49.6033 ], [ 86.34188, 49.6077 ], [ 86.35981, 49.61132 ], [ 86.3667349, 49.6144695 ], [ 86.37043, 49.61615 ], [ 86.37768, 49.62211 ], [ 86.410258, 49.6331806 ], [ 86.4265, 49.6387 ], [ 86.47002, 49.67582 ], [ 86.4703084, 49.6777273 ], [ 86.47033, 49.67787 ], [ 86.476821199999989, 49.6837623 ], [ 86.48637, 49.69243 ], [ 86.4919287, 49.6954785 ], [ 86.49835, 49.699 ], [ 86.53207, 49.71103 ], [ 86.5422, 49.71702 ], [ 86.5628403, 49.73816 ], [ 86.58533, 49.7415 ], [ 86.5888209, 49.7429498 ], [ 86.59631, 49.74606 ], [ 86.6066291, 49.7541673 ], [ 86.60844, 49.75559 ], [ 86.60912, 49.75638 ], [ 86.6236099, 49.7731805 ], [ 86.6231378, 49.7747555 ], [ 86.62129, 49.78092 ], [ 86.60819, 49.79005 ], [ 86.6070811, 49.7957355 ], [ 86.60701, 49.7961 ], [ 86.61384, 49.80346 ], [ 86.6224022, 49.805009 ], [ 86.62589, 49.80564 ], [ 86.64295, 49.80588 ], [ 86.70049, 49.80411 ], [ 86.7051988, 49.8034935 ], [ 86.71126, 49.8027 ], [ 86.7139737, 49.8027134 ], [ 86.72338, 49.80276 ], [ 86.80322, 49.80315 ], [ 86.8047117, 49.7984368 ], [ 86.8060388, 49.7942385 ], [ 86.7818442, 49.7619852 ], [ 86.76767, 49.74309 ], [ 86.76667, 49.7351 ], [ 86.76642, 49.73307 ], [ 86.7689, 49.72647 ], [ 86.7834175, 49.7110186 ], [ 86.75388, 49.69464 ], [ 86.7490155, 49.6928501 ], [ 86.69901, 49.67445 ], [ 86.68845, 49.677 ], [ 86.6870507, 49.6776972 ], [ 86.67992, 49.68125 ], [ 86.6719005, 49.6807864 ], [ 86.66885, 49.68061 ], [ 86.6620249, 49.6753784 ], [ 86.6578, 49.67214 ], [ 86.639369, 49.6579906 ], [ 86.63223, 49.65251 ], [ 86.62163, 49.64128 ], [ 86.618, 49.63165 ], [ 86.61976, 49.61362 ], [ 86.6232889, 49.6038319 ], [ 86.62714, 49.59315 ], [ 86.63416, 49.58166 ], [ 86.6492908, 49.5700897 ], [ 86.6499727, 49.5697862 ], [ 86.6572, 49.56657 ], [ 86.66315, 49.56747 ], [ 86.6750939, 49.5692724 ], [ 86.68144, 49.57023 ], [ 86.70963, 49.57224 ], [ 86.7322025, 49.5638 ], [ 86.7336208, 49.5632698 ], [ 86.79604, 49.54755 ], [ 86.8003468, 49.5450414 ], [ 86.801859, 49.5441606 ], [ 86.804268, 49.5394087 ], [ 86.7956266, 49.5337312 ], [ 86.7849423, 49.5267115 ], [ 86.7873633, 49.5245315 ], [ 86.78989, 49.52226 ], [ 86.79265, 49.51976 ], [ 86.8023622, 49.516276 ], [ 86.81799, 49.51067 ], [ 86.82357, 49.50593 ], [ 86.82343, 49.49629 ], [ 86.80756, 49.47212 ], [ 86.80737, 49.45996 ], [ 86.8093795, 49.456377 ], [ 86.81313, 49.44969 ], [ 86.82145, 49.44453 ], [ 86.8515494, 49.4340671 ], [ 86.86371, 49.42984 ], [ 86.8721593, 49.4269004 ], [ 86.90878, 49.41416 ], [ 86.9111755, 49.4098051 ], [ 86.91312, 49.40627 ], [ 86.91659, 49.38651 ], [ 86.91612, 49.37276 ], [ 86.90289, 49.36059 ], [ 86.9025159, 49.3564155 ], [ 86.9020101, 49.3507709 ], [ 86.9119646, 49.3437984 ], [ 86.92567, 49.3342 ], [ 86.9271096, 49.3325763 ], [ 86.92786, 49.33173 ], [ 86.93131, 49.32783 ], [ 86.932395, 49.3245265 ], [ 86.93625, 49.31279 ], [ 86.9397818, 49.3071233 ], [ 86.94209, 49.30342 ], [ 86.9515932, 49.2978626 ], [ 86.9523495, 49.2974203 ], [ 86.96616, 49.29599 ], [ 86.98164, 49.29835 ], [ 87.0008494, 49.29769 ], [ 87.0019783, 49.2968708 ], [ 87.0068, 49.29337 ], [ 87.02939, 49.26421 ], [ 87.0372815, 49.2567597 ], [ 87.04712, 49.25469 ], [ 87.07754, 49.2562 ], [ 87.0918, 49.25541 ], [ 87.0989848, 49.253515199999988 ], [ 87.1133, 49.24974 ], [ 87.1543469, 49.2511414 ], [ 87.17188, 49.25174 ], [ 87.1747664, 49.2511172 ], [ 87.18949, 49.24794 ], [ 87.23048, 49.23297 ], [ 87.2319252, 49.232442899999988 ], [ 87.23972, 49.2296 ], [ 87.2619867, 49.219399599999988 ], [ 87.26836, 49.21648 ], [ 87.27902, 49.20697 ], [ 87.28198, 49.2017 ], [ 87.29389, 49.16038 ], [ 87.30877, 49.1254 ], [ 87.310632, 49.1210299 ], [ 87.31266, 49.11627 ], [ 87.31258, 49.0996917 ], [ 87.29648, 49.10137 ], [ 87.2841307, 49.1076664 ], [ 87.2691, 49.11533 ], [ 87.2605088, 49.1164318 ], [ 87.25678, 49.11691 ], [ 87.22172, 49.11441 ], [ 87.1920896, 49.1338862 ], [ 87.1914599, 49.1343 ], [ 87.16793, 49.1422 ], [ 87.15848, 49.14465 ], [ 87.134701400000012, 49.1507996 ], [ 87.130860900000016, 49.1499053 ], [ 87.11359, 49.14588 ], [ 87.0693594, 49.1285724 ], [ 87.06644, 49.12743 ], [ 87.0505732, 49.1226374 ], [ 86.98599, 49.10313 ], [ 86.9788139, 49.101996 ], [ 86.96903, 49.10045 ], [ 86.9580429, 49.0998761 ], [ 86.9451, 49.0992 ], [ 86.92318, 49.09981 ], [ 86.9158895, 49.1016208 ], [ 86.9154502, 49.10173 ], [ 86.88605, 49.11457 ], [ 86.8788834, 49.11461 ], [ 86.87173, 49.11465 ], [ 86.86476, 49.1126 ], [ 86.8552, 49.10752 ], [ 86.84505, 49.0965 ], [ 86.8428949, 49.092208 ], [ 86.84148, 49.08939 ], [ 86.84107, 49.0715 ], [ 86.83866, 49.06563 ], [ 86.83649, 49.06033 ], [ 86.8339767, 49.0568759 ], [ 86.82933, 49.05049 ], [ 86.8124025, 49.0412854 ], [ 86.80831, 49.03906 ], [ 86.76439, 49.02392 ], [ 86.7589847, 49.0213409 ], [ 86.75345, 49.0187 ], [ 86.7462742, 49.0128635 ], [ 86.73025, 48.99983 ], [ 86.7240033, 48.9916675 ], [ 86.7232399, 48.9906694 ], [ 86.72017, 48.97778 ], [ 86.72022, 48.97558 ], [ 86.7203759, 48.968089299999988 ], [ 86.7205, 48.96213 ], [ 86.7336, 48.91462 ], [ 86.7389, 48.90621 ], [ 86.7407169, 48.9049001 ], [ 86.7463063, 48.9008702 ], [ 86.75578, 48.89404 ], [ 86.768, 48.88769 ], [ 86.7708063, 48.884714 ], [ 86.77329, 48.88208 ], [ 86.7771204, 48.8756478 ], [ 86.7785897, 48.8731804 ], [ 86.7916868, 48.8673785 ], [ 86.7951601, 48.8658399 ], [ 86.81044, 48.85031 ], [ 86.8104569, 48.8502451 ], [ 86.81239, 48.84283 ], [ 86.81116, 48.82844 ], [ 86.8061075, 48.8243656 ], [ 86.80119, 48.8204 ], [ 86.786247, 48.814602 ], [ 86.769, 48.80791 ], [ 86.75914, 48.80262 ], [ 86.75195, 48.79439 ], [ 86.74676, 48.78119 ], [ 86.7466573, 48.7760066 ], [ 86.74661, 48.77362 ], [ 86.75262, 48.76365 ], [ 86.7596771, 48.757303 ], [ 86.76544, 48.75212 ], [ 86.76949, 48.74472 ], [ 86.7701205, 48.7337588 ], [ 86.77014, 48.73342 ], [ 86.76307, 48.71485 ], [ 86.7515817, 48.7028935 ], [ 86.74982, 48.70106 ], [ 86.7486562, 48.7001816 ], [ 86.72192, 48.68 ], [ 86.718009400000014, 48.6778117 ], [ 86.70144, 48.66854 ], [ 86.69847, 48.6646125 ], [ 86.69533, 48.66046 ], [ 86.6948, 48.65871 ], [ 86.6916298, 48.6482987 ], [ 86.6904, 48.64426 ], [ 86.68541, 48.63886 ], [ 86.680849, 48.6364682 ], [ 86.67147, 48.63155 ], [ 86.6513203, 48.6291848 ], [ 86.64293, 48.6282 ], [ 86.6377281, 48.6261228 ], [ 86.6340897, 48.6246693 ], [ 86.6256159, 48.6043833 ], [ 86.6215, 48.59453 ], [ 86.6184465, 48.5940691 ], [ 86.61726, 48.59389 ], [ 86.6121, 48.58735 ], [ 86.6033356, 48.5805531 ], [ 86.6022999, 48.5797497 ], [ 86.60029, 48.57547 ], [ 86.59131, 48.54628 ], [ 86.588620100000014, 48.5430833 ], [ 86.58855, 48.543 ], [ 86.5874516, 48.5425711 ], [ 86.58476, 48.54152 ], [ 86.54153, 48.53664 ], [ 86.44818, 48.49906 ], [ 86.440560499999989, 48.4967412 ], [ 86.43336, 48.49455 ], [ 86.41888, 48.49688 ], [ 86.38975, 48.50982 ], [ 86.37946, 48.50797 ], [ 86.3767434, 48.506918 ], [ 86.36629, 48.50287 ], [ 86.31805, 48.50098 ], [ 86.31222, 48.49884 ], [ 86.29701, 48.48217 ], [ 86.28322, 48.47275 ], [ 86.2775112, 48.466428 ], [ 86.2754, 48.46409 ], [ 86.26862, 48.46017 ], [ 86.24919, 48.45455 ], [ 86.2377436, 48.4466533 ], [ 86.22852, 48.44029 ], [ 86.2254357, 48.4392379 ], [ 86.21439, 48.43547 ], [ 86.16481, 48.43567 ], [ 86.138330200000013, 48.4383576 ], [ 86.09328, 48.44293 ], [ 86.062150699999989, 48.4460753 ], [ 86.05003, 48.4473 ], [ 86.01484, 48.44928 ], [ 85.99712, 48.4458 ], [ 85.96574, 48.43079 ], [ 85.95045, 48.4322 ], [ 85.9368923, 48.4358945 ], [ 85.92656, 48.43871 ], [ 85.916533199999989, 48.4391164 ], [ 85.9159496, 48.4391399 ], [ 85.91538, 48.43898 ], [ 85.8748, 48.42791 ], [ 85.8662009, 48.4278672 ], [ 85.85068, 48.42779 ], [ 85.83936, 48.4255 ], [ 85.8171, 48.41379 ], [ 85.8105128, 48.4120065 ], [ 85.80602, 48.41079 ], [ 85.803617, 48.4090324 ], [ 85.79392, 48.40194 ], [ 85.7499663, 48.3786814 ], [ 85.73545, 48.371 ], [ 85.7339081, 48.3694614 ], [ 85.73068, 48.36624 ], [ 85.7208162, 48.3522233 ], [ 85.70947, 48.3361 ], [ 85.705057, 48.3321331 ], [ 85.70205, 48.32943 ], [ 85.69885, 48.31755 ], [ 85.6990156, 48.3138468 ], [ 85.69964, 48.29988 ], [ 85.6987028, 48.2961441 ], [ 85.69743, 48.29107 ], [ 85.64388, 48.20033 ], [ 85.64289, 48.19912 ], [ 85.6296513, 48.1828623 ], [ 85.61487, 48.16471 ], [ 85.6104, 48.15673 ], [ 85.608298499999989, 48.1394155 ], [ 85.60626, 48.12262 ], [ 85.6066489, 48.1100354 ], [ 85.61205, 48.08333 ], [ 85.61032, 48.07945 ], [ 85.60671, 48.07128 ], [ 85.59607, 48.05794 ], [ 85.594689, 48.0549497 ], [ 85.59226, 48.04969 ], [ 85.5892672, 48.0325628 ], [ 85.5885424, 48.028415 ], [ 85.58822, 48.02657 ], [ 85.56686, 48.0 ], [ 85.55823, 47.99096 ], [ 85.55144, 47.97973 ], [ 85.54771, 47.97356 ], [ 85.5439244, 47.9600843 ], [ 85.54244, 47.9548 ], [ 85.5420887, 47.9483763 ], [ 85.5416, 47.93944 ], [ 85.5487267, 47.9136383 ], [ 85.55277, 47.899 ], [ 85.56142, 47.85619 ], [ 85.5625614, 47.8505363 ], [ 85.5639168, 47.8438222 ], [ 85.5655, 47.83598 ], [ 85.59272, 47.74958 ], [ 85.5925144, 47.7457825 ], [ 85.59236, 47.74293 ], [ 85.59496, 47.73299 ], [ 85.5977076, 47.7225202 ], [ 85.60214, 47.70563 ], [ 85.60133, 47.68637 ], [ 85.60637, 47.66257 ], [ 85.61683, 47.63192 ], [ 85.617173, 47.6300282 ], [ 85.62096, 47.60914 ], [ 85.6211949, 47.6078816 ], [ 85.6212397, 47.6076388 ], [ 85.6033, 47.52857 ], [ 85.6035002, 47.5196597 ], [ 85.6218, 47.48682 ], [ 85.6288467, 47.474146 ], [ 85.63992, 47.45423 ], [ 85.6509375, 47.442385 ], [ 85.66628, 47.42589 ], [ 85.6771767, 47.4180076 ], [ 85.68656, 47.41122 ], [ 85.6983, 47.39778 ], [ 85.702637, 47.3887006 ], [ 85.70547, 47.38277 ], [ 85.70679, 47.37717 ], [ 85.70718, 47.37551 ], [ 85.69797, 47.35222 ], [ 85.69086, 47.32467 ], [ 85.69334, 47.31288 ], [ 85.70283, 47.29453 ], [ 85.7035596, 47.279919 ], [ 85.7022715, 47.2765299 ], [ 85.69524, 47.25803 ], [ 85.69543, 47.25484 ], [ 85.69684, 47.23086 ], [ 85.69489, 47.22322 ], [ 85.6916479, 47.2193955 ], [ 85.69066, 47.21823 ], [ 85.6827597, 47.2141534 ], [ 85.67754, 47.21146 ], [ 85.6674, 47.20872 ], [ 85.64302, 47.2074 ], [ 85.62613, 47.20847 ], [ 85.5978, 47.20628 ], [ 85.58882, 47.20198 ], [ 85.5856863, 47.1991032 ], [ 85.5765, 47.19067 ], [ 85.56758, 47.16531 ], [ 85.56242, 47.13576 ], [ 85.55558, 47.12355 ], [ 85.5459901, 47.1123209 ], [ 85.5360406, 47.1006707 ], [ 85.5333701, 47.0939041 ], [ 85.5328203, 47.0925107 ], [ 85.53077, 47.07058 ], [ 85.52972, 47.0594 ], [ 85.50865, 47.05912 ], [ 85.4957488, 47.0606993 ], [ 85.4878021, 47.0616722 ], [ 85.47475, 47.06327 ], [ 85.44579, 47.0649 ], [ 85.42887, 47.0632 ], [ 85.41113, 47.05985 ], [ 85.4028334, 47.0574188 ], [ 85.39161, 47.05413 ], [ 85.3829621, 47.0534902 ], [ 85.3674, 47.05881 ], [ 85.3618, 47.06073 ], [ 85.3578062, 47.0607818 ], [ 85.35409, 47.06083 ], [ 85.3496612, 47.06004 ], [ 85.348822, 47.0598904 ], [ 85.3378778, 47.0530683 ], [ 85.33371, 47.05047 ], [ 85.3227, 47.04674 ], [ 85.29859, 47.05979 ], [ 85.2947814, 47.0609953 ], [ 85.29167, 47.06198 ], [ 85.27277, 47.06016 ], [ 85.2613417, 47.0570381 ], [ 85.25648, 47.05571 ], [ 85.2232, 47.05364 ], [ 85.2217984, 47.0528116 ], [ 85.21941, 47.0514 ], [ 85.21196, 47.04004 ], [ 85.2079148, 47.0338697 ], [ 85.19024, 47.00691 ], [ 85.18308, 47.00176 ], [ 85.16492, 46.99308 ], [ 85.14138, 46.98459 ], [ 85.135321, 46.9816456 ], [ 85.09049, 46.95986 ], [ 85.08509, 46.95496 ], [ 85.0845111, 46.9544379 ], [ 85.08407, 46.95404 ], [ 85.07764, 46.93906 ], [ 85.06992, 46.93318 ], [ 85.0627387, 46.9301504 ], [ 85.05328, 46.92616 ], [ 85.0443822, 46.9243969 ], [ 85.04248, 46.92402 ], [ 85.032590500000012, 46.9242294 ], [ 85.01367, 46.92463 ], [ 85.00242, 46.9236 ], [ 85.000783, 46.923228 ], [ 85.0, 46.92305 ], [ 84.9862338, 46.9198559 ], [ 84.9822, 46.91892 ], [ 84.9811747, 46.9182213 ], [ 84.97567, 46.91447 ], [ 84.9745136, 46.9125823 ], [ 84.96857, 46.90288 ], [ 84.9680195, 46.896679399999989 ], [ 84.9669, 46.88407 ], [ 84.96616, 46.87572 ], [ 84.9625908, 46.8716409 ], [ 84.9520606, 46.8675802 ], [ 84.91741, 46.85422 ], [ 84.90755, 46.8528 ], [ 84.88312, 46.85635 ], [ 84.8783413, 46.8557325 ], [ 84.87128, 46.85482 ], [ 84.85939, 46.85054 ], [ 84.8446449, 46.8423403 ], [ 84.82668, 46.83235 ], [ 84.8231483, 46.8313836 ], [ 84.8178, 46.82992 ], [ 84.8111626, 46.8281108 ], [ 84.80595, 46.82669 ], [ 84.8005761, 46.8271689 ], [ 84.7978695, 46.8274106 ], [ 84.7972047, 46.828273 ], [ 84.79006, 46.83754 ], [ 84.78552, 46.83937 ], [ 84.7782365, 46.8383233 ], [ 84.76548, 46.83649 ], [ 84.750266599999989, 46.8366746 ], [ 84.74075, 46.83679 ], [ 84.7271022, 46.8358199 ], [ 84.70333, 46.83413 ], [ 84.7003799, 46.8352182 ], [ 84.69845, 46.83593 ], [ 84.69533, 46.83989 ], [ 84.6966552, 46.8420143 ], [ 84.69873, 46.84534 ], [ 84.7195697, 46.852163 ], [ 84.72964, 46.85546 ], [ 84.7300198, 46.855675299999987 ], [ 84.73151, 46.85652 ], [ 84.73717, 46.85975 ], [ 84.7395398, 46.8625043 ], [ 84.7413, 46.86455 ], [ 84.7493811, 46.8817037 ], [ 84.7499391, 46.8828882 ], [ 84.7564, 46.89079 ], [ 84.7661395, 46.8954224 ], [ 84.7802, 46.90211 ], [ 84.7858491, 46.9083705 ], [ 84.77412, 46.91463 ], [ 84.7724447, 46.9165491 ], [ 84.77144, 46.9177 ], [ 84.7715165, 46.9180986 ], [ 84.77313, 46.9265 ], [ 84.76965, 46.93365 ], [ 84.76102, 46.93618 ], [ 84.7538383, 46.9366137 ], [ 84.7509188, 46.9367909 ], [ 84.748105, 46.9387903 ], [ 84.74401, 46.9417 ], [ 84.7436326, 46.9474115 ], [ 84.74341, 46.95078 ], [ 84.74307, 46.95609 ], [ 84.7369209, 46.9646399 ], [ 84.73513, 46.96713 ], [ 84.72111, 46.97578 ], [ 84.70473, 46.99623 ], [ 84.68604, 47.00464 ], [ 84.6775999, 47.0047201 ], [ 84.66392, 47.00485 ], [ 84.6470322, 47.0000059 ], [ 84.63345, 46.99611 ], [ 84.6243372, 46.9961368 ], [ 84.61302, 46.99617 ], [ 84.6097997, 46.996561299999989 ], [ 84.60619, 46.997 ], [ 84.6057228, 46.997062 ], [ 84.60521, 46.99713 ], [ 84.6013084, 46.9987779 ], [ 84.59993, 46.99936 ], [ 84.5780102, 46.9970261 ], [ 84.5695011, 46.9961201 ], [ 84.5637103, 46.99695 ], [ 84.5625472, 46.9956388 ], [ 84.55987, 46.99262 ], [ 84.5076814, 46.9780169 ], [ 84.50702, 46.97783 ], [ 84.4836644, 46.9827033 ], [ 84.46173, 46.98728 ], [ 84.4575994, 46.991857 ], [ 84.44711, 47.00348 ], [ 84.4459598, 47.0047591 ], [ 84.44479, 47.00606 ], [ 84.4369215, 47.0095086 ], [ 84.43596, 47.00993 ], [ 84.4292, 47.01047 ], [ 84.4279584, 47.0105324 ], [ 84.42044, 47.01091 ], [ 84.40182, 47.0069 ], [ 84.38908, 47.00138 ], [ 84.37282, 46.99727 ], [ 84.3362, 47.00394 ], [ 84.31252, 47.00032 ], [ 84.27346, 47.00005 ], [ 84.217542, 46.9996305 ], [ 84.21481, 46.99961 ], [ 84.19724, 46.99815 ], [ 84.1951553, 46.997696 ], [ 84.18158, 46.99474 ], [ 84.1664, 46.9902 ], [ 84.1654885, 46.9895717 ], [ 84.16022, 46.98594 ], [ 84.1564748, 46.9844755 ], [ 84.15063, 46.98219 ], [ 84.1307493, 46.9774283 ], [ 84.12917, 46.97705 ], [ 84.1246374, 46.9762451 ], [ 84.09848, 46.9716 ], [ 84.05841, 46.96447 ], [ 84.0447516, 46.9650653 ], [ 84.03822, 46.96535 ], [ 84.01668, 46.97418 ], [ 84.0048716, 46.9817441 ], [ 83.99011, 46.9912 ], [ 83.9790899, 46.9947377 ], [ 83.97684, 46.99546 ], [ 83.9652, 46.99477 ], [ 83.93611, 46.99695 ], [ 83.9340086, 46.9959626 ], [ 83.93213, 46.99508 ], [ 83.9300937, 46.9941158 ], [ 83.92949, 46.99383 ], [ 83.9094, 46.99628 ], [ 83.9000056, 46.9982478 ], [ 83.88806, 47.00075 ], [ 83.87512, 47.00755 ], [ 83.865568, 47.0103966 ], [ 83.85143, 47.01461 ], [ 83.76097, 47.0298 ], [ 83.75855, 47.02972 ], [ 83.7278442, 47.0287108 ], [ 83.71991, 47.02845 ], [ 83.7161419, 47.0287853 ], [ 83.70159, 47.03008 ], [ 83.6579734, 47.0426259 ], [ 83.64374, 47.04672 ], [ 83.6136724, 47.0522711 ], [ 83.5884565, 47.056926499999989 ], [ 83.5821, 47.0581 ], [ 83.58046, 47.0584 ], [ 83.55531, 47.06831 ], [ 83.51972, 47.09591 ], [ 83.48447, 47.11824 ], [ 83.45809, 47.13195 ], [ 83.44116, 47.12758 ], [ 83.41687, 47.12131 ], [ 83.4089991, 47.1224206 ], [ 83.4060908, 47.1245825 ], [ 83.39478, 47.13299 ], [ 83.3688997, 47.1589798 ], [ 83.3569679, 47.1709611 ], [ 83.3559449, 47.1715034 ], [ 83.35116, 47.17404 ], [ 83.34348, 47.17607 ], [ 83.3351057, 47.1762477 ], [ 83.29729, 47.17705 ], [ 83.2629739, 47.1777756 ], [ 83.24432, 47.17817 ], [ 83.23374, 47.18162 ], [ 83.2047, 47.20153 ], [ 83.2029431, 47.2031809 ], [ 83.18415, 47.22084 ], [ 83.17467, 47.22366 ], [ 83.1601569, 47.2238756 ], [ 83.1494231, 47.224035 ], [ 83.14168, 47.22415 ], [ 83.11462, 47.22454 ], [ 83.1122547, 47.2247512 ], [ 83.09245, 47.22652 ], [ 83.07577, 47.22542 ], [ 83.0742995, 47.2252192 ], [ 83.05299, 47.22231 ], [ 83.0424, 47.21862 ], [ 83.03088, 47.21212 ], [ 83.0270341, 47.2027896 ], [ 83.0229, 47.19276 ], [ 83.0198515, 47.1761618 ], [ 83.0197579, 47.175652199999988 ], [ 83.01811, 47.16668 ], [ 83.0136328, 47.1421611 ], [ 83.00539, 47.09702 ], [ 83.004083799999989, 47.093325 ], [ 83.00323, 47.09091 ], [ 83.0016102, 47.0904637 ], [ 83.0, 47.09002 ], [ 83.0, 47.07579 ], [ 82.99386, 47.05618 ], [ 82.9807725, 47.032319 ], [ 82.97989, 47.03071 ], [ 82.97523, 47.0262 ], [ 82.9661905, 47.0215102 ], [ 82.93643, 47.01244 ], [ 82.9331502, 47.0057704 ], [ 82.93345, 46.99589 ], [ 82.93034, 46.98554 ], [ 82.9271356, 46.9775051 ], [ 82.92496, 46.97205 ], [ 82.9222623, 46.9653074 ], [ 82.91649, 46.95088 ], [ 82.916043, 46.9382097 ], [ 82.9160299, 46.9378397 ], [ 82.9110956, 46.9264721 ], [ 82.90915, 46.92199 ], [ 82.90308, 46.91436 ], [ 82.90023, 46.901 ], [ 82.8945724, 46.8904056 ], [ 82.89301, 46.88748 ], [ 82.89015, 46.87643 ], [ 82.87374, 46.85269 ], [ 82.8351, 46.79671 ], [ 82.8185, 46.76566 ], [ 82.80731, 46.74963 ], [ 82.80239, 46.73725 ], [ 82.79008, 46.70623 ], [ 82.774884, 46.6289991 ], [ 82.77198, 46.61424 ], [ 82.77165, 46.61361 ], [ 82.7706046, 46.6115827 ], [ 82.76522, 46.60114 ], [ 82.76446, 46.59063 ], [ 82.75579, 46.56572 ], [ 82.75151, 46.55865 ], [ 82.7515415, 46.5569312 ], [ 82.75159, 46.55428 ], [ 82.73903, 46.51768 ], [ 82.7294769, 46.4994681 ], [ 82.72589, 46.49263 ], [ 82.7240277, 46.489077099999989 ], [ 82.72296, 46.48704 ], [ 82.7205675, 46.4841695 ], [ 82.71425, 46.47659 ], [ 82.6939566, 46.4429909 ], [ 82.68062, 46.42091 ], [ 82.66049, 46.39167 ], [ 82.6523279, 46.3813055 ], [ 82.65015, 46.37854 ], [ 82.634615, 46.3588021 ], [ 82.6314093, 46.3547289 ], [ 82.6292697, 46.3514278 ], [ 82.6085427, 46.3194525 ], [ 82.59401, 46.30454 ], [ 82.58013, 46.2841435 ], [ 82.5784395, 46.281659 ], [ 82.56995, 46.26611 ], [ 82.5599614, 46.2478196 ], [ 82.55106, 46.23152 ], [ 82.5489408, 46.2238433 ], [ 82.5485692, 46.2224984 ], [ 82.52903, 46.18402 ], [ 82.52053, 46.15151 ], [ 82.5202701, 46.1499479 ], [ 82.51959, 46.14586 ], [ 82.5164384, 46.1269752 ], [ 82.51318, 46.10745 ], [ 82.51273, 46.07329 ], [ 82.50688, 46.03303 ], [ 82.507220100000012, 46.0288952 ], [ 82.5079, 46.02063 ], [ 82.50919, 46.00489 ], [ 82.50444, 45.98338 ], [ 82.473, 45.93325 ], [ 82.4606526, 45.9180351 ], [ 82.44936, 45.90412 ], [ 82.4440906, 45.8976164 ], [ 82.41879, 45.86639 ], [ 82.40987, 45.85042 ], [ 82.39652, 45.81499 ], [ 82.3873559, 45.7964713 ], [ 82.38594, 45.79361 ], [ 82.38277, 45.78804 ], [ 82.37246, 45.76989 ], [ 82.35486, 45.74986 ], [ 82.3497291, 45.7397512 ], [ 82.33441, 45.70957 ], [ 82.32983, 45.7029567 ], [ 82.30952, 45.67363 ], [ 82.30804, 45.67148 ], [ 82.29901, 45.64886 ], [ 82.28912, 45.63248 ], [ 82.2841539, 45.6118949 ], [ 82.27837, 45.58792 ], [ 82.2741409, 45.5764836 ], [ 82.27198, 45.57064 ], [ 82.2718802, 45.5668906 ], [ 82.27162, 45.55712 ], [ 82.2727909, 45.5537577 ], [ 82.27349, 45.55175 ], [ 82.2744334, 45.5490636 ], [ 82.27572, 45.5454 ], [ 82.2800769, 45.5418187 ], [ 82.29173, 45.53225 ], [ 82.33379, 45.51085 ], [ 82.3794205, 45.4947097 ], [ 82.384419200000011, 45.4913594 ], [ 82.40471, 45.47776 ], [ 82.41039, 45.47485 ], [ 82.4153425, 45.4723136 ], [ 82.41697, 45.47148 ], [ 82.42966, 45.46862 ], [ 82.5209075, 45.4555449 ], [ 82.58382, 45.44653 ], [ 82.5868174, 45.4460984 ], [ 82.59014, 45.44562 ], [ 82.59794, 45.4403 ], [ 82.5988419, 45.4389417 ], [ 82.60367, 45.43167 ], [ 82.62878, 45.37632 ], [ 82.63086, 45.35966 ], [ 82.6284757, 45.3535273 ], [ 82.6199, 45.33147 ], [ 82.61866, 45.32829 ], [ 82.59727, 45.26078 ], [ 82.59238, 45.24042 ], [ 82.5924895, 45.2334104 ], [ 82.59252, 45.23146 ], [ 82.5833755, 45.2201052 ], [ 82.57593, 45.21086 ], [ 82.57089, 45.2046 ], [ 82.562678, 45.1964617 ], [ 82.5603253, 45.1941301 ], [ 82.4862, 45.12067 ], [ 82.47796, 45.12211 ], [ 82.4679, 45.12835 ], [ 82.46021, 45.13311 ], [ 82.4516732, 45.1373989 ], [ 82.43306, 45.14675 ], [ 82.4002677, 45.1670219 ], [ 82.35412, 45.19555 ], [ 82.3391494, 45.206653 ], [ 82.33376, 45.21065 ], [ 82.331406500000014, 45.2123974 ], [ 82.32677, 45.21584 ], [ 82.30632, 45.22652 ], [ 82.2862, 45.23189 ], [ 82.25291, 45.236 ], [ 82.2460715, 45.235638 ], [ 82.24082, 45.23536 ], [ 82.2079761, 45.2300322 ], [ 82.1719, 45.22418 ], [ 82.1686086, 45.2232454 ], [ 82.16785, 45.22303 ], [ 82.1596912, 45.220722 ], [ 82.1144, 45.20791 ], [ 82.1004105, 45.202334699999987 ], [ 82.08986, 45.19813 ], [ 82.06672, 45.18643 ], [ 82.0601178, 45.1825251 ], [ 82.03042, 45.16496 ], [ 82.02105, 45.1652799 ], [ 82.0203, 45.16165 ], [ 82.0194148, 45.16142 ], [ 82.01853, 45.16119 ], [ 82.00824, 45.15847 ], [ 81.9988965, 45.1584177 ], [ 81.98682, 45.15835 ], [ 81.9807, 45.15596 ], [ 81.9623903, 45.1575 ], [ 81.95453, 45.15682 ], [ 81.9407616, 45.1611894 ], [ 81.93326, 45.16357 ], [ 81.9277978, 45.1671264 ], [ 81.9251218, 45.1688688 ], [ 81.90736, 45.2057 ], [ 81.8977117, 45.2092494 ], [ 81.8953753, 45.209384199999988 ], [ 81.88675, 45.20988 ], [ 81.886, 45.20962 ], [ 81.872585, 45.2049964 ], [ 81.86511, 45.20242 ], [ 81.8443, 45.19927 ], [ 81.82784, 45.19999 ], [ 81.81834, 45.20489 ], [ 81.8138398, 45.2149259 ], [ 81.81369, 45.21526 ], [ 81.81403, 45.2352 ], [ 81.813385, 45.2378791 ], [ 81.81162, 45.24521 ], [ 81.80041, 45.26076 ], [ 81.80002, 45.27432 ], [ 81.799384, 45.2750541 ], [ 81.79827, 45.27634 ], [ 81.797847, 45.2768322 ], [ 81.7977214, 45.2769784 ], [ 81.7944872, 45.2870944 ], [ 81.78816, 45.30689 ], [ 81.7869004, 45.307934 ], [ 81.78103, 45.3128 ], [ 81.75707, 45.3222 ], [ 81.7540805, 45.3244309 ], [ 81.75108, 45.32667 ], [ 81.74183, 45.34257 ], [ 81.7335195, 45.3488416 ], [ 81.7316409, 45.3502594 ], [ 81.7144554, 45.3569459 ], [ 81.69013, 45.36641 ], [ 81.6900042, 45.3664603 ], [ 81.68958, 45.36663 ], [ 81.6814168, 45.3598306 ], [ 81.68132, 45.35975 ], [ 81.6812435, 45.3595749 ], [ 81.67956, 45.35572 ], [ 81.67298, 45.35219 ], [ 81.6709451, 45.3516251 ], [ 81.65922, 45.34837 ], [ 81.646798, 45.3513415 ], [ 81.63418, 45.35436 ], [ 81.6299497, 45.3541013 ], [ 81.62633, 45.35388 ], [ 81.5983091, 45.3382392 ], [ 81.57812, 45.32697 ], [ 81.57208, 45.3195 ], [ 81.57314, 45.3144 ], [ 81.5638803, 45.3071102 ], [ 81.562553600000015, 45.3065409 ], [ 81.5606232, 45.3057126 ], [ 81.5581, 45.30463 ], [ 81.5553503, 45.3034501 ], [ 81.53525, 45.30387 ], [ 81.5267911, 45.3008904 ], [ 81.5118905, 45.2865705 ], [ 81.507911, 45.2853874 ], [ 81.50082, 45.28328 ], [ 81.4974575, 45.2815637 ], [ 81.48499, 45.2752 ], [ 81.45277, 45.26869 ], [ 81.43531, 45.26941 ], [ 81.4326497, 45.2705805 ], [ 81.42756, 45.27282 ], [ 81.41985, 45.2886 ], [ 81.4155463, 45.2880433 ], [ 81.41498, 45.28797 ], [ 81.414347400000011, 45.2878881 ], [ 81.4135899, 45.2877899 ], [ 81.4134565, 45.287641199999989 ], [ 81.40731, 45.28079 ], [ 81.38905, 45.27421 ], [ 81.37345, 45.25899 ], [ 81.36564, 45.25574 ], [ 81.3597763, 45.2570388 ], [ 81.34248, 45.26087 ], [ 81.3348157, 45.2608511 ], [ 81.3343621, 45.26085 ], [ 81.32337, 45.26739 ], [ 81.31843, 45.26674 ], [ 81.3132903, 45.2642602 ], [ 81.3088809, 45.2596462 ], [ 81.30015, 45.25051 ], [ 81.29295, 45.24699 ], [ 81.2820184, 45.24482 ], [ 81.2805786, 45.244856 ], [ 81.27481, 45.245 ], [ 81.2643712, 45.2452651 ], [ 81.25709, 45.24545 ], [ 81.24333, 45.24113 ], [ 81.22366, 45.2456 ], [ 81.2164209, 45.2384109 ], [ 81.2059805, 45.2361103 ], [ 81.17856, 45.23007 ], [ 81.1766728, 45.228706 ], [ 81.1747, 45.22728 ], [ 81.16807, 45.21341 ], [ 81.16455, 45.21084 ], [ 81.1603448, 45.210087699999988 ], [ 81.15365, 45.20889 ], [ 81.1363798, 45.2150859 ], [ 81.13425, 45.21585 ], [ 81.1341278, 45.2158719 ], [ 81.12633, 45.21727 ], [ 81.113911, 45.2194845 ], [ 81.1125915, 45.2197197 ], [ 81.1054, 45.21917 ], [ 81.1020302, 45.2147591 ], [ 81.1026403, 45.2114662 ], [ 81.1034898, 45.206881 ], [ 81.1026269, 45.2059344 ], [ 81.0991, 45.20207 ], [ 81.0884, 45.19574 ], [ 81.08556, 45.19015 ], [ 81.0858, 45.18303 ], [ 81.08165, 45.17728 ], [ 81.0809482, 45.1769666 ], [ 81.0752, 45.1744 ], [ 81.05453, 45.17522 ], [ 81.04762, 45.1742 ], [ 81.0463713, 45.1734014 ], [ 81.03999, 45.16932 ], [ 81.0227053, 45.1668177 ], [ 81.01533, 45.16575 ], [ 81.0093034, 45.1658829 ], [ 80.99765, 45.16614 ], [ 80.95162, 45.16713 ], [ 80.9207397, 45.1498697 ], [ 80.9079084, 45.138129 ], [ 80.89998, 45.13325 ], [ 80.8951187, 45.1318202 ], [ 80.89063, 45.1305 ], [ 80.87128, 45.13123 ], [ 80.8654413, 45.1293288 ], [ 80.8609, 45.12785 ], [ 80.857598, 45.1278986 ], [ 80.85411, 45.12795 ], [ 80.8462972, 45.1322571 ], [ 80.84368, 45.1337 ], [ 80.83445, 45.13878 ], [ 80.81689, 45.14469 ], [ 80.77416, 45.15158 ], [ 80.75143, 45.15773 ], [ 80.7401352, 45.1657697 ], [ 80.7289807, 45.1737095 ], [ 80.72167, 45.17177 ], [ 80.71884, 45.16595 ], [ 80.7188186, 45.1630039 ], [ 80.71876, 45.15495 ], [ 80.7172006, 45.1522612 ], [ 80.71604, 45.15026 ], [ 80.71055, 45.1467 ], [ 80.6981104, 45.1386066 ], [ 80.69601, 45.13724 ], [ 80.67881, 45.13348 ], [ 80.66406, 45.12478 ], [ 80.6552668, 45.122526 ], [ 80.64748, 45.12053 ], [ 80.6425898, 45.1202763 ], [ 80.6420553, 45.1202486 ], [ 80.62666, 45.11945 ], [ 80.6145311, 45.1140947 ], [ 80.60605, 45.11035 ], [ 80.59784, 45.10913 ], [ 80.5914126, 45.1096238 ], [ 80.58274, 45.11029 ], [ 80.55887, 45.11462 ], [ 80.54912, 45.11412 ], [ 80.54715, 45.11402 ], [ 80.52345, 45.10962 ], [ 80.51312, 45.10987 ], [ 80.50507, 45.11391 ], [ 80.50156, 45.11797 ], [ 80.49313, 45.12134 ], [ 80.4923971, 45.1213297 ], [ 80.48179, 45.12118 ], [ 80.47015, 45.11782 ], [ 80.454087199999989, 45.1080988 ], [ 80.44515, 45.10269 ], [ 80.43975, 45.09309 ], [ 80.434226, 45.0760466 ], [ 80.4338911, 45.0750133 ], [ 80.42709, 45.06776 ], [ 80.4234702, 45.0660872 ], [ 80.42313, 45.06593 ], [ 80.40953, 45.05963 ], [ 80.4079707, 45.058059199999988 ], [ 80.40278, 45.05283 ], [ 80.3945158, 45.0497219 ], [ 80.38103, 45.04465 ], [ 80.3705919, 45.0431266 ], [ 80.36301, 45.04202 ], [ 80.358249, 45.0420559 ], [ 80.35106, 45.04211 ], [ 80.3459708, 45.0434413 ], [ 80.34158, 45.04459 ], [ 80.3334, 45.05069 ], [ 80.32162, 45.06359 ], [ 80.3157, 45.06615 ], [ 80.30799, 45.06672 ], [ 80.3025751, 45.0661513 ], [ 80.29885, 45.06576 ], [ 80.2853604, 45.060836 ], [ 80.27981, 45.05881 ], [ 80.27559, 45.05622 ], [ 80.2697356, 45.052629 ], [ 80.2617, 45.0477 ], [ 80.2579982, 45.0465846 ], [ 80.25639, 45.0461 ], [ 80.2539466, 45.0432334 ], [ 80.25206, 45.04102 ], [ 80.2472258, 45.0388161 ], [ 80.24197, 45.03642 ], [ 80.2358901, 45.0341871 ], [ 80.23195, 45.03274 ], [ 80.2274198, 45.0321657 ], [ 80.21854, 45.03104 ], [ 80.1923312, 45.0291315 ], [ 80.18311, 45.02846 ], [ 80.17477, 45.02928 ], [ 80.14999, 45.04548 ], [ 80.1388, 45.04688 ], [ 80.12026, 45.04407 ], [ 80.1167411, 45.0435453 ], [ 80.11523, 45.04332 ], [ 80.08183, 45.04956 ], [ 80.07743, 45.04723 ], [ 80.0764479, 45.0452987 ], [ 80.07355, 45.0396 ], [ 80.075666, 45.0342225 ], [ 80.07621, 45.03284 ], [ 80.08605, 45.01936 ], [ 80.083020499999989, 45.0103214 ], [ 80.0776318, 45.012446499999989 ], [ 80.06802, 45.01624 ], [ 80.05967, 45.01682 ], [ 80.0583519, 45.0162445 ], [ 80.05296, 45.01389 ], [ 80.04343, 45.00422 ], [ 80.042853, 45.0040567 ], [ 80.03781, 45.00263 ], [ 80.0347195, 45.0001965 ], [ 80.03447, 45.0 ], [ 80.02422, 44.99193 ], [ 80.0, 44.97284 ], [ 79.9978967, 44.9711833 ], [ 79.99529, 44.96913 ], [ 79.9898435, 44.9665827 ], [ 79.97145, 44.95798 ], [ 79.9646384, 44.9561915 ], [ 79.95793, 44.95443 ], [ 79.9455596, 44.9467794 ], [ 79.9471518, 44.9459063 ], [ 79.947332, 44.9456239 ], [ 79.947489500000017, 44.9446005 ], [ 79.9475048, 44.9440126 ], [ 79.9473011, 44.9437398 ], [ 79.9472201, 44.943313 ], [ 79.9467655, 44.9420623 ], [ 79.945453700000016, 44.9410303 ], [ 79.9451435, 44.9404928 ], [ 79.94403, 44.9389857 ], [ 79.9437594, 44.9378222 ], [ 79.9432529, 44.9377163 ], [ 79.9398987, 44.9376999 ], [ 79.9384247, 44.9369242 ], [ 79.9368585, 44.9346063 ], [ 79.9363032, 44.9341543 ], [ 79.9350007, 44.9328597 ], [ 79.9340605, 44.9324263 ], [ 79.932815, 44.9324313 ], [ 79.9305894, 44.9327639 ], [ 79.929535, 44.9330286 ], [ 79.9288103, 44.9327601 ], [ 79.9274783, 44.9318165 ], [ 79.9260661, 44.9316837 ], [ 79.9240443, 44.9316733 ], [ 79.9216319, 44.9305436 ], [ 79.9193416, 44.9293372 ], [ 79.9147838, 44.9273028 ], [ 79.9109335, 44.9277533 ], [ 79.9103124, 44.9279025 ], [ 79.9089573, 44.9282281 ], [ 79.908521600000014, 44.9287296 ], [ 79.907059, 44.9282754 ], [ 79.9047089, 44.9286865 ], [ 79.9042475, 44.9273692 ], [ 79.9034123, 44.9265354 ], [ 79.9026212, 44.9253801 ], [ 79.9026779, 44.924474499999988 ], [ 79.9024243, 44.9242626 ], [ 79.9019477, 44.9240118 ], [ 79.901388, 44.9234133 ], [ 79.90058, 44.923153199999987 ], [ 79.9003463, 44.9229859 ], [ 79.899611299999989, 44.9226095 ], [ 79.8994108, 44.922230399999989 ], [ 79.898789, 44.9218723 ], [ 79.8982666, 44.9214811 ], [ 79.8979747, 44.9211924 ], [ 79.8975914, 44.9206125 ], [ 79.8971848, 44.9203868 ], [ 79.8962335, 44.9196313 ], [ 79.8953982, 44.9192154 ], [ 79.893623, 44.9185434 ], [ 79.8903961, 44.8969964 ], [ 79.90099, 44.89722 ], [ 79.9052926, 44.895877 ], [ 79.90948, 44.89457 ], [ 79.9162043, 44.8898538 ], [ 79.92197, 44.88581 ], [ 79.9301706, 44.8827822 ], [ 79.93386, 44.88142 ], [ 79.9344144, 44.8813694 ], [ 79.93616, 44.88121 ], [ 79.9604001, 44.8789399 ], [ 79.96484, 44.87417 ], [ 79.9697065, 44.8599618 ], [ 79.97081, 44.85674 ], [ 79.9728824, 44.853721 ], [ 79.97972, 44.84376 ], [ 79.9893377, 44.817227 ], [ 79.9894197, 44.8170009 ], [ 79.99815, 44.81205 ], [ 80.0, 44.81123 ], [ 80.01354, 44.80521 ], [ 80.0301514, 44.801327699999987 ], [ 80.03027, 44.8013 ], [ 80.0365583, 44.8007408 ], [ 80.04018, 44.80042 ], [ 80.0554, 44.80161 ], [ 80.08281, 44.80983 ], [ 80.1058992, 44.80884 ], [ 80.1062766, 44.808922699999989 ], [ 80.11114, 44.80999 ], [ 80.12463, 44.8172 ], [ 80.14347, 44.83036 ], [ 80.153078, 44.8306069 ], [ 80.1567, 44.8307 ], [ 80.1569249, 44.8306686 ], [ 80.15756, 44.83058 ], [ 80.16624, 44.82937 ], [ 80.167807, 44.8289964 ], [ 80.18864, 44.82403 ], [ 80.21847, 44.82272 ], [ 80.2200176, 44.8232438 ], [ 80.23407, 44.828 ], [ 80.2466706, 44.8395802 ], [ 80.2519485, 44.8412564 ], [ 80.2542917, 44.842 ], [ 80.26785, 44.84231 ], [ 80.2737676, 44.841004 ], [ 80.27954, 44.83973 ], [ 80.29069, 44.83465 ], [ 80.2943553, 44.8280402 ], [ 80.29486, 44.82713 ], [ 80.28821, 44.81757 ], [ 80.28896, 44.81557 ], [ 80.28926, 44.81477 ], [ 80.2930748, 44.8132486 ], [ 80.29766, 44.81142 ], [ 80.30906, 44.81297 ], [ 80.3127104, 44.8143589 ], [ 80.33006, 44.82096 ], [ 80.339880900000011, 44.820309 ], [ 80.3406201, 44.820259899999989 ], [ 80.34971, 44.81022 ], [ 80.3545, 44.799 ], [ 80.3584753, 44.7941145 ], [ 80.36437, 44.78687 ], [ 80.3703131, 44.7832456 ], [ 80.37534, 44.78018 ], [ 80.39908, 44.77222 ], [ 80.40303, 44.76952 ], [ 80.42293, 44.76517 ], [ 80.42827, 44.76401 ], [ 80.4350106, 44.7616358 ], [ 80.44698, 44.75742 ], [ 80.46439, 44.74722 ], [ 80.4712897, 44.7417064 ], [ 80.48236, 44.73286 ], [ 80.4875503, 44.7177885 ], [ 80.48974, 44.71143 ], [ 80.4895704, 44.7110787 ], [ 80.48736, 44.7065 ], [ 80.4867001, 44.7061056 ], [ 80.47988, 44.70203 ], [ 80.47524940000001, 44.7018551 ], [ 80.46532, 44.70148 ], [ 80.4536086, 44.6992278 ], [ 80.44972, 44.69848 ], [ 80.43915, 44.69436 ], [ 80.4354879, 44.6935049 ], [ 80.4299, 44.6922 ], [ 80.4164541, 44.6890668 ], [ 80.40192, 44.68568 ], [ 80.38807, 44.67806 ], [ 80.37845, 44.6675 ], [ 80.3658979, 44.6594545 ], [ 80.3610722, 44.6563614 ], [ 80.3602119, 44.6538879 ], [ 80.3616472, 44.6523234 ], [ 80.36821, 44.64517 ], [ 80.40411, 44.60918 ], [ 80.39097, 44.58875 ], [ 80.38816, 44.56971 ], [ 80.3851653, 44.5637221 ], [ 80.36932, 44.53204 ], [ 80.3669319, 44.5272759 ], [ 80.36536, 44.52414 ], [ 80.36413, 44.5087 ], [ 80.3618523, 44.5046001 ], [ 80.35818, 44.49799 ], [ 80.3451097, 44.4837787 ], [ 80.3428302, 44.4812997 ], [ 80.34732, 44.47382 ], [ 80.3474837, 44.472548 ], [ 80.34968, 44.45548 ], [ 80.36317, 44.43305 ], [ 80.3661, 44.41368 ], [ 80.36733, 44.40552 ], [ 80.37432, 44.38152 ], [ 80.37959, 44.35213 ], [ 80.3819724, 44.3298061 ], [ 80.38302, 44.31999 ], [ 80.38707, 44.30812 ], [ 80.40008, 44.28941 ], [ 80.40284, 44.2773597 ], [ 80.4024609, 44.2711441 ], [ 80.40146, 44.25473 ], [ 80.401772, 44.2413123 ], [ 80.40278, 44.19796 ], [ 80.40298, 44.19692 ], [ 80.41187, 44.14994 ], [ 80.4145725, 44.1400454 ], [ 80.41739, 44.12973 ], [ 80.42811, 44.10502 ], [ 80.4451243, 44.0791765 ], [ 80.4474, 44.07572 ], [ 80.44926, 44.06743 ], [ 80.4469506, 44.0640936 ], [ 80.44067, 44.05502 ], [ 80.4414536, 44.0503919 ], [ 80.44238, 44.04492 ], [ 80.4553932, 44.0325897 ], [ 80.45648, 44.0315599 ], [ 80.4552854, 44.016795 ], [ 80.4542001, 44.0033813 ], [ 80.4566454, 43.9995468 ], [ 80.45968, 43.99479 ], [ 80.460805, 43.9919021 ], [ 80.46587, 43.9789 ], [ 80.47584, 43.96972 ], [ 80.4796584, 43.956309 ], [ 80.47994, 43.95532 ], [ 80.49672, 43.9407698 ], [ 80.4970079, 43.9389643 ], [ 80.49753, 43.93569 ], [ 80.5006486, 43.9301477 ], [ 80.50655, 43.91966 ], [ 80.5069675, 43.9089298 ], [ 80.50722, 43.90244 ], [ 80.5058207, 43.8974584 ], [ 80.50347, 43.88909 ], [ 80.50378, 43.8878 ], [ 80.5053919, 43.8811017 ], [ 80.50693, 43.87471 ], [ 80.5125203, 43.8648558 ], [ 80.51321, 43.86364 ], [ 80.51974, 43.8342 ], [ 80.5225451, 43.830185 ], [ 80.5233809, 43.8289897 ], [ 80.527336, 43.8277796 ], [ 80.53848, 43.82437 ], [ 80.542403400000012, 43.8163218 ], [ 80.54569, 43.80958 ], [ 80.5567797, 43.7957504 ], [ 80.55723, 43.79023 ], [ 80.56228, 43.77967 ], [ 80.5650775, 43.7758222 ], [ 80.56529, 43.77553 ], [ 80.5901, 43.74141 ], [ 80.6222316, 43.680416 ], [ 80.63305, 43.65988 ], [ 80.64042, 43.64588 ], [ 80.65717, 43.62213 ], [ 80.6584275, 43.6184839 ], [ 80.66015, 43.61349 ], [ 80.66848, 43.60116 ], [ 80.6857509, 43.5663787 ], [ 80.6921215, 43.5571139 ], [ 80.70085, 43.54442 ], [ 80.7015084, 43.5434614 ], [ 80.70631, 43.53647 ], [ 80.7094979, 43.5280539 ], [ 80.71667, 43.50912 ], [ 80.7258115, 43.5005122 ], [ 80.7326, 43.49412 ], [ 80.7375765, 43.4820979 ], [ 80.7421, 43.47117 ], [ 80.7438195, 43.4652313 ], [ 80.74567, 43.45884 ], [ 80.7457914, 43.4545107 ], [ 80.74596, 43.4485 ], [ 80.7337, 43.42847 ], [ 80.73377, 43.42767 ], [ 80.734298, 43.4213575 ], [ 80.73534, 43.4089 ], [ 80.7337821, 43.4063383 ], [ 80.73087, 43.40155 ], [ 80.7205005, 43.3974157 ], [ 80.7155202, 43.3954301 ], [ 80.70998, 43.38997 ], [ 80.7057108, 43.3831116 ], [ 80.6989, 43.37217 ], [ 80.6964107, 43.3655752 ], [ 80.69431, 43.36001 ], [ 80.68011, 43.34581 ], [ 80.6752, 43.33344 ], [ 80.6701598, 43.3262534 ], [ 80.66468, 43.31844 ], [ 80.663651, 43.3169759 ], [ 80.662708, 43.3156343 ], [ 80.66073, 43.31282 ], [ 80.6610059, 43.311752 ], [ 80.66259, 43.30562 ], [ 80.66939, 43.29772 ], [ 80.67477, 43.2947 ], [ 80.68475, 43.29398 ], [ 80.688465, 43.2945811 ], [ 80.70323, 43.29697 ], [ 80.7242483, 43.2974306 ], [ 80.74476, 43.29788 ], [ 80.75096, 43.29711 ], [ 80.7545766, 43.295341 ], [ 80.75877, 43.29329 ], [ 80.76082, 43.28837 ], [ 80.76087, 43.26543 ], [ 80.76333, 43.25877 ], [ 80.7715061, 43.249845799999989 ], [ 80.77732, 43.2435 ], [ 80.78127, 43.23551 ], [ 80.7822005, 43.232174 ], [ 80.7831493, 43.2287676 ], [ 80.78027, 43.21813 ], [ 80.7814147, 43.2137824 ], [ 80.78235, 43.21023 ], [ 80.78777, 43.1978 ], [ 80.79986, 43.17976 ], [ 80.7997228, 43.1783079 ], [ 80.79945, 43.17542 ], [ 80.7772114, 43.1487917 ], [ 80.7757295, 43.1484874 ], [ 80.77129, 43.14758 ], [ 80.7657978, 43.146436099999988 ], [ 80.7638, 43.14602 ], [ 80.74601, 43.14668 ], [ 80.7411026, 43.1442637 ], [ 80.7401, 43.14377 ], [ 80.73257, 43.13681 ], [ 80.7298434, 43.1356449 ], [ 80.72246, 43.13249 ], [ 80.71649, 43.13233 ], [ 80.70689, 43.14015 ], [ 80.69659, 43.14387 ], [ 80.68337, 43.14659 ], [ 80.6796814, 43.1468295 ], [ 80.66874, 43.14754 ], [ 80.64751, 43.14492 ], [ 80.6294301, 43.1405459 ], [ 80.6156, 43.1372 ], [ 80.59309, 43.13175 ], [ 80.5863754, 43.1283288 ], [ 80.57996, 43.12506 ], [ 80.55677, 43.10738 ], [ 80.54859, 43.10342 ], [ 80.5451907, 43.0994853 ], [ 80.5444, 43.09857 ], [ 80.5021, 43.07676 ], [ 80.4920718, 43.0735166 ], [ 80.48729, 43.07197 ], [ 80.47454, 43.06982 ], [ 80.47141, 43.06929 ], [ 80.44753, 43.0679 ], [ 80.4426072, 43.0665203 ], [ 80.40971, 43.0573 ], [ 80.39474, 43.047 ], [ 80.3933141, 43.0452093 ], [ 80.38876, 43.03949 ], [ 80.38531, 43.02497 ], [ 80.38822, 43.0081 ], [ 80.3928155, 42.999396 ], [ 80.39492, 42.99541 ], [ 80.3994245, 42.9906544 ], [ 80.40048, 42.98954 ], [ 80.4008846, 42.9891134 ], [ 80.40379, 42.98605 ], [ 80.41276, 42.9815 ], [ 80.4184182, 42.9771202 ], [ 80.42232, 42.9741 ], [ 80.4255627, 42.9715921 ], [ 80.43728, 42.96253 ], [ 80.4722693, 42.9455781 ], [ 80.48273, 42.94051 ], [ 80.5331, 42.93377 ], [ 80.55609, 42.92638 ], [ 80.5654305, 42.9245837 ], [ 80.5683105, 42.9240291 ], [ 80.57477, 42.91188 ], [ 80.58299, 42.90605 ], [ 80.5904769, 42.8961375 ], [ 80.59083, 42.89567 ], [ 80.588436, 42.8919357 ], [ 80.58799, 42.89124 ], [ 80.57738, 42.89279 ], [ 80.5766834, 42.8926008 ], [ 80.57068, 42.89097 ], [ 80.5693049, 42.8887039 ], [ 80.5692601, 42.8886302 ], [ 80.55593, 42.8859 ], [ 80.5545586, 42.8841574 ], [ 80.5536407, 42.8829909 ], [ 80.54901, 42.88138 ], [ 80.54505, 42.88306 ], [ 80.5438113, 42.8853633 ], [ 80.54256, 42.88769 ], [ 80.5412274, 42.8882941 ], [ 80.5374201, 42.89002 ], [ 80.53343, 42.88628 ], [ 80.53343, 42.88117 ], [ 80.5276679, 42.8795419 ], [ 80.51584, 42.8762 ], [ 80.50938, 42.87739 ], [ 80.50482, 42.87939 ], [ 80.49948, 42.88173 ], [ 80.49512, 42.87831 ], [ 80.49248, 42.8709 ], [ 80.4769901, 42.86871 ], [ 80.45373, 42.85694 ], [ 80.4456, 42.8572867 ], [ 80.44013, 42.85752 ], [ 80.42589, 42.84992 ], [ 80.4254617, 42.849815 ], [ 80.41957, 42.84837 ], [ 80.4196334, 42.8469018 ], [ 80.41971, 42.84513 ], [ 80.4197956, 42.8431835 ], [ 80.42001, 42.8383105 ], [ 80.3980892, 42.8273906 ], [ 80.396701600000014, 42.8285316 ], [ 80.39342, 42.83123 ], [ 80.38231, 42.8317 ], [ 80.3785256, 42.8298555 ], [ 80.37199, 42.82667 ], [ 80.3556513, 42.8237102 ], [ 80.3553765, 42.8275252 ], [ 80.3550585, 42.8319396 ], [ 80.3406453, 42.8278311 ], [ 80.32717, 42.82399 ], [ 80.32184, 42.83516 ], [ 80.3158429, 42.8352067 ], [ 80.31285, 42.83523 ], [ 80.3052596, 42.8336901 ], [ 80.29757, 42.83213 ], [ 80.29008, 42.83202 ], [ 80.28252, 42.83466 ], [ 80.2720483, 42.8305659 ], [ 80.26835, 42.82912 ], [ 80.25833, 42.82843 ], [ 80.2581433, 42.8279147 ], [ 80.25629, 42.8228 ], [ 80.25779, 42.81471 ], [ 80.257182899999989, 42.8109026 ], [ 80.25514, 42.79809 ], [ 80.23859, 42.7679 ], [ 80.2392355, 42.7648182 ], [ 80.24014, 42.7605 ], [ 80.2368433, 42.7495141 ], [ 80.2366797, 42.7489693 ], [ 80.2365691, 42.7487062 ], [ 80.23639, 42.74828 ], [ 80.23048, 42.73435 ], [ 80.228912, 42.73227 ], [ 80.22313, 42.7246 ], [ 80.2215194, 42.7174046 ], [ 80.21866, 42.70463 ], [ 80.2176459, 42.7029875 ], [ 80.21398, 42.69705 ], [ 80.19418, 42.68695 ], [ 80.1895172, 42.6837235 ], [ 80.18298, 42.6792 ], [ 80.17172, 42.65954 ], [ 80.16772, 42.63865 ], [ 80.16733, 42.63659 ], [ 80.171, 42.6135 ], [ 80.17768, 42.5967 ], [ 80.19127, 42.56995 ], [ 80.2013489, 42.5578054 ], [ 80.20986, 42.54755 ], [ 80.22131, 42.53626 ], [ 80.23689, 42.52825 ], [ 80.2387508, 42.5272976 ], [ 80.23943, 42.52695 ], [ 80.2449, 42.52555 ], [ 80.2575691, 42.5253597 ], [ 80.26687, 42.52522 ], [ 80.2697408, 42.524195 ], [ 80.2734812, 42.5228579 ], [ 80.27753, 42.51579 ], [ 80.2723937, 42.509368099999989 ], [ 80.26922, 42.5054 ], [ 80.2629271, 42.5019248 ], [ 80.2585, 42.49948 ], [ 80.22548, 42.48977 ], [ 80.21661, 42.48375 ], [ 80.2101, 42.4613598 ], [ 80.21087, 42.45153 ], [ 80.211, 42.44986 ], [ 80.210869, 42.4486865 ], [ 80.20853, 42.42773 ], [ 80.2211396, 42.4193603 ], [ 80.2221381, 42.417804 ], [ 80.22962, 42.40614 ], [ 80.2289827, 42.382354 ], [ 80.22816, 42.3516501 ], [ 80.2284144, 42.3513361 ], [ 80.23124, 42.34785 ], [ 80.2343583, 42.3459535 ], [ 80.23859, 42.34338 ], [ 80.2436118, 42.3419762 ], [ 80.24968, 42.34028 ], [ 80.25429, 42.33899 ], [ 80.2623965, 42.3350522 ], [ 80.2715, 42.33063 ], [ 80.27277, 42.3293084 ], [ 80.27519, 42.32679 ], [ 80.2751128, 42.3225286 ], [ 80.27502, 42.3174 ], [ 80.2631, 42.29686 ], [ 80.2633382, 42.2959531 ], [ 80.2645014, 42.2915289 ], [ 80.28282, 42.27807 ], [ 80.2855336, 42.274369 ], [ 80.28752, 42.27166 ], [ 80.2878374, 42.2692202 ], [ 80.28902, 42.26013 ], [ 80.2785682, 42.2349496 ], [ 80.27774, 42.23474 ], [ 80.2683333, 42.2323207 ], [ 80.25966, 42.23009 ], [ 80.2456288, 42.22089 ], [ 80.2410285, 42.2206985 ], [ 80.22737, 42.22013 ], [ 80.20948, 42.23104 ], [ 80.20793, 42.23108 ], [ 80.203679, 42.2311946 ], [ 80.19717, 42.23137 ], [ 80.1917805, 42.2280355 ], [ 80.18167, 42.22178 ], [ 80.173056699999989, 42.2164341 ], [ 80.1716, 42.21553 ], [ 80.16857, 42.21365 ], [ 80.1670326, 42.2131679 ], [ 80.1657, 42.21275 ], [ 80.1649415, 42.2125069 ], [ 80.16414, 42.21225 ], [ 80.1638208, 42.2123531 ], [ 80.16349, 42.21246 ], [ 80.15301, 42.21574 ], [ 80.13352, 42.20356 ], [ 80.13086, 42.203 ], [ 80.12631, 42.20205 ], [ 80.1234931, 42.2033023 ], [ 80.11828, 42.20562 ], [ 80.1160348, 42.2114009 ], [ 80.11487, 42.2144 ], [ 80.11166, 42.22265 ], [ 80.1176, 42.25798 ], [ 80.1186777, 42.264402 ], [ 80.12003, 42.27246 ], [ 80.11968, 42.27365 ], [ 80.1194957, 42.2742765 ], [ 80.11943, 42.2745 ], [ 80.1191618, 42.2753947 ], [ 80.11809, 42.27897 ], [ 80.1166571, 42.2802367 ], [ 80.11059, 42.2856 ], [ 80.1024085, 42.2928111 ], [ 80.1014, 42.2937 ], [ 80.08476, 42.32836 ], [ 80.07159, 42.33627 ], [ 80.07033, 42.33703 ], [ 80.06159, 42.33971 ], [ 80.03315, 42.34326 ], [ 80.0291086, 42.3446751 ], [ 80.02264, 42.34694 ], [ 80.00944, 42.35628 ], [ 80.008822, 42.3567167 ], [ 80.0, 42.36295 ], [ 79.9892, 42.37059 ], [ 79.9858312, 42.3729731 ], [ 79.98257, 42.37528 ], [ 79.97258, 42.38845 ], [ 79.9725, 42.38855 ], [ 79.9727128, 42.3912793 ], [ 79.97273, 42.3915 ], [ 79.97276, 42.3918704 ], [ 79.97288, 42.39335 ], [ 79.9659, 42.41061 ], [ 79.9642, 42.41287 ], [ 79.9579106, 42.4212209 ], [ 79.95163, 42.42956 ], [ 79.9457699, 42.4324589 ], [ 79.93942, 42.4356 ], [ 79.9375574, 42.4360557 ], [ 79.93566, 42.43652 ], [ 79.93154, 42.43754 ], [ 79.91902, 42.43683 ], [ 79.9085391, 42.4362401 ], [ 79.9068636, 42.4363797 ], [ 79.90458, 42.43657 ], [ 79.9043986, 42.4365853 ], [ 79.90257, 42.43674 ], [ 79.8945999, 42.4373992 ], [ 79.87996, 42.43861 ], [ 79.8760789, 42.4361708 ], [ 79.8728, 42.43411 ], [ 79.87042, 42.42344 ], [ 79.8677902, 42.4224793 ], [ 79.86604, 42.42184 ], [ 79.8631, 42.42077 ], [ 79.860729, 42.4207821 ], [ 79.85723, 42.4208 ], [ 79.8522166, 42.4236635 ], [ 79.8516098, 42.4240103 ], [ 79.84946, 42.42823 ], [ 79.84958, 42.44175 ], [ 79.84296, 42.4437 ], [ 79.84232, 42.44389 ], [ 79.8323162, 42.4437209 ], [ 79.8228, 42.44356 ], [ 79.81754, 42.44546 ], [ 79.8099655, 42.4482018 ], [ 79.809839, 42.4482369 ], [ 79.80326, 42.44727 ], [ 79.79921, 42.44668 ], [ 79.79857, 42.44659 ], [ 79.79766, 42.44646 ], [ 79.7947828, 42.4470146 ], [ 79.79076, 42.44779 ], [ 79.79004, 42.44793 ], [ 79.7873578, 42.4500663 ], [ 79.78665, 42.45063 ], [ 79.78216, 42.45421 ], [ 79.77808, 42.45438 ], [ 79.7750894, 42.454506099999989 ], [ 79.7747596, 42.4545199 ], [ 79.7642803, 42.4515824 ], [ 79.7633814, 42.4513304 ], [ 79.75783, 42.45156 ], [ 79.7541983, 42.4534598 ], [ 79.75307, 42.45405 ], [ 79.7441888, 42.4674803 ], [ 79.73049, 42.47057 ], [ 79.6944798, 42.474032199999989 ], [ 79.66382, 42.47698 ], [ 79.65942, 42.47591 ], [ 79.657857, 42.4755275 ], [ 79.65656, 42.47521 ], [ 79.63132, 42.45864 ], [ 79.62534, 42.45471 ], [ 79.62033, 42.45316 ], [ 79.61553, 42.45167 ], [ 79.6112, 42.4515 ], [ 79.60405, 42.45122 ], [ 79.598652, 42.4522654 ], [ 79.59047, 42.45385 ], [ 79.5814511, 42.4555891 ], [ 79.57263, 42.45729 ], [ 79.5437099, 42.4568689 ], [ 79.50945, 42.45637 ], [ 79.50389, 42.46071 ], [ 79.5032938, 42.4617375 ], [ 79.49287, 42.4797 ], [ 79.491907, 42.4805737 ], [ 79.48769, 42.4844 ], [ 79.4866109, 42.4853732 ], [ 79.48606, 42.48587 ], [ 79.48415, 42.4876 ], [ 79.4830571, 42.4880021 ], [ 79.48116, 42.4887 ], [ 79.473763800000015, 42.4913895 ], [ 79.4714789, 42.4922208 ], [ 79.408, 42.53592 ], [ 79.39412, 42.54103 ], [ 79.39115, 42.54449 ], [ 79.3823044, 42.5548251 ], [ 79.37951, 42.55809 ], [ 79.37338, 42.57286 ], [ 79.370932, 42.5787321 ], [ 79.37022, 42.58044 ], [ 79.35964, 42.58769 ], [ 79.3575, 42.58916 ], [ 79.3403079, 42.5998558 ], [ 79.3378886, 42.6013606 ], [ 79.33133, 42.60431 ], [ 79.3246324, 42.6073258 ], [ 79.3239207, 42.602698599999989 ], [ 79.321601, 42.6028112 ], [ 79.320637, 42.6023582 ], [ 79.318969, 42.6021593 ], [ 79.3171048, 42.6033938 ], [ 79.31632780000001, 42.6054146 ], [ 79.3163896, 42.6069032 ], [ 79.3156846, 42.6072222 ], [ 79.3132978, 42.6070221 ], [ 79.312515, 42.6077321 ], [ 79.310453099999989, 42.6088895 ], [ 79.3045049, 42.6124537 ], [ 79.3023005, 42.6152481 ], [ 79.3004922, 42.6165933 ], [ 79.299753, 42.617686 ], [ 79.299568, 42.618971 ], [ 79.2985213, 42.6201358 ], [ 79.2952551, 42.6202751 ], [ 79.2925231, 42.621295 ], [ 79.2908511, 42.621546 ], [ 79.28936010000001, 42.621026 ], [ 79.2878611, 42.621599 ], [ 79.2865321, 42.623009 ], [ 79.2851251, 42.623133 ], [ 79.2841611, 42.622744 ], [ 79.2829281, 42.623061 ], [ 79.2819621, 42.6230359 ], [ 79.2789747, 42.6231648 ], [ 79.2775143, 42.6228169 ], [ 79.2760841, 42.6217607 ], [ 79.2746299, 42.6218616 ], [ 79.2734729, 42.6220917 ], [ 79.2720371, 42.621605 ], [ 79.2711162, 42.6216687 ], [ 79.2700211, 42.6226931 ], [ 79.268949100000015, 42.623073 ], [ 79.2688002, 42.6236872 ], [ 79.269139, 42.6251249 ], [ 79.2684719, 42.6253441 ], [ 79.2676131, 42.625383 ], [ 79.2649687, 42.6257406 ], [ 79.2633078, 42.6251466 ], [ 79.2613822, 42.6255527 ], [ 79.2603156, 42.6255852 ], [ 79.2597014, 42.6259013 ], [ 79.2567378, 42.6282201 ], [ 79.2546676, 42.6309251 ], [ 79.253491, 42.6324624 ], [ 79.251971, 42.635064 ], [ 79.2508417, 42.6360305 ], [ 79.2499246, 42.6362672 ], [ 79.2479439, 42.63594 ], [ 79.2468142, 42.6364462 ], [ 79.2455486, 42.6365811 ], [ 79.2444119, 42.6356421 ], [ 79.243612, 42.635803 ], [ 79.2425594, 42.6378135 ], [ 79.240866, 42.6383 ], [ 79.240614, 42.6387056 ], [ 79.2405773, 42.6402277 ], [ 79.2405746, 42.6403399 ], [ 79.2400464, 42.6406534 ], [ 79.2382507, 42.6417195 ], [ 79.2365569, 42.6422477 ], [ 79.2358335, 42.6427614 ], [ 79.235216, 42.6442372 ], [ 79.2330273, 42.6442312 ], [ 79.2316357, 42.6454246 ], [ 79.2310681, 42.6470532 ], [ 79.2286645, 42.6486939 ], [ 79.2283105, 42.6501199 ], [ 79.2266113, 42.651344 ], [ 79.2258749, 42.6512699 ], [ 79.2251102, 42.651273599999989 ], [ 79.2243604, 42.6525332 ], [ 79.2236354, 42.6531144 ], [ 79.2216512, 42.6533454 ], [ 79.2193155, 42.6552295 ], [ 79.21659, 42.6560987 ], [ 79.214882300000014, 42.6587612 ], [ 79.2124978, 42.6606264 ], [ 79.2120058, 42.6623791 ], [ 79.210215, 42.66415 ], [ 79.2081471, 42.665364 ], [ 79.206948, 42.666068 ], [ 79.205805, 42.667486 ], [ 79.2050443, 42.6681286 ], [ 79.2051579, 42.6694459 ], [ 79.205175, 42.669644 ], [ 79.2050566, 42.6698113 ], [ 79.20402, 42.671277 ], [ 79.2038988, 42.6720934 ], [ 79.2027923, 42.6728932 ], [ 79.201231, 42.6740321 ], [ 79.2004182, 42.6748564 ], [ 79.1998978, 42.6763225 ], [ 79.1993153, 42.677186 ], [ 79.1994349, 42.6776994 ], [ 79.1994706, 42.6778528 ], [ 79.1990731, 42.6788732 ], [ 79.1965306, 42.6801211 ], [ 79.1941391, 42.68247 ], [ 79.1935106, 42.6845205 ], [ 79.1914835, 42.6855843 ], [ 79.1909196, 42.6873299 ], [ 79.1879674, 42.6879515 ], [ 79.1865165, 42.6903803 ], [ 79.1849038, 42.6929118 ], [ 79.1836758, 42.6954185 ], [ 79.1833417, 42.6967607 ], [ 79.1820147, 42.697542299999988 ], [ 79.1811832, 42.7001342 ], [ 79.1821531, 42.7012041 ], [ 79.1812491, 42.7028713 ], [ 79.1820488, 42.703617 ], [ 79.1827344, 42.7042271 ], [ 79.181596399999989, 42.7050573 ], [ 79.1821307, 42.7064387 ], [ 79.1814526, 42.7072006 ], [ 79.1813801, 42.7083406 ], [ 79.180079, 42.709557 ], [ 79.1795333, 42.7118212 ], [ 79.1782027, 42.7136194 ], [ 79.178092, 42.716489 ], [ 79.177254, 42.7174799 ], [ 79.1746191, 42.7178775 ], [ 79.17414, 42.7181656 ], [ 79.1738965, 42.7183121 ], [ 79.173495, 42.719025 ], [ 79.1732112, 42.7199033 ], [ 79.173307, 42.720727 ], [ 79.1721127, 42.7225694 ], [ 79.1728681, 42.7231349 ], [ 79.173554, 42.723648399999988 ], [ 79.1733366, 42.7246456 ], [ 79.1722159, 42.7256832 ], [ 79.1715222, 42.7263254 ], [ 79.1716032, 42.7279561 ], [ 79.1705943, 42.7291054 ], [ 79.1707174, 42.7303277 ], [ 79.1709653, 42.7305713 ], [ 79.1715539, 42.7311495 ], [ 79.1705825, 42.732069 ], [ 79.1701835, 42.7324466 ], [ 79.1701691, 42.7333281 ], [ 79.1702567, 42.7333433 ], [ 79.1715978, 42.7335768 ], [ 79.1720065, 42.7342769 ], [ 79.171265, 42.73499 ], [ 79.1713557, 42.7363949 ], [ 79.172307, 42.737023 ], [ 79.1724771, 42.7379099 ], [ 79.1710755, 42.7389493 ], [ 79.1710353, 42.7407043 ], [ 79.171389, 42.742126 ], [ 79.1712055, 42.7431604 ], [ 79.170058, 42.743431 ], [ 79.1703862, 42.7486032 ], [ 79.1712024, 42.7507327 ], [ 79.1702265, 42.7520393 ], [ 79.1700054, 42.7550192 ], [ 79.1720666, 42.7550497 ], [ 79.173998, 42.7577788 ], [ 79.1732381, 42.7591519 ], [ 79.1738297, 42.7603729 ], [ 79.1751234, 42.762682 ], [ 79.1764192, 42.7635148 ], [ 79.1774788, 42.7655264 ], [ 79.177713, 42.768727 ], [ 79.1791867, 42.7697429 ], [ 79.1812683, 42.770531 ], [ 79.182173, 42.773456 ], [ 79.182778, 42.77516 ], [ 79.185404, 42.777657 ], [ 79.187855, 42.780022 ], [ 79.1887882, 42.7813093 ], [ 79.190296, 42.783762 ], [ 79.191954, 42.78619 ], [ 79.19291, 42.788092 ], [ 79.194952, 42.7925229 ], [ 79.1969, 42.797336 ], [ 79.197582, 42.800742 ], [ 79.1993719, 42.8042231 ], [ 79.165518, 42.797028 ], [ 79.15205, 42.794424 ], [ 79.1069376, 42.7810668 ], [ 79.0692948, 42.776634 ], [ 79.0567431, 42.775477 ], [ 79.0472611, 42.766739 ], [ 79.0457762, 42.7648459 ], [ 79.0441527, 42.7627762 ], [ 79.033891, 42.7600254 ], [ 79.029209, 42.762601 ], [ 79.025623, 42.768999 ], [ 79.024815, 42.7705 ], [ 79.0236109, 42.7768285 ], [ 79.022988, 42.777168 ], [ 79.0181633, 42.7772066 ], [ 79.012853, 42.777249 ], [ 79.005803, 42.777213 ], [ 79.001681300000016, 42.7772308 ], [ 78.998841, 42.777243 ], [ 78.9972899, 42.776253 ], [ 78.996928, 42.776022 ], [ 78.9964369, 42.7760631 ], [ 78.993844, 42.77628 ], [ 78.990319, 42.776018 ], [ 78.98653, 42.776015 ], [ 78.983887, 42.776468 ], [ 78.981509, 42.776987 ], [ 78.978602, 42.77822 ], [ 78.977546, 42.779195 ], [ 78.976402, 42.780495 ], [ 78.974287, 42.780948 ], [ 78.97041, 42.78075 ], [ 78.967239, 42.781852 ], [ 78.965123, 42.781655 ], [ 78.9639592, 42.7811713 ], [ 78.963713, 42.781069 ], [ 78.962655, 42.780222 ], [ 78.960539, 42.77983 ], [ 78.958512, 42.779437 ], [ 78.95481, 42.778263 ], [ 78.948641, 42.77637 ], [ 78.94494, 42.776301 ], [ 78.939035, 42.775254 ], [ 78.9385311, 42.77528 ], [ 78.935335, 42.775445 ], [ 78.9335699, 42.7749497 ], [ 78.932074, 42.77453 ], [ 78.930488, 42.774268 ], [ 78.9292716, 42.7752069 ], [ 78.928638, 42.775696 ], [ 78.926876, 42.77719 ], [ 78.925071, 42.778084 ], [ 78.92348, 42.778467 ], [ 78.921854, 42.779525 ], [ 78.920726, 42.780415 ], [ 78.918506, 42.780561 ], [ 78.914981, 42.781727 ], [ 78.912867, 42.78309 ], [ 78.911604, 42.784289 ], [ 78.909295, 42.785781 ], [ 78.905641, 42.787502 ], [ 78.90433, 42.788304 ], [ 78.903181, 42.788559 ], [ 78.9022443, 42.788602 ], [ 78.899389, 42.788733 ], [ 78.89718, 42.78931 ], [ 78.894712, 42.789372 ], [ 78.889953, 42.789104 ], [ 78.889071, 42.790273 ], [ 78.8887598, 42.7906935 ], [ 78.887484, 42.792417 ], [ 78.886691, 42.793391 ], [ 78.885494, 42.793492 ], [ 78.881402, 42.794943 ], [ 78.880256, 42.795982 ], [ 78.879198, 42.79572 ], [ 78.877007, 42.795535 ], [ 78.875151, 42.795981 ], [ 78.872235, 42.796552 ], [ 78.8700718, 42.7963927 ], [ 78.869329, 42.796338 ], [ 78.8690552, 42.7965431 ], [ 78.868356, 42.797067 ], [ 78.866681, 42.798104 ], [ 78.865886, 42.799664 ], [ 78.865709, 42.800704 ], [ 78.862625, 42.800113 ], [ 78.860422, 42.798938 ], [ 78.858395, 42.798674 ], [ 78.856104, 42.797304 ], [ 78.8553559, 42.7967688 ], [ 78.853461, 42.795413 ], [ 78.851893, 42.794918 ], [ 78.850288, 42.795212 ], [ 78.844646, 42.796827 ], [ 78.837592, 42.799479 ], [ 78.834769, 42.801164 ], [ 78.833975, 42.801748 ], [ 78.831329, 42.802783 ], [ 78.8306284, 42.8036257 ], [ 78.830358, 42.803951 ], [ 78.829388, 42.804795 ], [ 78.8267601, 42.8052131 ], [ 78.826566, 42.805244 ], [ 78.822687, 42.80543 ], [ 78.81819, 42.806591 ], [ 78.8180789, 42.8066412 ], [ 78.817043, 42.807109 ], [ 78.813253, 42.806905 ], [ 78.807962, 42.807738 ], [ 78.805847, 42.807213 ], [ 78.804613, 42.80721 ], [ 78.801171, 42.809413 ], [ 78.799584, 42.809475 ], [ 78.797673, 42.80876 ], [ 78.796678, 42.807712 ], [ 78.79519, 42.8056965 ], [ 78.794128, 42.804258 ], [ 78.79106, 42.8023 ], [ 78.78814, 42.800992 ], [ 78.786554, 42.800598 ], [ 78.784346, 42.803064 ], [ 78.779397, 42.809229 ], [ 78.77754, 42.811826 ], [ 78.776742, 42.8141 ], [ 78.774359, 42.815069 ], [ 78.770126, 42.815643 ], [ 78.763776, 42.816732 ], [ 78.757777, 42.817951 ], [ 78.753367, 42.818914 ], [ 78.749398, 42.819163 ], [ 78.747115, 42.818659 ], [ 78.744822, 42.818526 ], [ 78.741472, 42.818589 ], [ 78.739003, 42.819507 ], [ 78.738298, 42.819177 ], [ 78.736887, 42.817533 ], [ 78.734331, 42.815034 ], [ 78.733626, 42.814967 ], [ 78.733097, 42.815755 ], [ 78.732391, 42.817069 ], [ 78.730362, 42.819302 ], [ 78.726216, 42.822583 ], [ 78.719249, 42.824351 ], [ 78.714575, 42.8252 ], [ 78.709549, 42.826114 ], [ 78.704523, 42.824728 ], [ 78.70373, 42.82407 ], [ 78.703469, 42.820784 ], [ 78.702852, 42.820389 ], [ 78.699503, 42.818939 ], [ 78.696595, 42.816898 ], [ 78.694393, 42.814727 ], [ 78.692101, 42.814592 ], [ 78.686986, 42.816163 ], [ 78.685221, 42.817146 ], [ 78.68434, 42.816817 ], [ 78.682579, 42.815171 ], [ 78.680904, 42.814775 ], [ 78.677642, 42.814573 ], [ 78.674203, 42.815422 ], [ 78.672264, 42.815091 ], [ 78.669973, 42.814299 ], [ 78.664153, 42.814881 ], [ 78.661855, 42.818952 ], [ 78.660355, 42.819541 ], [ 78.656121, 42.820258 ], [ 78.65471, 42.820847 ], [ 78.652234, 42.824983 ], [ 78.650734, 42.825703 ], [ 78.648086, 42.826816 ], [ 78.646585, 42.828325 ], [ 78.646142, 42.829573 ], [ 78.647197, 42.831152 ], [ 78.647108, 42.831809 ], [ 78.646312, 42.832859 ], [ 78.646223, 42.833516 ], [ 78.644374, 42.834714 ], [ 78.643665, 42.836074 ], [ 78.641886, 42.842362 ], [ 78.641356, 42.842555 ], [ 78.63818, 42.843002 ], [ 78.636237, 42.843711 ], [ 78.635353, 42.844617 ], [ 78.63306, 42.844418 ], [ 78.632002, 42.844416 ], [ 78.628735, 42.845446 ], [ 78.625116, 42.846411 ], [ 78.623347, 42.848158 ], [ 78.623164, 42.850687 ], [ 78.617598, 42.853527 ], [ 78.6161469, 42.8538998 ], [ 78.614597, 42.854298 ], [ 78.613007, 42.854749 ], [ 78.6124202, 42.854633799999988 ], [ 78.611332, 42.85442 ], [ 78.608864, 42.853831 ], [ 78.606571, 42.85376 ], [ 78.604456, 42.853042 ], [ 78.601989, 42.851804 ], [ 78.600759, 42.850439 ], [ 78.600232, 42.849465 ], [ 78.598559, 42.848682 ], [ 78.595652, 42.847443 ], [ 78.594153, 42.84718 ], [ 78.591153, 42.847496 ], [ 78.588772, 42.84749 ], [ 78.587799, 42.848266 ], [ 78.586209, 42.84891 ], [ 78.583824, 42.849877 ], [ 78.581965, 42.851818 ], [ 78.582224, 42.85331 ], [ 78.582483, 42.855126 ], [ 78.581237, 42.858106 ], [ 78.579202, 42.859917 ], [ 78.577345, 42.861079 ], [ 78.575398, 42.86276 ], [ 78.571516, 42.862749 ], [ 78.567539, 42.864684 ], [ 78.564365, 42.864092 ], [ 78.557654, 42.865434 ], [ 78.555447, 42.865688 ], [ 78.551471, 42.867103 ], [ 78.545553, 42.868836 ], [ 78.542553, 42.868827 ], [ 78.542022, 42.869085 ], [ 78.541747, 42.871614 ], [ 78.5421103, 42.8738614 ], [ 78.542177, 42.874274 ], [ 78.5405306, 42.8757427 ], [ 78.538989, 42.877118 ], [ 78.538013, 42.878282 ], [ 78.536943, 42.881003 ], [ 78.535441, 42.881322 ], [ 78.531909, 42.88183 ], [ 78.530583, 42.88228 ], [ 78.529779, 42.884612 ], [ 78.524823, 42.887709 ], [ 78.523588, 42.887511 ], [ 78.522969, 42.887768 ], [ 78.521198, 42.88893 ], [ 78.520493, 42.888863 ], [ 78.517846, 42.888465 ], [ 78.513257, 42.888451 ], [ 78.510425, 42.890063 ], [ 78.506979, 42.89083 ], [ 78.504768, 42.891795 ], [ 78.504408, 42.893285 ], [ 78.501924, 42.895871 ], [ 78.499522, 42.899624 ], [ 78.495717, 42.900345 ], [ 78.491834, 42.900669 ], [ 78.491303, 42.900019 ], [ 78.489444, 42.898394 ], [ 78.487234, 42.897288 ], [ 78.486438, 42.896573 ], [ 78.485462, 42.894623 ], [ 78.48396, 42.894037 ], [ 78.480956, 42.892931 ], [ 78.47769, 42.8928 ], [ 78.475573, 42.893644 ], [ 78.4720994, 42.8950383 ], [ 78.471694, 42.895201 ], [ 78.468783, 42.895915 ], [ 78.464812, 42.896432 ], [ 78.464193, 42.896172 ], [ 78.462777, 42.894352 ], [ 78.4624453, 42.8931892 ], [ 78.462332, 42.892792 ], [ 78.461711, 42.891557 ], [ 78.459322, 42.889151 ], [ 78.457113, 42.888045 ], [ 78.454815, 42.886548 ], [ 78.453226, 42.886287 ], [ 78.451021, 42.886611 ], [ 78.449169, 42.887519 ], [ 78.448201, 42.888623 ], [ 78.4448665, 42.8885113 ], [ 78.444229, 42.88849 ], [ 78.44264, 42.888099 ], [ 78.441933, 42.887644 ], [ 78.4419081, 42.8875292 ], [ 78.441665, 42.886409 ], [ 78.441485, 42.884459 ], [ 78.440777, 42.883419 ], [ 78.438392, 42.882377 ], [ 78.436979, 42.881661 ], [ 78.434681, 42.879775 ], [ 78.431944, 42.878928 ], [ 78.430884, 42.878797 ], [ 78.427973, 42.879249 ], [ 78.426738, 42.879183 ], [ 78.423471, 42.8784 ], [ 78.418177, 42.87846 ], [ 78.4165684, 42.8791275 ], [ 78.414738, 42.879887 ], [ 78.41359, 42.879236 ], [ 78.4122923, 42.8782512 ], [ 78.410674, 42.877023 ], [ 78.40891, 42.877086 ], [ 78.4071292, 42.8774052 ], [ 78.404587, 42.877861 ], [ 78.400706, 42.878702 ], [ 78.39903, 42.879285 ], [ 78.393736, 42.879928 ], [ 78.39012, 42.881029 ], [ 78.385799, 42.883493 ], [ 78.384741, 42.884271 ], [ 78.384036, 42.88544 ], [ 78.38289, 42.886478 ], [ 78.380773, 42.88745 ], [ 78.37945, 42.888553 ], [ 78.378657, 42.889137 ], [ 78.377597, 42.889005 ], [ 78.372477, 42.887309 ], [ 78.370535, 42.886981 ], [ 78.370006, 42.886721 ], [ 78.369828, 42.885746 ], [ 78.3699329, 42.884811 ], [ 78.370178, 42.882627 ], [ 78.369736, 42.881652 ], [ 78.366643, 42.876124 ], [ 78.366466, 42.875604 ], [ 78.367348, 42.87502 ], [ 78.369552, 42.873139 ], [ 78.369552, 42.872489 ], [ 78.368139, 42.871252 ], [ 78.364167, 42.868712 ], [ 78.362667, 42.86845 ], [ 78.362314, 42.86806 ], [ 78.362929, 42.865721 ], [ 78.362398, 42.863316 ], [ 78.361074, 42.862599 ], [ 78.35878, 42.861621 ], [ 78.357809, 42.86084 ], [ 78.355073, 42.858627 ], [ 78.352426, 42.856998 ], [ 78.350308, 42.855175 ], [ 78.348808, 42.854848 ], [ 78.345457, 42.855167 ], [ 78.34184, 42.854772 ], [ 78.339106, 42.855157 ], [ 78.336303, 42.8561267 ], [ 78.334432, 42.856774 ], [ 78.332844, 42.856771 ], [ 78.330021, 42.855856 ], [ 78.328786, 42.856439 ], [ 78.326405, 42.85741 ], [ 78.324111, 42.857211 ], [ 78.320495, 42.856944 ], [ 78.316967, 42.857198 ], [ 78.3151092, 42.8569913 ], [ 78.314585, 42.856933 ], [ 78.309822, 42.857574 ], [ 78.306999, 42.857244 ], [ 78.304882, 42.858734 ], [ 78.304, 42.858667 ], [ 78.302324, 42.858729 ], [ 78.2996268, 42.8601858 ], [ 78.297649, 42.861254 ], [ 78.295796, 42.861315 ], [ 78.294297, 42.861507 ], [ 78.289709, 42.863122 ], [ 78.284768, 42.864281 ], [ 78.279034, 42.864593 ], [ 78.278679, 42.8645129 ], [ 78.274095, 42.863478 ], [ 78.272772, 42.863475 ], [ 78.270919, 42.864315 ], [ 78.2712653, 42.8660447 ], [ 78.271622, 42.867826 ], [ 78.271092, 42.869189 ], [ 78.269768, 42.869836 ], [ 78.26818, 42.869897 ], [ 78.26315, 42.870796 ], [ 78.26059, 42.872804 ], [ 78.257325, 42.873511 ], [ 78.255296, 42.873116 ], [ 78.252739, 42.8722 ], [ 78.249651, 42.872063 ], [ 78.2493606, 42.8718849 ], [ 78.248772, 42.871524 ], [ 78.246834, 42.871981 ], [ 78.2464668, 42.872266 ], [ 78.245165, 42.873276 ], [ 78.243848, 42.874377 ], [ 78.243326, 42.875696 ], [ 78.241836, 42.877351 ], [ 78.240606, 42.878322 ], [ 78.239814, 42.878582 ], [ 78.239109, 42.878713 ], [ 78.237598, 42.876912 ], [ 78.236711, 42.876205 ], [ 78.235029, 42.875242 ], [ 78.233262, 42.87486 ], [ 78.230269, 42.875965 ], [ 78.227272, 42.876554 ], [ 78.224627, 42.876949 ], [ 78.223039, 42.877018 ], [ 78.222242, 42.87644 ], [ 78.221092, 42.875703 ], [ 78.2208362, 42.8745019 ], [ 78.220742, 42.873428 ], [ 78.220102, 42.872381 ], [ 78.218864, 42.871998 ], [ 78.217099, 42.871938 ], [ 78.216569, 42.871811 ], [ 78.215718, 42.870945 ], [ 78.215498, 42.86962 ], [ 78.211974, 42.870404 ], [ 78.209597, 42.871443 ], [ 78.208127, 42.873069 ], [ 78.206828, 42.8740926 ], [ 78.206085, 42.874678 ], [ 78.20459, 42.875585 ], [ 78.203091, 42.877083 ], [ 78.200638, 42.879208 ], [ 78.198708, 42.881342 ], [ 78.197829, 42.881989 ], [ 78.194825, 42.881223 ], [ 78.192088, 42.880972 ], [ 78.1892742, 42.8802661 ], [ 78.187759, 42.879886 ], [ 78.184931, 42.879054 ], [ 78.182619, 42.878192 ], [ 78.179528, 42.874939 ], [ 78.178569, 42.874346 ], [ 78.176982, 42.873886 ], [ 78.176606, 42.872753 ], [ 78.177913, 42.86946 ], [ 78.179925, 42.865907 ], [ 78.1785, 42.865509 ], [ 78.176303, 42.864819 ], [ 78.173125, 42.863153 ], [ 78.171981, 42.86185 ], [ 78.171543, 42.860289 ], [ 78.169604, 42.859893 ], [ 78.166959, 42.85956 ], [ 78.164722, 42.859686 ], [ 78.1629566, 42.8608477 ], [ 78.162368, 42.861235 ], [ 78.16122, 42.861621 ], [ 78.159545, 42.861486 ], [ 78.156812, 42.860762 ], [ 78.152668, 42.860034 ], [ 78.149588, 42.857619 ], [ 78.147911, 42.857809 ], [ 78.146058, 42.858062 ], [ 78.142974, 42.857207 ], [ 78.142092, 42.857074 ], [ 78.138294, 42.858881 ], [ 78.136176, 42.859588 ], [ 78.131414, 42.859247 ], [ 78.129825, 42.859436 ], [ 78.1256124, 42.8596798 ], [ 78.123738, 42.85987 ], [ 78.121591, 42.8607078 ], [ 78.121265, 42.860835 ], [ 78.116667, 42.864588 ], [ 78.111377, 42.863919 ], [ 78.1099059, 42.8636828 ], [ 78.10784, 42.863351 ], [ 78.106971, 42.862343 ], [ 78.106978, 42.860459 ], [ 78.106539, 42.859937 ], [ 78.101117, 42.857944 ], [ 78.098996, 42.857045 ], [ 78.098638, 42.855368 ], [ 78.097752, 42.854338 ], [ 78.094567, 42.85157 ], [ 78.092885, 42.849831 ], [ 78.091759, 42.849356 ], [ 78.090258, 42.849675 ], [ 78.085394, 42.851391 ], [ 78.08451, 42.850941 ], [ 78.082478, 42.849654 ], [ 78.080712, 42.84927 ], [ 78.079325, 42.849243 ], [ 78.077647, 42.849821 ], [ 78.0743768, 42.8503666 ], [ 78.073925, 42.850442 ], [ 78.069608, 42.851609 ], [ 78.067932, 42.851612 ], [ 78.066872, 42.851162 ], [ 78.065634, 42.850196 ], [ 78.064223, 42.850005 ], [ 78.061135, 42.849751 ], [ 78.058752, 42.848916 ], [ 78.056632, 42.848016 ], [ 78.054338, 42.847632 ], [ 78.052755, 42.849118 ], [ 78.052662, 42.847441 ], [ 78.052582, 42.850214 ], [ 78.050301, 42.851854 ], [ 78.04853, 42.853471 ], [ 78.048084, 42.854638 ], [ 78.045784, 42.856318 ], [ 78.045074, 42.857224 ], [ 78.044716, 42.858457 ], [ 78.043523, 42.859386 ], [ 78.040967, 42.860034 ], [ 78.038497, 42.860166 ], [ 78.038178, 42.861028 ], [ 78.036584, 42.862516 ], [ 78.034984, 42.865238 ], [ 78.033395, 42.865526 ], [ 78.0294283, 42.8649337 ], [ 78.027394, 42.86463 ], [ 78.024395, 42.86444 ], [ 78.021573, 42.865088 ], [ 78.019282, 42.865864 ], [ 78.015843, 42.866771 ], [ 78.0147246, 42.8672038 ], [ 78.01267, 42.867999 ], [ 78.009319, 42.868454 ], [ 78.002178, 42.870654 ], [ 78.002238, 42.869575 ], [ 78.001997, 42.868138 ], [ 78.000758, 42.86614 ], [ 78.0012935, 42.8644335 ], [ 78.001545, 42.862721 ], [ 78.00075, 42.86227 ], [ 77.999513, 42.861303 ], [ 77.9969601, 42.8614131 ], [ 77.996869, 42.861417 ], [ 77.995741, 42.86126 ], [ 77.994499, 42.861021 ], [ 77.993819, 42.860737 ], [ 77.991959, 42.860585 ], [ 77.990152, 42.860227 ], [ 77.98834, 42.859457 ], [ 77.987432, 42.858969 ], [ 77.986182, 42.858153 ], [ 77.98504, 42.856967 ], [ 77.984181, 42.855944 ], [ 77.983442, 42.855413 ], [ 77.98254, 42.855337 ], [ 77.981972, 42.855011 ], [ 77.980615, 42.854567 ], [ 77.978526, 42.854128 ], [ 77.977284, 42.853848 ], [ 77.976099, 42.853691 ], [ 77.975422, 42.853614 ], [ 77.975138, 42.85341 ], [ 77.974278, 42.852304 ], [ 77.973596, 42.851814 ], [ 77.972576, 42.851285 ], [ 77.9706, 42.850887 ], [ 77.969303, 42.850772 ], [ 77.968122, 42.85082 ], [ 77.967561, 42.850948 ], [ 77.96745, 42.851113 ], [ 77.967347, 42.851772 ], [ 77.967183, 42.852185 ], [ 77.966849, 42.852434 ], [ 77.966289, 42.852685 ], [ 77.965902, 42.85314 ], [ 77.965457, 42.853596 ], [ 77.965066, 42.853804 ], [ 77.964673, 42.853848 ], [ 77.963659, 42.853814 ], [ 77.962254, 42.853987 ], [ 77.9612865, 42.8539932 ], [ 77.960846, 42.853996 ], [ 77.959277, 42.8545 ], [ 77.957875, 42.854921 ], [ 77.956754, 42.85534 ], [ 77.956305, 42.855425 ], [ 77.955286, 42.85502 ], [ 77.954268, 42.854656 ], [ 77.953591, 42.854578 ], [ 77.952413, 42.854874 ], [ 77.950118, 42.855876 ], [ 77.949058, 42.856583 ], [ 77.948615, 42.857162 ], [ 77.948567, 42.857821 ], [ 77.948072, 42.858648 ], [ 77.947683, 42.859021 ], [ 77.946898, 42.859273 ], [ 77.945887, 42.859485 ], [ 77.94493, 42.859491 ], [ 77.944198, 42.859495 ], [ 77.943135, 42.859996 ], [ 77.942315, 42.861854 ], [ 77.942321, 42.862348 ], [ 77.942555, 42.863005 ], [ 77.943411, 42.863823 ], [ 77.943753, 42.86415 ], [ 77.943656, 42.865345 ], [ 77.943274, 42.866294 ], [ 77.943509, 42.867034 ], [ 77.943522, 42.867981 ], [ 77.942812, 42.869632 ], [ 77.942542, 42.870539 ], [ 77.941888, 42.87219 ], [ 77.941783, 42.872767 ], [ 77.9418459, 42.8730142 ], [ 77.941961, 42.873466 ], [ 77.942197, 42.874247 ], [ 77.941758, 42.875114 ], [ 77.940759, 42.876232 ], [ 77.939808, 42.876773 ], [ 77.938579, 42.877481 ], [ 77.937348, 42.878106 ], [ 77.936568, 42.878728 ], [ 77.936183, 42.879472 ], [ 77.935855, 42.880215 ], [ 77.934684, 42.881128 ], [ 77.934015, 42.881626 ], [ 77.933897, 42.881215 ], [ 77.933441, 42.880806 ], [ 77.932701, 42.880276 ], [ 77.931282, 42.87942 ], [ 77.930714, 42.879053 ], [ 77.929688, 42.878112 ], [ 77.92854, 42.876431 ], [ 77.927636, 42.876231 ], [ 77.926673, 42.875784 ], [ 77.925705, 42.874967 ], [ 77.924855, 42.87456 ], [ 77.923837, 42.874278 ], [ 77.922544, 42.87441 ], [ 77.921197, 42.874788 ], [ 77.920299, 42.875 ], [ 77.919454, 42.875005 ], [ 77.918042, 42.874725 ], [ 77.917141, 42.87469 ], [ 77.916519, 42.874529 ], [ 77.914989, 42.873797 ], [ 77.913912, 42.873268 ], [ 77.912603, 42.872164 ], [ 77.911803, 42.871263 ], [ 77.911121, 42.870732 ], [ 77.910052, 42.870862 ], [ 77.908034, 42.871615 ], [ 77.906354, 42.872366 ], [ 77.905349, 42.87299 ], [ 77.904005, 42.873657 ], [ 77.903279, 42.874114 ], [ 77.902891, 42.874569 ], [ 77.902572, 42.876135 ], [ 77.902294, 42.876425 ], [ 77.900732, 42.877587 ], [ 77.899951, 42.878209 ], [ 77.899448, 42.878501 ], [ 77.898437, 42.878754 ], [ 77.896074, 42.878932 ], [ 77.894444, 42.879189 ], [ 77.893096, 42.879485 ], [ 77.892085, 42.879779 ], [ 77.891635, 42.879823 ], [ 77.88983, 42.879586 ], [ 77.888817, 42.879633 ], [ 77.887981, 42.880379 ], [ 77.887814, 42.880545 ], [ 77.887084, 42.880673 ], [ 77.885843, 42.880556 ], [ 77.884998, 42.880561 ], [ 77.884727, 42.881427 ], [ 77.884345, 42.882377 ], [ 77.883734, 42.88308 ], [ 77.882614, 42.883663 ], [ 77.881266, 42.883959 ], [ 77.879863, 42.884378 ], [ 77.878571, 42.884715 ], [ 77.877111, 42.885012 ], [ 77.875875, 42.885307 ], [ 77.874867, 42.885766 ], [ 77.874533, 42.886097 ], [ 77.873918, 42.886512 ], [ 77.873527, 42.886761 ], [ 77.873419, 42.887215 ], [ 77.873369, 42.887668 ], [ 77.874056, 42.888611 ], [ 77.873093, 42.888205 ], [ 77.872303, 42.888086 ], [ 77.870446, 42.888179 ], [ 77.869769, 42.8881 ], [ 77.868695, 42.887859 ], [ 77.866836, 42.887828 ], [ 77.866105, 42.887915 ], [ 77.865035, 42.887962 ], [ 77.863232, 42.887931 ], [ 77.860866, 42.887903 ], [ 77.858272, 42.887712 ], [ 77.856635, 42.887391 ], [ 77.856184, 42.887353 ], [ 77.855171, 42.887441 ], [ 77.853758, 42.887078 ], [ 77.8528, 42.887001 ], [ 77.851165, 42.886927 ], [ 77.849982, 42.886893 ], [ 77.848454, 42.886325 ], [ 77.847544, 42.885547 ], [ 77.846634, 42.884852 ], [ 77.845558, 42.884323 ], [ 77.844312, 42.883794 ], [ 77.84233, 42.882817 ], [ 77.841534, 42.882245 ], [ 77.840742, 42.881879 ], [ 77.839953, 42.881883 ], [ 77.838547, 42.882096 ], [ 77.837536, 42.882349 ], [ 77.835789, 42.882276 ], [ 77.834945, 42.882363 ], [ 77.833544, 42.882947 ], [ 77.830971, 42.884525 ], [ 77.830071, 42.884694 ], [ 77.827425, 42.884749 ], [ 77.826297, 42.884673 ], [ 77.824659, 42.88427 ], [ 77.82376, 42.884439 ], [ 77.822468, 42.884775 ], [ 77.821518, 42.885439 ], [ 77.820514, 42.886309 ], [ 77.819392, 42.886768 ], [ 77.818267, 42.886938 ], [ 77.817198, 42.887067 ], [ 77.816694, 42.887276 ], [ 77.815529, 42.888929 ], [ 77.814978, 42.890002 ], [ 77.813823, 42.892561 ], [ 77.813604, 42.893097 ], [ 77.813667, 42.893714 ], [ 77.814757, 42.895397 ], [ 77.815724, 42.896256 ], [ 77.814153, 42.896841 ], [ 77.812087, 42.89854 ], [ 77.811586, 42.899036 ], [ 77.811477, 42.899407 ], [ 77.811819, 42.899776 ], [ 77.811884, 42.900517 ], [ 77.811277, 42.901714 ], [ 77.810664, 42.902335 ], [ 77.808922, 42.902755 ], [ 77.807518, 42.903174 ], [ 77.806732, 42.903384 ], [ 77.805605, 42.903431 ], [ 77.804423, 42.903519 ], [ 77.803861, 42.903605 ], [ 77.803581, 42.903812 ], [ 77.80241, 42.904929 ], [ 77.801625, 42.905263 ], [ 77.800837, 42.905349 ], [ 77.799709, 42.905314 ], [ 77.798697, 42.905442 ], [ 77.79791, 42.905693 ], [ 77.797296, 42.906231 ], [ 77.796524, 42.907718 ], [ 77.796248, 42.908254 ], [ 77.795183, 42.908754 ], [ 77.794451, 42.908881 ], [ 77.794058, 42.908965 ], [ 77.793556, 42.90942 ], [ 77.793446, 42.90975 ], [ 77.792781, 42.910783 ], [ 77.792222, 42.911198 ], [ 77.791603, 42.911283 ], [ 77.789575, 42.911293 ], [ 77.788451, 42.911587 ], [ 77.786829, 42.912748 ], [ 77.78554, 42.913413 ], [ 77.784418, 42.913871 ], [ 77.782226, 42.914458 ], [ 77.780651, 42.914754 ], [ 77.779468, 42.914801 ], [ 77.778506, 42.914435 ], [ 77.777826, 42.914109 ], [ 77.77647, 42.913786 ], [ 77.775625, 42.913749 ], [ 77.774383, 42.913549 ], [ 77.773817, 42.913387 ], [ 77.772966, 42.912815 ], [ 77.772232, 42.912695 ], [ 77.770596, 42.912579 ], [ 77.769063, 42.911434 ], [ 77.768439, 42.911108 ], [ 77.7676244, 42.9104361 ], [ 77.767075, 42.909961 ], [ 77.766844, 42.909468 ], [ 77.766558, 42.909058 ], [ 77.766219, 42.908936 ], [ 77.765258, 42.908652 ], [ 77.764349, 42.907957 ], [ 77.763436, 42.906849 ], [ 77.762978, 42.906193 ], [ 77.762694, 42.905906 ], [ 77.762298, 42.905743 ], [ 77.761004, 42.905955 ], [ 77.759993, 42.906289 ], [ 77.758361, 42.906544 ], [ 77.757237, 42.906796 ], [ 77.755043, 42.9074167 ], [ 77.754427, 42.907591 ], [ 77.753527, 42.907719 ], [ 77.752624, 42.9076 ], [ 77.751668, 42.90781 ], [ 77.751166, 42.908306 ], [ 77.74997, 42.90866 ], [ 77.74937, 42.908785 ], [ 77.747528, 42.909127 ], [ 77.746585, 42.909345 ], [ 77.745986, 42.909344 ], [ 77.745643, 42.909185 ], [ 77.745258, 42.908869 ], [ 77.743803, 42.90754 ], [ 77.743247, 42.907318 ], [ 77.741791, 42.907093 ], [ 77.739778, 42.906962 ], [ 77.738707, 42.906959 ], [ 77.73755, 42.90705 ], [ 77.736908, 42.90708 ], [ 77.736137, 42.907015 ], [ 77.735581, 42.906729 ], [ 77.7353971, 42.9066367 ], [ 77.734382, 42.906127 ], [ 77.733141, 42.90565 ], [ 77.732156, 42.905237 ], [ 77.731429, 42.904731 ], [ 77.731087, 42.904509 ], [ 77.73083, 42.904477 ], [ 77.73023, 42.904507 ], [ 77.7285623, 42.9051904 ], [ 77.728473, 42.905227 ], [ 77.727272, 42.906107 ], [ 77.725814, 42.906797 ], [ 77.725, 42.907237 ], [ 77.724357, 42.90774 ], [ 77.723027, 42.908808 ], [ 77.722041, 42.909405 ], [ 77.721012, 42.909749 ], [ 77.719427, 42.909997 ], [ 77.71857, 42.909868 ], [ 77.718014, 42.909677 ], [ 77.716344, 42.908979 ], [ 77.715317, 42.908408 ], [ 77.71459, 42.907712 ], [ 77.713864, 42.906669 ], [ 77.7129175, 42.905912 ], [ 77.712795, 42.905814 ], [ 77.711768, 42.905022 ], [ 77.710741, 42.904577 ], [ 77.708557, 42.904319 ], [ 77.707401, 42.904315 ], [ 77.707058, 42.90444 ], [ 77.7068, 42.904661 ], [ 77.706285, 42.905416 ], [ 77.705684, 42.905919 ], [ 77.705041, 42.906201 ], [ 77.704442, 42.906262 ], [ 77.704142, 42.906262 ], [ 77.702557, 42.906131 ], [ 77.701787, 42.905939 ], [ 77.699348, 42.904638 ], [ 77.698149, 42.90413 ], [ 77.69755, 42.903939 ], [ 77.696993, 42.903906 ], [ 77.695493, 42.9045 ], [ 77.694678, 42.904939 ], [ 77.694077, 42.905569 ], [ 77.693048, 42.906323 ], [ 77.69279, 42.906669 ], [ 77.69296, 42.907111 ], [ 77.693345, 42.907585 ], [ 77.693515, 42.907933 ], [ 77.693472, 42.908343 ], [ 77.693128, 42.908815 ], [ 77.6930147, 42.9088758 ], [ 77.692485, 42.90916 ], [ 77.691627, 42.909473 ], [ 77.690512, 42.910006 ], [ 77.689697, 42.910634 ], [ 77.687851, 42.912237 ], [ 77.68605, 42.913146 ], [ 77.685107, 42.913459 ], [ 77.684293, 42.913551 ], [ 77.683779, 42.913486 ], [ 77.683051, 42.913295 ], [ 77.682237, 42.913387 ], [ 77.681508, 42.913732 ], [ 77.680907, 42.914203 ], [ 77.680349, 42.914864 ], [ 77.678676, 42.915584 ], [ 77.678075, 42.915929 ], [ 77.677517, 42.9164 ], [ 77.67696, 42.916746 ], [ 77.675973, 42.917121 ], [ 77.675116, 42.917213 ], [ 77.674345, 42.917147 ], [ 77.67366, 42.917177 ], [ 77.671945, 42.917486 ], [ 77.670445, 42.917955 ], [ 77.670059, 42.917922 ], [ 77.669589, 42.917542 ], [ 77.669249, 42.916468 ], [ 77.668694, 42.915646 ], [ 77.667925, 42.915013 ], [ 77.667497, 42.914601 ], [ 77.667113, 42.914032 ], [ 77.666771, 42.913715 ], [ 77.666187, 42.9133747 ], [ 77.665144, 42.913268 ], [ 77.664545, 42.913235 ], [ 77.663687, 42.913516 ], [ 77.6633378, 42.913748299999988 ], [ 77.663215, 42.91383 ], [ 77.662315, 42.914142 ], [ 77.661844, 42.914141 ], [ 77.6614383, 42.9139902 ], [ 77.66133, 42.91395 ], [ 77.659449, 42.91265 ], [ 77.658679, 42.912048 ], [ 77.658124, 42.911541 ], [ 77.657653, 42.911382 ], [ 77.656625, 42.911315 ], [ 77.655939, 42.911439 ], [ 77.655638, 42.911722 ], [ 77.654435, 42.913043 ], [ 77.653748, 42.913672 ], [ 77.652847, 42.914236 ], [ 77.651603, 42.914705 ], [ 77.650617, 42.914923 ], [ 77.649288, 42.915171 ], [ 77.648345, 42.915546 ], [ 77.6481455, 42.9156835 ], [ 77.647572, 42.916079 ], [ 77.646157, 42.916485 ], [ 77.644057, 42.916824 ], [ 77.642943, 42.916884 ], [ 77.6408, 42.917191 ], [ 77.640243, 42.917253 ], [ 77.639473, 42.916934 ], [ 77.6387264, 42.9164956 ], [ 77.638446, 42.916331 ], [ 77.637676, 42.91595 ], [ 77.636777, 42.915821 ], [ 77.635835, 42.915786 ], [ 77.634034, 42.916126 ], [ 77.632919, 42.916501 ], [ 77.6327218, 42.91656 ], [ 77.63219, 42.916719 ], [ 77.631205, 42.916779 ], [ 77.630133, 42.916806 ], [ 77.628376, 42.91721 ], [ 77.627002, 42.917868 ], [ 77.62653, 42.918181 ], [ 77.624941, 42.919311 ], [ 77.624255, 42.919498 ], [ 77.623355, 42.919621 ], [ 77.622584, 42.919492 ], [ 77.622028, 42.919269 ], [ 77.620659, 42.918601 ], [ 77.619293, 42.917177 ], [ 77.6187196, 42.9167216 ], [ 77.618225, 42.916416 ], [ 77.617411, 42.916286 ], [ 77.616554, 42.916188 ], [ 77.615185, 42.915773 ], [ 77.614587, 42.915172 ], [ 77.614247, 42.914508 ], [ 77.613862, 42.914317 ], [ 77.613177, 42.914125 ], [ 77.612577, 42.914186 ], [ 77.611977, 42.914405 ], [ 77.611205, 42.914528 ], [ 77.610605, 42.914462 ], [ 77.609964, 42.914271 ], [ 77.609236, 42.914016 ], [ 77.608123, 42.913822 ], [ 77.607566, 42.913883 ], [ 77.606965, 42.91407 ], [ 77.606364, 42.914478 ], [ 77.605805, 42.91498 ], [ 77.605075, 42.915546 ], [ 77.6037, 42.916613 ], [ 77.6034967, 42.916873 ], [ 77.603356, 42.917053 ], [ 77.602712, 42.917303 ], [ 77.601984, 42.917363 ], [ 77.601171, 42.917108 ], [ 77.6006371, 42.9169036 ], [ 77.599588, 42.916502 ], [ 77.598562, 42.915962 ], [ 77.597662, 42.915832 ], [ 77.596207, 42.91548 ], [ 77.595051, 42.91538 ], [ 77.594708, 42.915442 ], [ 77.592993, 42.915688 ], [ 77.592607, 42.915749 ], [ 77.589737, 42.91558 ], [ 77.58811, 42.915384 ], [ 77.586868, 42.915285 ], [ 77.58584, 42.915312 ], [ 77.584725, 42.915497 ], [ 77.58391, 42.915715 ], [ 77.583053, 42.915806 ], [ 77.582625, 42.915804 ], [ 77.58194, 42.91558 ], [ 77.581469, 42.915515 ], [ 77.581041, 42.915514 ], [ 77.58074, 42.915607 ], [ 77.580309, 42.916299 ], [ 77.579748, 42.91737 ], [ 77.579703, 42.917874 ], [ 77.5797019, 42.9181958 ], [ 77.5797, 42.918789 ], [ 77.579567, 42.919893 ], [ 77.579221, 42.920617 ], [ 77.578361, 42.921466 ], [ 77.577457, 42.922345 ], [ 77.576681, 42.923572 ], [ 77.576036, 42.924264 ], [ 77.575306, 42.924608 ], [ 77.574534, 42.924668 ], [ 77.573591, 42.924696 ], [ 77.572564, 42.92447 ], [ 77.570937, 42.92418 ], [ 77.569994, 42.924176 ], [ 77.568537, 42.924264 ], [ 77.567551, 42.924481 ], [ 77.565749, 42.92501 ], [ 77.564376, 42.925446 ], [ 77.563431, 42.925978 ], [ 77.562398, 42.926889 ], [ 77.561451, 42.927894 ], [ 77.560721, 42.928333 ], [ 77.559519, 42.928896 ], [ 77.55939, 42.92899 ], [ 77.560417, 42.929341 ], [ 77.561357, 42.92985 ], [ 77.563196, 42.930741 ], [ 77.564007, 42.931628 ], [ 77.564648, 42.932041 ], [ 77.565671, 42.933275 ], [ 77.565884, 42.933529 ], [ 77.567084, 42.93366 ], [ 77.567382, 42.93404 ], [ 77.567552, 42.934482 ], [ 77.568063, 42.935084 ], [ 77.568832, 42.935781 ], [ 77.567117, 42.935963 ], [ 77.565701, 42.936367 ], [ 77.565357, 42.936681 ], [ 77.564927, 42.937027 ], [ 77.564497, 42.937214 ], [ 77.563126, 42.937114 ], [ 77.561542, 42.936823 ], [ 77.560471, 42.936756 ], [ 77.558842, 42.936686 ], [ 77.557341, 42.9369 ], [ 77.55584, 42.937272 ], [ 77.554593, 42.938182 ], [ 77.553774, 42.939219 ], [ 77.553126, 42.940321 ], [ 77.552824, 42.940824 ], [ 77.552523, 42.941107 ], [ 77.551924, 42.940915 ], [ 77.550685, 42.939932 ], [ 77.549915, 42.939487 ], [ 77.549187, 42.939389 ], [ 77.545202, 42.939277 ], [ 77.543573, 42.93927 ], [ 77.542973, 42.939299 ], [ 77.542331, 42.939138 ], [ 77.541006, 42.938375 ], [ 77.539893, 42.937992 ], [ 77.538522, 42.937828 ], [ 77.537365, 42.937886 ], [ 77.536507, 42.93804 ], [ 77.535308, 42.937877 ], [ 77.535093, 42.937908 ], [ 77.533636, 42.93787 ], [ 77.532694, 42.937802 ], [ 77.531882, 42.937325 ], [ 77.531369, 42.937071 ], [ 77.530684, 42.936815 ], [ 77.52987, 42.93678 ], [ 77.528713, 42.936775 ], [ 77.528071, 42.936583 ], [ 77.527172, 42.936358 ], [ 77.526529, 42.936292 ], [ 77.526321, 42.935155 ], [ 77.525896, 42.934333 ], [ 77.525384, 42.933794 ], [ 77.525129, 42.933383 ], [ 77.52479, 42.932593 ], [ 77.524449, 42.932244 ], [ 77.523295, 42.931608 ], [ 77.522226, 42.931161 ], [ 77.521544, 42.930496 ], [ 77.5210441, 42.9299713 ], [ 77.520819, 42.929735 ], [ 77.52035, 42.929197 ], [ 77.519922, 42.929037 ], [ 77.519237, 42.929034 ], [ 77.5184571, 42.9295032 ], [ 77.518248, 42.929629 ], [ 77.517303, 42.930066 ], [ 77.516316, 42.930314 ], [ 77.515759, 42.930311 ], [ 77.513574, 42.93027 ], [ 77.512503, 42.930138 ], [ 77.511262, 42.929786 ], [ 77.5106816, 42.9297581 ], [ 77.510534, 42.929751 ], [ 77.509462, 42.929872 ], [ 77.508648, 42.929836 ], [ 77.508264, 42.929582 ], [ 77.507624, 42.928885 ], [ 77.506643, 42.928029 ], [ 77.5062452, 42.9277962 ], [ 77.506045, 42.927679 ], [ 77.505105, 42.92717 ], [ 77.50442, 42.927103 ], [ 77.50322, 42.927098 ], [ 77.502276, 42.927283 ], [ 77.501248, 42.927183 ], [ 77.500479, 42.926832 ], [ 77.499428, 42.926504 ], [ 77.498646, 42.9256 ], [ 77.498213, 42.925259 ], [ 77.497353, 42.925014 ], [ 77.496451, 42.924896 ], [ 77.495338, 42.924904 ], [ 77.49337, 42.925171 ], [ 77.491315, 42.925312 ], [ 77.489644, 42.925293 ], [ 77.488012, 42.924992 ], [ 77.486765, 42.924688 ], [ 77.485265, 42.924637 ], [ 77.483638, 42.924743 ], [ 77.482356, 42.925035 ], [ 77.481503, 42.925356 ], [ 77.481122, 42.925704 ], [ 77.480745, 42.926365 ], [ 77.4803869, 42.927718 ], [ 77.480171, 42.928534 ], [ 77.477962, 42.93357 ], [ 77.476808, 42.937344 ], [ 77.476347, 42.938194 ], [ 77.475963, 42.938354 ], [ 77.473058, 42.93916 ], [ 77.47216, 42.939324 ], [ 77.47156, 42.939266 ], [ 77.470312, 42.938836 ], [ 77.46867, 42.937719 ], [ 77.466856, 42.936603 ], [ 77.464099, 42.935369 ], [ 77.463278, 42.934873 ], [ 77.46219, 42.933469 ], [ 77.4616894, 42.932685 ], [ 77.461492, 42.932376 ], [ 77.46045, 42.931286 ], [ 77.45937, 42.930541 ], [ 77.456826, 42.929242 ], [ 77.456051, 42.928935 ], [ 77.455105, 42.928596 ], [ 77.453484, 42.929204 ], [ 77.452202, 42.929528 ], [ 77.450833, 42.929694 ], [ 77.449804, 42.929702 ], [ 77.448902, 42.92952 ], [ 77.447437, 42.928841 ], [ 77.441884, 42.926623 ], [ 77.440291, 42.925975 ], [ 77.43883, 42.925578 ], [ 77.437714, 42.925461 ], [ 77.436814, 42.925436 ], [ 77.435957, 42.925473 ], [ 77.434419, 42.925861 ], [ 77.433051, 42.92609 ], [ 77.431767, 42.926257 ], [ 77.43057, 42.926485 ], [ 77.429804, 42.926929 ], [ 77.429122, 42.927217 ], [ 77.422409, 42.928488 ], [ 77.421248, 42.928151 ], [ 77.420302, 42.927907 ], [ 77.418928, 42.927634 ], [ 77.417552, 42.927173 ], [ 77.416129, 42.926399 ], [ 77.414836, 42.925687 ], [ 77.413973, 42.925159 ], [ 77.412383, 42.924794 ], [ 77.410923, 42.924522 ], [ 77.406452, 42.92311 ], [ 77.405335, 42.922835 ], [ 77.404903, 42.922587 ], [ 77.404597, 42.921962 ], [ 77.404329, 42.920991 ], [ 77.404317, 42.919925 ], [ 77.404055, 42.919456 ], [ 77.402806, 42.918837 ], [ 77.397386, 42.916898 ], [ 77.395624, 42.916377 ], [ 77.395107, 42.916161 ], [ 77.394805, 42.915912 ], [ 77.394458, 42.915538 ], [ 77.393811, 42.915103 ], [ 77.391878, 42.914614 ], [ 77.390459, 42.914185 ], [ 77.388997, 42.913661 ], [ 77.387623, 42.913388 ], [ 77.385435, 42.913089 ], [ 77.3834118, 42.9128419 ], [ 77.3826, 42.912356 ], [ 77.381047, 42.911331 ], [ 77.379537, 42.910368 ], [ 77.378587, 42.909685 ], [ 77.378201, 42.909562 ], [ 77.376958, 42.90957 ], [ 77.375971, 42.909388 ], [ 77.375111, 42.909049 ], [ 77.374378, 42.908583 ], [ 77.373518, 42.908338 ], [ 77.37262, 42.908407 ], [ 77.37129, 42.90829 ], [ 77.370475, 42.90817 ], [ 77.368498, 42.907493 ], [ 77.367421, 42.906904 ], [ 77.36647, 42.906063 ], [ 77.364219, 42.903819 ], [ 77.363653, 42.902945 ], [ 77.363178, 42.902603 ], [ 77.362534, 42.902419 ], [ 77.360388, 42.901993 ], [ 77.359101, 42.901845 ], [ 77.358371, 42.901662 ], [ 77.357208, 42.901042 ], [ 77.355786, 42.90011 ], [ 77.354838, 42.899614 ], [ 77.353718, 42.898962 ], [ 77.352688, 42.898749 ], [ 77.350801, 42.898542 ], [ 77.350501, 42.898513 ], [ 77.350252, 42.899267 ], [ 77.34983, 42.899929 ], [ 77.349533, 42.900213 ], [ 77.345911, 42.902025 ], [ 77.344885, 42.902219 ], [ 77.343688, 42.902541 ], [ 77.342877, 42.902797 ], [ 77.342494, 42.903019 ], [ 77.340581, 42.904474 ], [ 77.338792, 42.905458 ], [ 77.337682, 42.905905 ], [ 77.336529, 42.906257 ], [ 77.335288, 42.906328 ], [ 77.334688, 42.906363 ], [ 77.334348, 42.906584 ], [ 77.33329, 42.90794 ], [ 77.332482, 42.90851 ], [ 77.330175, 42.909183 ], [ 77.32872, 42.909318 ], [ 77.327736, 42.909418 ], [ 77.327138, 42.909673 ], [ 77.325776, 42.91056 ], [ 77.324284, 42.911259 ], [ 77.323135, 42.912145 ], [ 77.322756, 42.912743 ], [ 77.32255, 42.913592 ], [ 77.319585, 42.912732 ], [ 77.317438, 42.91218 ], [ 77.31568, 42.911972 ], [ 77.31448, 42.911916 ], [ 77.313496, 42.91211 ], [ 77.312345, 42.912682 ], [ 77.3107852, 42.9140553 ], [ 77.310263, 42.914515 ], [ 77.309199, 42.915305 ], [ 77.308687, 42.915497 ], [ 77.306546, 42.915635 ], [ 77.305135, 42.915926 ], [ 77.302013, 42.916541 ], [ 77.300428, 42.916582 ], [ 77.298584, 42.916374 ], [ 77.297251, 42.91588 ], [ 77.296516, 42.915131 ], [ 77.296122, 42.914161 ], [ 77.2963089, 42.9134563 ], [ 77.297322, 42.909636 ], [ 77.297315, 42.908852 ], [ 77.296966, 42.908132 ], [ 77.296405, 42.907728 ], [ 77.295503, 42.907513 ], [ 77.294861, 42.90758 ], [ 77.291528, 42.908416 ], [ 77.290074, 42.908769 ], [ 77.288749, 42.909028 ], [ 77.287294, 42.909162 ], [ 77.286781, 42.909291 ], [ 77.28559, 42.91027 ], [ 77.284395, 42.910748 ], [ 77.283068, 42.910881 ], [ 77.281358, 42.911236 ], [ 77.279306, 42.91175 ], [ 77.27841, 42.912132 ], [ 77.277083, 42.912328 ], [ 77.275498, 42.912275 ], [ 77.274085, 42.912377 ], [ 77.27293, 42.912635 ], [ 77.2723258, 42.9128762 ], [ 77.271735, 42.913112 ], [ 77.270883, 42.913619 ], [ 77.270284, 42.913685 ], [ 77.2687711, 42.9130963 ], [ 77.266332, 42.912578 ], [ 77.265087, 42.912209 ], [ 77.263716, 42.912217 ], [ 77.260932, 42.912264 ], [ 77.259603, 42.912177 ], [ 77.258015, 42.911904 ], [ 77.256987, 42.911847 ], [ 77.255316, 42.911919 ], [ 77.25382, 42.912273 ], [ 77.252323, 42.912532 ], [ 77.250909, 42.912477 ], [ 77.249395, 42.91218 ], [ 77.248239, 42.911926 ], [ 77.246397, 42.911829 ], [ 77.244768, 42.912016 ], [ 77.24314, 42.91255 ], [ 77.242282, 42.912738 ], [ 77.24164, 42.912737 ], [ 77.240098, 42.912483 ], [ 77.237057, 42.911848 ], [ 77.236072, 42.911752 ], [ 77.234786, 42.911813 ], [ 77.233629, 42.912064 ], [ 77.230028, 42.913603 ], [ 77.228828, 42.913853 ], [ 77.227285, 42.913977 ], [ 77.226043, 42.914007 ], [ 77.224929, 42.9141 ], [ 77.2242, 42.914414 ], [ 77.223428, 42.915011 ], [ 77.222955, 42.915673 ], [ 77.2226122, 42.917431199999989 ], [ 77.222562, 42.920053 ], [ 77.222775, 42.920999 ], [ 77.2235032, 42.9218541 ], [ 77.223716, 42.922104 ], [ 77.225685, 42.923462 ], [ 77.225597, 42.924439 ], [ 77.22375, 42.927368 ], [ 77.223235, 42.927745 ], [ 77.222635, 42.927808 ], [ 77.221692, 42.927586 ], [ 77.220236, 42.927394 ], [ 77.21835, 42.927706 ], [ 77.217278, 42.927705 ], [ 77.2170791, 42.9276628 ], [ 77.21398, 42.927006 ], [ 77.212608, 42.927098 ], [ 77.211537, 42.927317 ], [ 77.21042, 42.928576 ], [ 77.208702, 42.930307 ], [ 77.207416, 42.930715 ], [ 77.205014, 42.931593 ], [ 77.20068, 42.934423 ], [ 77.198919, 42.936311 ], [ 77.196515, 42.938324 ], [ 77.194926, 42.939424 ], [ 77.193597, 42.939895 ], [ 77.192482, 42.940113 ], [ 77.191324, 42.940458 ], [ 77.19025, 42.941496 ], [ 77.189391, 42.94203 ], [ 77.187933, 42.942406 ], [ 77.186218, 42.942497 ], [ 77.185318, 42.94259 ], [ 77.183774, 42.943029 ], [ 77.182185, 42.944034 ], [ 77.180593, 42.946616 ], [ 77.179907, 42.946993 ], [ 77.179135, 42.947055 ], [ 77.178492, 42.94699 ], [ 77.173267, 42.944868 ], [ 77.171682, 42.944455 ], [ 77.166753, 42.944193 ], [ 77.164996, 42.943938 ], [ 77.161098, 42.943078 ], [ 77.159598, 42.943044 ], [ 77.158783, 42.943105 ], [ 77.156765, 42.944425 ], [ 77.154789, 42.945902 ], [ 77.152598, 42.947663 ], [ 77.151609, 42.948669 ], [ 77.15135, 42.949173 ], [ 77.151219, 42.950213 ], [ 77.151858, 42.951633 ], [ 77.153567, 42.953622 ], [ 77.154765, 42.954444 ], [ 77.155878, 42.955014 ], [ 77.15622, 42.955393 ], [ 77.156519, 42.955898 ], [ 77.156302, 42.95678 ], [ 77.1543739, 42.9604378 ], [ 77.1538298, 42.96147 ], [ 77.08692, 42.96646 ], [ 77.0709195, 42.963549 ], [ 77.06279, 42.96207 ], [ 77.057376, 42.9617954 ], [ 77.05648, 42.96175 ], [ 77.0554241, 42.961695 ], [ 77.05168, 42.9615 ], [ 77.0488055, 42.961354 ], [ 77.04282, 42.96105 ], [ 77.0295941, 42.9643326 ], [ 77.02207, 42.9662 ], [ 77.0143315, 42.9681268 ], [ 77.00725, 42.96989 ], [ 76.995716, 42.9705495 ], [ 76.99046, 42.97085 ], [ 76.981324, 42.9728998 ], [ 76.97281, 42.97481 ], [ 76.9647855, 42.9777712 ], [ 76.9604821, 42.9793592 ], [ 76.9515686, 42.9806993 ], [ 76.94684, 42.98141 ], [ 76.9462688, 42.9814715 ], [ 76.94322, 42.9818 ], [ 76.9297337, 42.9832357 ], [ 76.92913, 42.9833 ], [ 76.9255266, 42.9831906 ], [ 76.89949, 42.9824 ], [ 76.8990788, 42.9824275 ], [ 76.88992, 42.98304 ], [ 76.85968, 42.98508 ], [ 76.846225, 42.982545 ], [ 76.82908, 42.97205 ], [ 76.825599, 42.9688798 ], [ 76.81452, 42.95879 ], [ 76.80683, 42.95374 ], [ 76.8026, 42.95096 ], [ 76.7988607, 42.9509769 ], [ 76.79153, 42.95101 ], [ 76.7803531, 42.9510719 ], [ 76.77709, 42.95109 ], [ 76.7726718, 42.9504644 ], [ 76.7624, 42.94901 ], [ 76.75546, 42.94591 ], [ 76.75162, 42.94208 ], [ 76.7496179, 42.9344901 ], [ 76.7495781, 42.934338499999988 ], [ 76.7484995, 42.9302292 ], [ 76.7455738, 42.9254439 ], [ 76.73906, 42.91479 ], [ 76.72889, 42.90716 ], [ 76.72595, 42.90613 ], [ 76.72324, 42.90518 ], [ 76.70484, 42.90407 ], [ 76.68709, 42.90539 ], [ 76.6866446, 42.9054234 ], [ 76.68589, 42.90548 ], [ 76.68429, 42.90591 ], [ 76.67507, 42.90838 ], [ 76.6584341, 42.9073836 ], [ 76.65637, 42.90726 ], [ 76.65057, 42.90821 ], [ 76.6501572, 42.9082776 ], [ 76.63653, 42.91051 ], [ 76.60732, 42.91273 ], [ 76.6061642, 42.9125837 ], [ 76.60329, 42.91222 ], [ 76.6012206, 42.9119649 ], [ 76.59818, 42.91159 ], [ 76.57922, 42.90921 ], [ 76.56647, 42.9096 ], [ 76.5484455, 42.9138356 ], [ 76.53149, 42.91782 ], [ 76.5236734, 42.9182286 ], [ 76.51408, 42.91873 ], [ 76.51197, 42.91818 ], [ 76.50906, 42.91742 ], [ 76.5069813, 42.9130779 ], [ 76.50298, 42.90472 ], [ 76.5026679, 42.9040677 ], [ 76.50187, 42.9024 ], [ 76.49692, 42.89834 ], [ 76.48538, 42.88887 ], [ 76.4639716, 42.8860674 ], [ 76.45979, 42.88552 ], [ 76.45792, 42.88557 ], [ 76.4576, 42.88558 ], [ 76.453375400000013, 42.8856962 ], [ 76.44487, 42.88593 ], [ 76.41819, 42.87927 ], [ 76.37825, 42.8693 ], [ 76.34708, 42.86553 ], [ 76.32314, 42.86602 ], [ 76.3184315, 42.869008 ], [ 76.31545, 42.8709 ], [ 76.31376, 42.87364 ], [ 76.3134114, 42.874205 ], [ 76.31033, 42.8792 ], [ 76.3085432, 42.8860165 ], [ 76.30844, 42.88641 ], [ 76.3082822, 42.887014099999988 ], [ 76.30541, 42.89801 ], [ 76.3034141, 42.9006379 ], [ 76.30102, 42.90379 ], [ 76.3002388, 42.904826 ], [ 76.29964, 42.90562 ], [ 76.27868, 42.91637 ], [ 76.274098600000016, 42.9176431 ], [ 76.26846, 42.91921 ], [ 76.24043, 42.91812 ], [ 76.2251378, 42.9191708 ], [ 76.21307, 42.92 ], [ 76.2046393, 42.9196997 ], [ 76.19847, 42.91948 ], [ 76.184157399999989, 42.9189772 ], [ 76.1825302, 42.91892 ], [ 76.181997, 42.9189706 ], [ 76.16345, 42.92073 ], [ 76.16197, 42.92087 ], [ 76.1437719, 42.9225903 ], [ 76.13436, 42.92348 ], [ 76.12983, 42.92289 ], [ 76.1185282, 42.9214341 ], [ 76.11283, 42.9207 ], [ 76.1057318, 42.9189177 ], [ 76.09439, 42.91607 ], [ 76.0883929, 42.9145707 ], [ 76.08283, 42.91318 ], [ 76.0718831, 42.9119443 ], [ 76.06715, 42.91141 ], [ 76.05258, 42.90977 ], [ 76.0492293, 42.9097994 ], [ 76.03547, 42.90992 ], [ 76.02277, 42.91391 ], [ 76.0217125, 42.9149935 ], [ 76.02114, 42.91558 ], [ 76.0071221, 42.9300478 ], [ 76.0067153, 42.9301058 ], [ 76.00654, 42.93013 ], [ 76.0063459, 42.9301603 ], [ 76.00577, 42.93025 ], [ 75.99875, 42.93126 ], [ 75.9937051, 42.9304318 ], [ 75.98407, 42.92885 ], [ 75.96387, 42.93317 ], [ 75.96079, 42.93383 ], [ 75.9599555, 42.9343087 ], [ 75.95753, 42.9357 ], [ 75.94256, 42.94427 ], [ 75.9375201, 42.9486513 ], [ 75.93575, 42.95019 ], [ 75.93301, 42.95257 ], [ 75.92712, 42.95444 ], [ 75.9268283, 42.9544325 ], [ 75.92673, 42.95443 ], [ 75.9225799, 42.9542477 ], [ 75.91808, 42.95405 ], [ 75.91436, 42.9522 ], [ 75.9016948, 42.9459118 ], [ 75.89583, 42.943 ], [ 75.87902, 42.94655 ], [ 75.8736988, 42.9476721 ], [ 75.86228, 42.95008 ], [ 75.8564097, 42.948047699999989 ], [ 75.85347, 42.94703 ], [ 75.83919, 42.94207 ], [ 75.8201002, 42.9354376 ], [ 75.81507, 42.93369 ], [ 75.80119, 42.91775 ], [ 75.7891698, 42.9002095 ], [ 75.77343, 42.85431 ], [ 75.7733384, 42.8536282 ], [ 75.77226, 42.8456 ], [ 75.7715192, 42.8400472 ], [ 75.771088, 42.8368182 ], [ 75.77107, 42.83671 ], [ 75.75878, 42.82076 ], [ 75.7540646, 42.8176467 ], [ 75.73438, 42.80465 ], [ 75.7250295, 42.8007992 ], [ 75.71629, 42.7972 ], [ 75.7119747, 42.7966914 ], [ 75.71069, 42.79654 ], [ 75.70391, 42.79779 ], [ 75.700526, 42.7984164 ], [ 75.69921, 42.79866 ], [ 75.68568, 42.80484 ], [ 75.68096, 42.80699 ], [ 75.6724671, 42.8093933 ], [ 75.65958, 42.81304 ], [ 75.6434396, 42.8157941 ], [ 75.64153, 42.81612 ], [ 75.6412351, 42.8161698 ], [ 75.63555, 42.81713 ], [ 75.6165488, 42.8203599 ], [ 75.61396, 42.8208 ], [ 75.6019785, 42.8205536 ], [ 75.58089, 42.82012 ], [ 75.5782, 42.82055 ], [ 75.5669187, 42.8223613 ], [ 75.55528, 42.82423 ], [ 75.55206, 42.82274 ], [ 75.5493503, 42.8214902 ], [ 75.52085, 42.82331 ], [ 75.5099069, 42.8240146 ], [ 75.4907214, 42.8252499 ], [ 75.4877485, 42.8248152 ], [ 75.48662, 42.82465 ], [ 75.47973, 42.82366 ], [ 75.45142, 42.81959 ], [ 75.4278292, 42.8220202 ], [ 75.4207377, 42.8234525 ], [ 75.4157, 42.82447 ], [ 75.37349, 42.83738 ], [ 75.3707572, 42.8383472 ], [ 75.36459, 42.84053 ], [ 75.35393, 42.84429 ], [ 75.3416994, 42.8512086 ], [ 75.34073, 42.85148 ], [ 75.3382305, 42.8521954 ], [ 75.33507, 42.8531 ], [ 75.326648, 42.8552711 ], [ 75.32576, 42.8555 ], [ 75.32203, 42.85646 ], [ 75.3200635, 42.8562566 ], [ 75.31826, 42.85607 ], [ 75.28662, 42.8527 ], [ 75.2843267, 42.8524519 ], [ 75.28283, 42.85229 ], [ 75.2795325, 42.8519414 ], [ 75.2746, 42.85142 ], [ 75.2664463, 42.8481391 ], [ 75.26031, 42.84567 ], [ 75.25324, 42.84283 ], [ 75.2519159, 42.8425031 ], [ 75.24676, 42.84123 ], [ 75.23238, 42.83767 ], [ 75.21479, 42.83981 ], [ 75.2039155, 42.8411281 ], [ 75.2019196, 42.8413703 ], [ 75.2012315, 42.8419125 ], [ 75.19857, 42.84401 ], [ 75.19296, 42.84843 ], [ 75.1838351, 42.8483943 ], [ 75.16995, 42.84834 ], [ 75.1688497, 42.8484734 ], [ 75.1683, 42.84854 ], [ 75.1594668, 42.8496502 ], [ 75.15732, 42.84992 ], [ 75.1515762, 42.855200599999989 ], [ 75.13686, 42.86873 ], [ 75.1354489, 42.8700363 ], [ 75.13511, 42.87035 ], [ 75.1348709, 42.8705692 ], [ 75.1331223, 42.8729429 ], [ 75.12886, 42.87873 ], [ 75.09533, 42.89058 ], [ 75.08417, 42.89271 ], [ 75.08042, 42.89542 ], [ 75.0797678, 42.8984033 ], [ 75.0788704, 42.9025083 ], [ 75.06452, 42.90823 ], [ 75.0623505, 42.9090942 ], [ 75.05724, 42.91113 ], [ 75.05403, 42.91133 ], [ 75.04906, 42.91163 ], [ 75.0453003, 42.9139009 ], [ 75.04459, 42.91433 ], [ 75.04009, 42.91705 ], [ 75.0371619, 42.9178341 ], [ 75.03475, 42.91848 ], [ 75.0341298, 42.9186503 ], [ 75.0281831, 42.9252597 ], [ 75.0243506, 42.9295193 ], [ 75.0227748, 42.9297666 ], [ 75.01841, 42.93045 ], [ 75.0147236, 42.9310331 ], [ 75.01095, 42.93163 ], [ 75.00659, 42.93752 ], [ 75.0064351, 42.9377267 ], [ 75.00492, 42.93978 ], [ 75.00162, 42.94064 ], [ 75.0, 42.94106 ], [ 74.99572, 42.94218 ], [ 74.9908461, 42.9434441 ], [ 74.98851, 42.94405 ], [ 74.97816, 42.94279 ], [ 74.97441, 42.94233 ], [ 74.9732897, 42.9424429 ], [ 74.97312, 42.94246 ], [ 74.96398, 42.94336 ], [ 74.95601, 42.94691 ], [ 74.95589, 42.94696 ], [ 74.9451, 42.95147 ], [ 74.94148, 42.95629 ], [ 74.9403346, 42.9578127 ], [ 74.93978, 42.95855 ], [ 74.93417, 42.95991 ], [ 74.929010800000015, 42.9579424 ], [ 74.92515, 42.95647 ], [ 74.92216, 42.95924 ], [ 74.9212714, 42.9600554 ], [ 74.92046, 42.9608 ], [ 74.91919, 42.96561 ], [ 74.92104, 42.9743 ], [ 74.92005, 42.97611 ], [ 74.91916, 42.97773 ], [ 74.9170605, 42.9791401 ], [ 74.91581, 42.97998 ], [ 74.9120787, 42.9824766 ], [ 74.91167, 42.98275 ], [ 74.905708, 42.9837246 ], [ 74.89919, 42.98479 ], [ 74.8980044, 42.9854816 ], [ 74.89451, 42.98752 ], [ 74.88601, 42.98856 ], [ 74.87985, 42.98932 ], [ 74.8714, 42.99285 ], [ 74.85308, 43.00064 ], [ 74.84422, 43.0044 ], [ 74.8433427, 43.0046007 ], [ 74.84304, 43.00467 ], [ 74.8375, 43.0059 ], [ 74.8312198, 43.0058497 ], [ 74.8303337, 43.0045608 ], [ 74.83023, 43.00441 ], [ 74.8297356, 43.003687 ], [ 74.82424, 42.99565 ], [ 74.82172, 42.99526 ], [ 74.8193638, 42.9949028 ], [ 74.81796, 42.99469 ], [ 74.8111333, 42.9942054 ], [ 74.80331, 42.99365 ], [ 74.8014928, 42.9939304 ], [ 74.80007, 42.99415 ], [ 74.7898886, 42.9956996 ], [ 74.7878542, 42.9950938 ], [ 74.77864, 42.99235 ], [ 74.77612, 42.9916 ], [ 74.767328400000011, 42.9915302 ], [ 74.74048, 42.99439 ], [ 74.7399036, 42.9947331 ], [ 74.73717, 42.99636 ], [ 74.73287, 42.99893 ], [ 74.7281782, 43.0067272 ], [ 74.72385, 43.01392 ], [ 74.7189231, 43.0173242 ], [ 74.71877, 43.01743 ], [ 74.7183168, 43.0177435 ], [ 74.71319, 43.02129 ], [ 74.71193, 43.02267 ], [ 74.7068608, 43.0282291 ], [ 74.7048947, 43.0387996 ], [ 74.7032093, 43.047861 ], [ 74.69421, 43.05977 ], [ 74.69088, 43.06259 ], [ 74.6888437, 43.0643151 ], [ 74.68486, 43.06769 ], [ 74.66864, 43.07671 ], [ 74.66582, 43.07828 ], [ 74.66422, 43.07868 ], [ 74.6606684, 43.079574 ], [ 74.64813, 43.08273 ], [ 74.6408559, 43.0869135 ], [ 74.63076, 43.09272 ], [ 74.6302625, 43.0927726 ], [ 74.62953, 43.09285 ], [ 74.62572, 43.09328 ], [ 74.62538, 43.09372 ], [ 74.621, 43.09939 ], [ 74.6189, 43.10996 ], [ 74.61796, 43.11467 ], [ 74.6174236, 43.1171096 ], [ 74.61734, 43.11749 ], [ 74.6168, 43.11802 ], [ 74.61264, 43.12206 ], [ 74.59611, 43.1278 ], [ 74.5942642, 43.1284374 ], [ 74.5911, 43.12953 ], [ 74.58302, 43.13591 ], [ 74.5799879, 43.1411104 ], [ 74.5758548, 43.1419652 ], [ 74.57264, 43.14263 ], [ 74.56804, 43.14358 ], [ 74.5660849, 43.1444041 ], [ 74.5646, 43.14503 ], [ 74.55894, 43.14742 ], [ 74.5526625, 43.1540525 ], [ 74.5501, 43.15676 ], [ 74.5483285, 43.1571474 ], [ 74.54603, 43.15765 ], [ 74.5453793, 43.1574221 ], [ 74.54366, 43.15682 ], [ 74.5351749, 43.1538184 ], [ 74.53419, 43.15347 ], [ 74.5262654, 43.1593961 ], [ 74.52507, 43.16029 ], [ 74.5229677, 43.1608036 ], [ 74.5141, 43.16297 ], [ 74.51209, 43.16275 ], [ 74.50973, 43.16249 ], [ 74.5050065, 43.1591916 ], [ 74.50446, 43.15881 ], [ 74.5028496, 43.1604081 ], [ 74.50183, 43.16142 ], [ 74.4962502, 43.1669908 ], [ 74.4972287, 43.1702757 ], [ 74.49776, 43.17204 ], [ 74.49699, 43.17318 ], [ 74.4954745, 43.1754108 ], [ 74.49413, 43.17739 ], [ 74.4881509, 43.1821655 ], [ 74.48648, 43.1835 ], [ 74.4862211, 43.1837051 ], [ 74.48571, 43.18411 ], [ 74.4798617, 43.184952 ], [ 74.47543, 43.18559 ], [ 74.467611, 43.1867109 ], [ 74.45276, 43.18884 ], [ 74.43703, 43.1875 ], [ 74.4337996, 43.1893094 ], [ 74.43337, 43.18955 ], [ 74.4318906, 43.1903797 ], [ 74.4314329, 43.1912337 ], [ 74.43121, 43.19165 ], [ 74.42773, 43.19815 ], [ 74.427007, 43.1984724 ], [ 74.4267351, 43.1985942 ], [ 74.42574, 43.19904 ], [ 74.42261, 43.20044 ], [ 74.4208737, 43.2003654 ], [ 74.41772, 43.20023 ], [ 74.4162, 43.20017 ], [ 74.4069425, 43.1941092 ], [ 74.4061805, 43.1936103 ], [ 74.39264, 43.19896 ], [ 74.391613, 43.1993665 ], [ 74.38597, 43.2016 ], [ 74.3824672, 43.2016865 ], [ 74.38192, 43.2017 ], [ 74.37555, 43.20186 ], [ 74.37025, 43.19985 ], [ 74.35964, 43.20314 ], [ 74.3516537, 43.2056221 ], [ 74.34899, 43.20645 ], [ 74.34234, 43.2052 ], [ 74.3366137, 43.2102961 ], [ 74.333890700000012, 43.2127193 ], [ 74.3310264, 43.2127291 ], [ 74.32133, 43.21276 ], [ 74.30869, 43.21625 ], [ 74.30843, 43.21632 ], [ 74.307806700000015, 43.2169228 ], [ 74.30508, 43.21956 ], [ 74.304228, 43.2203798 ], [ 74.30323, 43.22134 ], [ 74.3030685, 43.2216503 ], [ 74.30285, 43.22207 ], [ 74.2992295, 43.228913 ], [ 74.2943, 43.23823 ], [ 74.29219, 43.23812 ], [ 74.290154, 43.2380186 ], [ 74.28958, 43.23799 ], [ 74.23662, 43.23527 ], [ 74.2210751, 43.2344686 ], [ 74.216268, 43.2342207 ], [ 74.19453, 43.2331 ], [ 74.1803612, 43.2356967 ], [ 74.16943, 43.2377 ], [ 74.16722, 43.23739 ], [ 74.1591289, 43.2362386 ], [ 74.15576, 43.23163 ], [ 74.156218, 43.2301942 ], [ 74.1568, 43.22837 ], [ 74.1573418, 43.226698399999989 ], [ 74.15774, 43.22547 ], [ 74.16859, 43.21344 ], [ 74.1689711, 43.2130124 ], [ 74.16982, 43.21206 ], [ 74.1711065, 43.210642 ], [ 74.17207, 43.20958 ], [ 74.17601, 43.20141 ], [ 74.17724, 43.19887 ], [ 74.1768479, 43.197949 ], [ 74.17426, 43.19187 ], [ 74.17392, 43.19106 ], [ 74.1691158, 43.1892122 ], [ 74.16716, 43.18846 ], [ 74.15807, 43.18497 ], [ 74.149739400000016, 43.1847873 ], [ 74.1412, 43.1846 ], [ 74.13653, 43.18319 ], [ 74.1351438, 43.1825604 ], [ 74.1338, 43.18195 ], [ 74.12411, 43.17758 ], [ 74.1206702, 43.1770222 ], [ 74.11819, 43.17662 ], [ 74.1117, 43.17221 ], [ 74.10633, 43.17018 ], [ 74.0992722, 43.1675208 ], [ 74.0898971, 43.1656677 ], [ 74.08242, 43.16419 ], [ 74.0781767, 43.1633497 ], [ 74.05192, 43.15815 ], [ 74.0459825, 43.1589161 ], [ 74.04541, 43.15899 ], [ 74.04441, 43.15912 ], [ 74.0433001, 43.1592576 ], [ 74.04191, 43.15943 ], [ 74.0356321, 43.1615349 ], [ 74.02995, 43.16344 ], [ 74.0273543, 43.1649358 ], [ 74.02549, 43.16601 ], [ 74.02332, 43.16726 ], [ 74.0135311, 43.1681734 ], [ 74.0032804, 43.16913 ], [ 73.9975249, 43.1756995 ], [ 73.9959303, 43.1775197 ], [ 73.98327, 43.18586 ], [ 73.9585, 43.1911 ], [ 73.95438, 43.19197 ], [ 73.94083, 43.17662 ], [ 73.9380609, 43.1734792 ], [ 73.9377411, 43.1731165 ], [ 73.9342, 43.1691 ], [ 73.93009, 43.16332 ], [ 73.9273727, 43.1595009 ], [ 73.92094, 43.15046 ], [ 73.9187032, 43.1473026 ], [ 73.91766, 43.14583 ], [ 73.9156953, 43.1430688 ], [ 73.91322, 43.13959 ], [ 73.9059969, 43.1343442 ], [ 73.9052208, 43.1337806 ], [ 73.90544, 43.13109 ], [ 73.90563, 43.12875 ], [ 73.89712, 43.10166 ], [ 73.8942664, 43.099609099999988 ], [ 73.89097, 43.09724 ], [ 73.87786, 43.09687 ], [ 73.87065, 43.09816 ], [ 73.84006, 43.10662 ], [ 73.81977, 43.11223 ], [ 73.819613, 43.1122178 ], [ 73.81887, 43.11216 ], [ 73.81849, 43.11213 ], [ 73.8063487, 43.1111118 ], [ 73.80442, 43.11095 ], [ 73.7888365, 43.1096494 ], [ 73.7783, 43.10877 ], [ 73.70154, 43.07991 ], [ 73.7007559, 43.0794855 ], [ 73.69683, 43.07736 ], [ 73.692539200000013, 43.0750462 ], [ 73.6919878, 43.0747496 ], [ 73.68929, 43.0743 ], [ 73.6877636, 43.0740432 ], [ 73.68608, 43.07376 ], [ 73.6685867, 43.0672024 ], [ 73.64932, 43.05998 ], [ 73.6488688, 43.0598083 ], [ 73.64819, 43.05955 ], [ 73.6430901, 43.05764 ], [ 73.6429409, 43.0575477 ], [ 73.6381783, 43.0545995 ], [ 73.6352752, 43.0537157 ], [ 73.5713, 43.03424 ], [ 73.5621509, 43.0262973 ], [ 73.55818, 43.02285 ], [ 73.55748, 43.02169 ], [ 73.5549803, 43.0175238 ], [ 73.5543, 43.01639 ], [ 73.55631, 43.01277 ], [ 73.56149, 43.00345 ], [ 73.5640699, 43.0032697 ], [ 73.56359, 43.00099 ], [ 73.5615, 42.99109 ], [ 73.5598639, 42.988508499999988 ], [ 73.55418, 42.97954 ], [ 73.5432698, 42.9623355 ], [ 73.5414406, 42.9594509 ], [ 73.5410051, 42.9590399 ], [ 73.53898, 42.95713 ], [ 73.5264432, 42.9452818 ], [ 73.5144, 42.9339 ], [ 73.5100135, 42.9255839 ], [ 73.50624, 42.91843 ], [ 73.502677, 42.9116627 ], [ 73.50018, 42.90692 ], [ 73.4996689, 42.8960572 ], [ 73.49963, 42.89523 ], [ 73.499391, 42.8901036 ], [ 73.4982, 42.86456 ], [ 73.50121, 42.85177 ], [ 73.5018628, 42.8489905 ], [ 73.50276, 42.84517 ], [ 73.5033267, 42.8390347 ], [ 73.50397, 42.83207 ], [ 73.5040011, 42.8317034 ], [ 73.50406, 42.83101 ], [ 73.5067, 42.80241 ], [ 73.5041973, 42.786551 ], [ 73.50367, 42.78321 ], [ 73.4906914, 42.7623174 ], [ 73.4875, 42.75718 ], [ 73.46194, 42.72441 ], [ 73.45953, 42.71912 ], [ 73.4585791, 42.7170243 ], [ 73.45747, 42.71458 ], [ 73.45392, 42.7068 ], [ 73.4531817, 42.7051816 ], [ 73.45163, 42.70178 ], [ 73.450163, 42.696212 ], [ 73.44405, 42.67301 ], [ 73.439875, 42.65721 ], [ 73.42789, 42.64058 ], [ 73.42562, 42.63232 ], [ 73.42396, 42.62628 ], [ 73.4236728, 42.6209497 ], [ 73.42353, 42.6183 ], [ 73.42308, 42.60985 ], [ 73.4237593, 42.6069971 ], [ 73.42658, 42.59515 ], [ 73.4264397, 42.5944789 ], [ 73.42635, 42.59405 ], [ 73.4262703, 42.5936476 ], [ 73.42615, 42.59304 ], [ 73.4239609, 42.5822799 ], [ 73.42155, 42.57043 ], [ 73.42318, 42.55799 ], [ 73.42463, 42.54696 ], [ 73.4258494, 42.5444071 ], [ 73.43008, 42.53555 ], [ 73.43264, 42.53017 ], [ 73.43608, 42.51845 ], [ 73.43855, 42.51004 ], [ 73.43933, 42.5087 ], [ 73.4402555, 42.5071098 ], [ 73.44327, 42.50193 ], [ 73.450847, 42.4961284 ], [ 73.45936, 42.48961 ], [ 73.46917, 42.47728 ], [ 73.46966, 42.47667 ], [ 73.4822012, 42.4676343 ], [ 73.49481, 42.45855 ], [ 73.5013624, 42.4509252 ], [ 73.50147, 42.4508 ], [ 73.50374, 42.44816 ], [ 73.5044, 42.44783 ], [ 73.5083415, 42.445855 ], [ 73.5090679, 42.445491 ], [ 73.51389, 42.43847 ], [ 73.51404, 42.43265 ], [ 73.51432, 42.422 ], [ 73.51242, 42.41863 ], [ 73.5114716, 42.4169439 ], [ 73.5110699, 42.41623 ], [ 73.49605, 42.41212 ], [ 73.49289, 42.41014 ], [ 73.49119, 42.40908 ], [ 73.48359, 42.4083 ], [ 73.4772765, 42.4076523 ], [ 73.4754996, 42.4074701 ], [ 73.47313, 42.40839 ], [ 73.46456, 42.41171 ], [ 73.46047, 42.41329 ], [ 73.4593287, 42.4137302 ], [ 73.45614, 42.41496 ], [ 73.454418, 42.4166784 ], [ 73.45139, 42.4197 ], [ 73.44813, 42.42009 ], [ 73.4452902, 42.4204241 ], [ 73.4445603, 42.42051 ], [ 73.44143, 42.4196 ], [ 73.43875, 42.41882 ], [ 73.4347696, 42.4187584 ], [ 73.42905, 42.41867 ], [ 73.421566, 42.4185605 ], [ 73.42085, 42.41855 ], [ 73.4123323, 42.4221309 ], [ 73.40772, 42.42407 ], [ 73.39857, 42.42561 ], [ 73.39407, 42.42637 ], [ 73.3922812, 42.4262976 ], [ 73.38765, 42.42611 ], [ 73.3793752, 42.4257615 ], [ 73.37649, 42.42564 ], [ 73.3470201, 42.4271757 ], [ 73.3461723, 42.4272199 ], [ 73.34057, 42.43023 ], [ 73.3340384, 42.4337401 ], [ 73.32012, 42.44122 ], [ 73.31176, 42.44769 ], [ 73.3097, 42.44929 ], [ 73.3079757, 42.4530245 ], [ 73.3077101, 42.4536009 ], [ 73.30922, 42.46374 ], [ 73.31235, 42.4848 ], [ 73.3110507, 42.4916372 ], [ 73.31014, 42.49643 ], [ 73.3090381, 42.4984275 ], [ 73.30779, 42.50069 ], [ 73.30688, 42.50233 ], [ 73.30347, 42.50379 ], [ 73.2981, 42.50608 ], [ 73.2641815, 42.5073995 ], [ 73.24052, 42.50832 ], [ 73.237682, 42.5091053 ], [ 73.2218, 42.5135 ], [ 73.21717, 42.51373 ], [ 73.21555, 42.51381 ], [ 73.20817, 42.51418 ], [ 73.2026776, 42.5151739 ], [ 73.19872, 42.51589 ], [ 73.18857, 42.51773 ], [ 73.1723927, 42.5218373 ], [ 73.13461, 42.53143 ], [ 73.1269078, 42.5315687 ], [ 73.11573, 42.53177 ], [ 73.1127707, 42.5330312 ], [ 73.10977, 42.53431 ], [ 73.10694, 42.53551 ], [ 73.0958313, 42.536107199999989 ], [ 73.09113, 42.53636 ], [ 73.08832, 42.53586 ], [ 73.0817152, 42.5346964 ], [ 73.07237, 42.53305 ], [ 73.05111, 42.53134 ], [ 73.03535, 42.53007 ], [ 73.01598, 42.5352 ], [ 73.0149381, 42.5352048 ], [ 73.0095, 42.53523 ], [ 73.0067, 42.53525 ], [ 73.0013269, 42.53393 ], [ 72.9947255, 42.5323071 ], [ 72.97541, 42.52756 ], [ 72.96084, 42.52842 ], [ 72.9534605, 42.5328783 ], [ 72.95167, 42.53396 ], [ 72.9394248, 42.5342692 ], [ 72.93187, 42.53446 ], [ 72.91079, 42.53499 ], [ 72.90615, 42.53611 ], [ 72.902842, 42.5368992 ], [ 72.90112, 42.53731 ], [ 72.89455, 42.54114 ], [ 72.88972, 42.54395 ], [ 72.88239, 42.55004 ], [ 72.87951, 42.55244 ], [ 72.8609183, 42.5546984 ], [ 72.83909, 42.55735 ], [ 72.8349234, 42.55881 ], [ 72.83284, 42.55954 ], [ 72.823297, 42.562897199999988 ], [ 72.82309, 42.56297 ], [ 72.8216251, 42.5637728 ], [ 72.81424, 42.56782 ], [ 72.80539, 42.57447 ], [ 72.7973487, 42.5805116 ], [ 72.797118, 42.580783 ], [ 72.79085, 42.58816 ], [ 72.7890902, 42.593849299999988 ], [ 72.7888206, 42.5941737 ], [ 72.78547, 42.5982 ], [ 72.7745276, 42.6113968 ], [ 72.77285, 42.61342 ], [ 72.77031, 42.61569 ], [ 72.76684, 42.61878 ], [ 72.74428, 42.63891 ], [ 72.73428, 42.64334 ], [ 72.7340173, 42.643456 ], [ 72.73197, 42.64436 ], [ 72.7316874, 42.6443796 ], [ 72.73125, 42.64441 ], [ 72.70867, 42.6457 ], [ 72.6989028, 42.6483461 ], [ 72.69062, 42.65059 ], [ 72.6738186, 42.6551506 ], [ 72.6673, 42.65692 ], [ 72.6598459, 42.6602843 ], [ 72.62826, 42.67454 ], [ 72.6264829, 42.6753501 ], [ 72.62622, 42.67547 ], [ 72.62147, 42.67693 ], [ 72.60674, 42.68144 ], [ 72.6003967, 42.682303 ], [ 72.59204, 42.68344 ], [ 72.58803, 42.68399 ], [ 72.58274, 42.68268 ], [ 72.5683465, 42.6791234 ], [ 72.55947, 42.67693 ], [ 72.5528736, 42.6770828 ], [ 72.54954, 42.67716 ], [ 72.5488643, 42.6773041 ], [ 72.54335, 42.67848 ], [ 72.53983, 42.67923 ], [ 72.534308, 42.6793012 ], [ 72.52742, 42.67939 ], [ 72.52706, 42.67958 ], [ 72.524918, 42.680717 ], [ 72.52203, 42.68225 ], [ 72.5136531, 42.6832954 ], [ 72.50961, 42.6838 ], [ 72.49893, 42.68514 ], [ 72.45911, 42.69711 ], [ 72.41561, 42.71016 ], [ 72.4102292, 42.7132375 ], [ 72.40734, 42.71489 ], [ 72.4058433, 42.7157423 ], [ 72.40446, 42.71653 ], [ 72.40183, 42.7199 ], [ 72.3939174, 42.7227846 ], [ 72.38005, 42.72784 ], [ 72.3362, 42.74051 ], [ 72.334747, 42.7409287 ], [ 72.32971, 42.74238 ], [ 72.3275134, 42.7431863 ], [ 72.32576, 42.74383 ], [ 72.3064, 42.7509 ], [ 72.3033881, 42.7519963 ], [ 72.30096, 42.75288 ], [ 72.29027, 42.75535 ], [ 72.284, 42.7568 ], [ 72.28202, 42.75927 ], [ 72.26956, 42.7602 ], [ 72.2677281, 42.7603378 ], [ 72.26145, 42.76081 ], [ 72.23196, 42.76028 ], [ 72.2284705, 42.7589387 ], [ 72.22556, 42.75782 ], [ 72.21549, 42.75722 ], [ 72.21193, 42.75701 ], [ 72.2045459, 42.7547071 ], [ 72.19112, 42.75052 ], [ 72.18742, 42.7507 ], [ 72.1867024, 42.750735 ], [ 72.18209, 42.75096 ], [ 72.17659, 42.75362 ], [ 72.17445, 42.75465 ], [ 72.17294, 42.75461 ], [ 72.16608, 42.75443 ], [ 72.15583, 42.74724 ], [ 72.1520738, 42.7446089 ], [ 72.14952, 42.74282 ], [ 72.1478585, 42.7416498 ], [ 72.1450694, 42.7396866 ], [ 72.1372938, 42.7391551 ], [ 72.12834, 42.73855 ], [ 72.1240464, 42.7374456 ], [ 72.12037, 42.7365 ], [ 72.09248, 42.74339 ], [ 72.0904531, 42.7438928 ], [ 72.0886103, 42.7443499 ], [ 72.05693, 42.76889 ], [ 72.0390633, 42.7735149 ], [ 72.0377295, 42.77386 ], [ 72.0320944, 42.7737053 ], [ 72.02097, 42.7734 ], [ 72.0204574, 42.7735504 ], [ 72.01463, 42.77526 ], [ 71.99977, 42.77963 ], [ 71.9984607, 42.7800152 ], [ 71.98468, 42.78407 ], [ 71.97858, 42.787 ], [ 71.95408, 42.79877 ], [ 71.94955, 42.80186 ], [ 71.9479509, 42.8029494 ], [ 71.9477368, 42.8032164 ], [ 71.94667, 42.80455 ], [ 71.942809, 42.8093525 ], [ 71.93896, 42.81414 ], [ 71.92635, 42.81767 ], [ 71.90477, 42.8198 ], [ 71.8992076, 42.8215595 ], [ 71.86364, 42.83281 ], [ 71.8605439, 42.8324743 ], [ 71.85165, 42.83151 ], [ 71.8394234, 42.8301928 ], [ 71.83457, 42.82967 ], [ 71.8319689, 42.8303871 ], [ 71.83029, 42.83085 ], [ 71.8300958, 42.8309042 ], [ 71.82857, 42.83133 ], [ 71.82735, 42.83132 ], [ 71.8191, 42.8312494 ], [ 71.818, 42.83124 ], [ 71.80644, 42.82655 ], [ 71.8040875, 42.8246761 ], [ 71.79838, 42.82013 ], [ 71.7962549, 42.8192633 ], [ 71.7959632, 42.8191443 ], [ 71.79404, 42.81836 ], [ 71.79108, 42.81716 ], [ 71.7873751, 42.8163729 ], [ 71.77357, 42.81344 ], [ 71.7640985, 42.8091628 ], [ 71.76252, 42.80845 ], [ 71.7621833, 42.8082985 ], [ 71.76052, 42.80755 ], [ 71.75692, 42.80665 ], [ 71.7488223, 42.8046256 ], [ 71.72924, 42.79973 ], [ 71.71532, 42.79839 ], [ 71.7107383, 42.7964737 ], [ 71.71061, 42.79642 ], [ 71.7053, 42.7942 ], [ 71.69431, 42.7926 ], [ 71.692315, 42.7923079 ], [ 71.68953, 42.7919 ], [ 71.6847259, 42.791204 ], [ 71.67538, 42.78985 ], [ 71.6689874, 42.7851552 ], [ 71.66495, 42.78219 ], [ 71.6602111, 42.7796211 ], [ 71.6539, 42.7762 ], [ 71.63722, 42.76714 ], [ 71.63437, 42.76645 ], [ 71.6274, 42.76477 ], [ 71.62421, 42.76489 ], [ 71.62086, 42.76502 ], [ 71.6169856, 42.7663862 ], [ 71.60807, 42.76953 ], [ 71.60119, 42.77196 ], [ 71.583867, 42.7713299 ], [ 71.58332, 42.77131 ], [ 71.5830258, 42.771392 ], [ 71.5788, 42.77257 ], [ 71.5733856, 42.7740839 ], [ 71.57061, 42.77486 ], [ 71.55717, 42.78929 ], [ 71.55399, 42.79121 ], [ 71.5529271, 42.7918484 ], [ 71.55061, 42.79324 ], [ 71.5401, 42.79957 ], [ 71.5277933, 42.8047752 ], [ 71.52381, 42.80646 ], [ 71.5229405, 42.8068266 ], [ 71.51762, 42.80907 ], [ 71.51574, 42.80912 ], [ 71.5073583, 42.8093494 ], [ 71.49966, 42.80956 ], [ 71.49947, 42.80946 ], [ 71.4895749, 42.804183 ], [ 71.4846, 42.80153 ], [ 71.4811243, 42.8009945 ], [ 71.47759, 42.80045 ], [ 71.472694, 42.7996874 ], [ 71.46995, 42.79926 ], [ 71.45355, 42.80027 ], [ 71.4428674, 42.8009324 ], [ 71.44097, 42.80105 ], [ 71.4266026, 42.7999533 ], [ 71.3904012, 42.7971901 ], [ 71.387888100000012, 42.7950851 ], [ 71.3870241, 42.7943618 ], [ 71.3662495, 42.77697 ], [ 71.29579, 42.78113 ], [ 71.28065, 42.78054 ], [ 71.27713, 42.7804 ], [ 71.27413, 42.77749 ], [ 71.26911, 42.77262 ], [ 71.26967, 42.76491 ], [ 71.27035, 42.75545 ], [ 71.26505, 42.7486749 ], [ 71.26108, 42.7436 ], [ 71.26082, 42.74284 ], [ 71.25851, 42.73604 ], [ 71.25234, 42.72587 ], [ 71.2468015, 42.7167455 ], [ 71.24459, 42.7131 ], [ 71.2337075, 42.7003416 ], [ 71.2273609, 42.6929011 ], [ 71.21582, 42.68755 ], [ 71.20703, 42.68348 ], [ 71.19909, 42.68213 ], [ 71.18935, 42.68048 ], [ 71.1823102, 42.6764291 ], [ 71.1746998, 42.6720486 ], [ 71.1745415, 42.6710103 ], [ 71.17372, 42.66562 ], [ 71.17274, 42.65915 ], [ 71.1741321, 42.6549736 ], [ 71.17417, 42.65486 ], [ 71.17583, 42.64987 ], [ 71.17707, 42.63516 ], [ 71.17718, 42.63389 ], [ 71.1751856, 42.629738 ], [ 71.17046, 42.6199 ], [ 71.16543, 42.60942 ], [ 71.163356, 42.6084218 ], [ 71.15822, 42.60595 ], [ 71.14538, 42.60451 ], [ 71.1435403, 42.6043056 ], [ 71.13728, 42.60361 ], [ 71.1312421, 42.6034061 ], [ 71.13106, 42.6034 ], [ 71.09875, 42.60232 ], [ 71.0551515, 42.6008664 ], [ 71.05376, 42.60082 ], [ 71.0409, 42.59852 ], [ 71.0408377, 42.5984889 ], [ 71.03122, 42.59495 ], [ 71.0189429, 42.5853422 ], [ 71.01595, 42.583 ], [ 71.0133915, 42.5809968 ], [ 71.00973, 42.57813 ], [ 71.00854, 42.57429 ], [ 71.00693, 42.56909 ], [ 71.01316, 42.56057 ], [ 71.01785, 42.55415 ], [ 71.01923, 42.55299 ], [ 71.02326, 42.54959 ], [ 71.023361, 42.5495046 ], [ 71.0254, 42.54778 ], [ 71.036350900000016, 42.5415397 ], [ 71.04968, 42.53676 ], [ 71.0756202, 42.5239597 ], [ 71.0772, 42.5215 ], [ 71.0773465, 42.5212754 ], [ 71.09159, 42.51194 ], [ 71.0946887, 42.5072419 ], [ 71.0953, 42.5032523 ], [ 71.0957616, 42.5001586 ], [ 71.09566, 42.4999 ], [ 71.0937224, 42.4951453 ], [ 71.09284, 42.49298 ], [ 71.0915151, 42.4918077 ], [ 71.08815, 42.48883 ], [ 71.0855309, 42.4865208 ], [ 71.08141, 42.47401 ], [ 71.07656, 42.46788 ], [ 71.06844, 42.46438 ], [ 71.0676011, 42.4643042 ], [ 71.06689, 42.46424 ], [ 71.06521, 42.4641 ], [ 71.0590876, 42.4635849 ], [ 71.05891, 42.46357 ], [ 71.0583822, 42.4636511 ], [ 71.05455, 42.46424 ], [ 71.049535, 42.4650234 ], [ 71.04578, 42.46561 ], [ 71.0366, 42.46871 ], [ 71.02828, 42.47734 ], [ 71.02559, 42.47919 ], [ 71.0231609, 42.4808581 ], [ 71.01595, 42.48581 ], [ 71.00322, 42.49227 ], [ 71.0025, 42.49264 ], [ 71.00003, 42.49334 ], [ 70.99461, 42.49487 ], [ 70.9876181, 42.4904961 ], [ 70.98585, 42.48939 ], [ 70.97828, 42.48465 ], [ 70.9732061, 42.4803065 ], [ 70.97043, 42.47793 ], [ 70.96484, 42.47315 ], [ 70.9592388, 42.4640521 ], [ 70.958, 42.46204 ], [ 70.957698, 42.461548 ], [ 70.95676, 42.46002 ], [ 70.9549167, 42.4494337 ], [ 70.95384, 42.44325 ], [ 70.95318, 42.43945 ], [ 70.95099, 42.42682 ], [ 70.93502, 42.39369 ], [ 70.9288783, 42.3847799 ], [ 70.926579, 42.3814513 ], [ 70.92645, 42.38135 ], [ 70.91465, 42.37093 ], [ 70.8999592, 42.364649 ], [ 70.8998422, 42.3645099 ], [ 70.89959, 42.36421 ], [ 70.8975771, 42.3617741 ], [ 70.89369, 42.35707 ], [ 70.8845, 42.33817 ], [ 70.8832055, 42.3366649 ], [ 70.88155, 42.33474 ], [ 70.88084, 42.33391 ], [ 70.88045, 42.33346 ], [ 70.87722, 42.3296842 ], [ 70.87536, 42.32751 ], [ 70.8752752, 42.326922 ], [ 70.87473, 42.32314 ], [ 70.87358, 42.3219 ], [ 70.87186, 42.32005 ], [ 70.8717732, 42.317145599999989 ], [ 70.8714437, 42.3061163 ], [ 70.87112, 42.29528 ], [ 70.8717028, 42.29237 ], [ 70.87253, 42.28824 ], [ 70.8743327, 42.2859739 ], [ 70.87856, 42.28066 ], [ 70.8794907, 42.2794847 ], [ 70.8803096, 42.2784505 ], [ 70.87783, 42.27097 ], [ 70.8776819, 42.2705238 ], [ 70.87546, 42.26383 ], [ 70.8786811, 42.2599455 ], [ 70.87881, 42.25979 ], [ 70.8788758, 42.2597099 ], [ 70.8795, 42.25895 ], [ 70.88837, 42.25562 ], [ 70.8984025, 42.2563177 ], [ 70.89973, 42.25641 ], [ 70.9402184, 42.2591984 ], [ 70.9305965, 42.2495862 ], [ 70.93026, 42.24925 ], [ 70.90734, 42.22634 ], [ 70.89938, 42.22123 ], [ 70.88531, 42.21519 ], [ 70.880255, 42.2141921 ], [ 70.87528, 42.21321 ], [ 70.8693248, 42.2104376 ], [ 70.86454, 42.20821 ], [ 70.83904, 42.19394 ], [ 70.8301967, 42.1937346 ], [ 70.8239701, 42.19359 ], [ 70.81529, 42.19875 ], [ 70.80795, 42.20671 ], [ 70.80096, 42.20987 ], [ 70.7993883, 42.2098787 ], [ 70.79916, 42.20988 ], [ 70.7957191, 42.2098996 ], [ 70.78973, 42.20737 ], [ 70.78516, 42.20238 ], [ 70.780012, 42.199838 ], [ 70.77712, 42.19841 ], [ 70.76256, 42.18661 ], [ 70.752018, 42.173665199999988 ], [ 70.7444396, 42.1643598 ], [ 70.7376095, 42.160291 ], [ 70.72673, 42.15381 ], [ 70.7148389, 42.1393592 ], [ 70.7112537, 42.1367903 ], [ 70.70401, 42.1316 ], [ 70.7018399, 42.1306075 ], [ 70.69358, 42.12683 ], [ 70.6898007, 42.1227349 ], [ 70.68688, 42.11957 ], [ 70.6773205, 42.1092205 ], [ 70.67406, 42.09902 ], [ 70.6741323, 42.0929468 ], [ 70.67418, 42.08894 ], [ 70.65446, 42.05996 ], [ 70.6332663, 42.0171548 ], [ 70.63062, 42.01181 ], [ 70.63178, 42.00865 ], [ 70.62864, 42.00355 ], [ 70.6274834, 42.0016706 ], [ 70.62696, 42.00082 ], [ 70.62335, 41.99916 ], [ 70.61093, 41.99668 ], [ 70.6076033, 41.9968238 ], [ 70.60191, 41.99707 ], [ 70.57539, 42.01528 ], [ 70.55916, 42.01873 ], [ 70.55641, 42.02274 ], [ 70.55595, 42.02891 ], [ 70.55832, 42.05489 ], [ 70.55307, 42.06338 ], [ 70.5515213, 42.0648186 ], [ 70.54646, 42.06952 ], [ 70.53441, 42.07374 ], [ 70.5234488, 42.0775773 ], [ 70.52247, 42.07792 ], [ 70.52007, 42.08126 ], [ 70.5097621, 42.0833496 ], [ 70.5029568, 42.0865795 ], [ 70.49158, 42.09198 ], [ 70.4333, 42.13008 ], [ 70.4254098, 42.13272 ], [ 70.4235873, 42.1326936 ], [ 70.4171086, 42.1325996 ], [ 70.4105, 42.13048 ], [ 70.4059889, 42.1263107 ], [ 70.40245, 42.12304 ], [ 70.4016609, 42.1209407 ], [ 70.40139, 42.12022 ], [ 70.4013015, 42.1199858 ], [ 70.39964, 42.11559 ], [ 70.3965256, 42.0935507 ], [ 70.39586, 42.08884 ], [ 70.39109, 42.08291 ], [ 70.3872248, 42.0809733 ], [ 70.38161, 42.07816 ], [ 70.3751796, 42.0730457 ], [ 70.37003, 42.06895 ], [ 70.3684399, 42.0662617 ], [ 70.3665931, 42.0631341 ], [ 70.3635, 42.0579 ], [ 70.348826, 42.051255 ], [ 70.32936, 42.04244 ], [ 70.32262, 42.03436 ], [ 70.32502, 42.02714 ], [ 70.32521, 42.01986 ], [ 70.32532, 42.01547 ], [ 70.33047, 42.00469 ], [ 70.3326, 41.9931 ], [ 70.3326476, 41.9861898 ], [ 70.33269, 41.98004 ], [ 70.33089, 41.97561 ], [ 70.32185, 41.96949 ], [ 70.3132921, 41.9657363 ], [ 70.30849, 41.96363 ], [ 70.287710100000012, 41.9586 ], [ 70.27706, 41.94966 ], [ 70.26537, 41.95006 ], [ 70.2536616, 41.9459035 ], [ 70.2403, 41.94116 ], [ 70.23863, 41.93934 ], [ 70.2368233, 41.937362199999988 ], [ 70.2211, 41.92015 ], [ 70.2064, 41.91216 ], [ 70.19803, 41.9056 ], [ 70.18859, 41.89326 ], [ 70.1878512, 41.8914746 ], [ 70.18115, 41.87528 ], [ 70.17251, 41.86069 ], [ 70.15974, 41.8443 ], [ 70.14705, 41.83823 ], [ 70.14616, 41.83792 ], [ 70.09076, 41.81849 ], [ 70.0893021, 41.817475699999989 ], [ 70.08583, 41.81506 ], [ 70.0757536, 41.8110238 ], [ 70.0716, 41.80936 ], [ 70.0687663, 41.8075234 ], [ 70.06171, 41.80295 ], [ 70.05342, 41.78836 ], [ 70.04589, 41.76831 ], [ 70.03895, 41.76341 ], [ 70.03176, 41.76147 ], [ 70.02717, 41.7626 ], [ 70.0239512, 41.7633997 ], [ 70.0228022, 41.7649515 ], [ 70.02051, 41.76805 ], [ 70.0216, 41.77704 ], [ 70.0160052, 41.7843913 ], [ 70.01335, 41.78788 ], [ 70.0077022, 41.7887042 ], [ 70.00499, 41.7891 ], [ 70.0015947, 41.7883583 ], [ 70.0, 41.78801 ], [ 69.9941184, 41.7867311 ], [ 69.99025, 41.78589 ], [ 69.9874892, 41.7834295 ], [ 69.98455, 41.78081 ], [ 69.95211, 41.71879 ], [ 69.9479105, 41.7155237 ], [ 69.94716, 41.71494 ], [ 69.94521, 41.71343 ], [ 69.9278281, 41.706385 ], [ 69.92599, 41.70564 ], [ 69.920179, 41.7040148 ], [ 69.89642, 41.69737 ], [ 69.8910653, 41.6971111 ], [ 69.88546, 41.69684 ], [ 69.88141, 41.69779 ], [ 69.8694906, 41.7084595 ], [ 69.8681574, 41.7091645 ], [ 69.85956, 41.71371 ], [ 69.8530913, 41.7158945 ], [ 69.84351, 41.71913 ], [ 69.8409689, 41.7191158 ], [ 69.8328, 41.71907 ], [ 69.824922, 41.7160492 ], [ 69.81504, 41.71226 ], [ 69.8107267, 41.7098432 ], [ 69.80103, 41.70441 ], [ 69.79666, 41.70197 ], [ 69.75248, 41.69661 ], [ 69.7486731, 41.6980491 ], [ 69.74711, 41.69864 ], [ 69.72893, 41.69661 ], [ 69.72219, 41.6933 ], [ 69.7191879, 41.6883036 ], [ 69.717929, 41.6862092 ], [ 69.70645, 41.67762 ], [ 69.7001079, 41.6753434 ], [ 69.69163, 41.6723 ], [ 69.682965600000017, 41.6704634 ], [ 69.65922, 41.66543 ], [ 69.6541416, 41.6647391 ], [ 69.65084, 41.66429 ], [ 69.63235, 41.66179 ], [ 69.6276682, 41.6602253 ], [ 69.62107, 41.65802 ], [ 69.6066192, 41.6479001 ], [ 69.59461, 41.63949 ], [ 69.5924248, 41.6365915 ], [ 69.58833, 41.63116 ], [ 69.576515, 41.6245255 ], [ 69.56769, 41.61957 ], [ 69.5584, 41.61085 ], [ 69.53949, 41.59705 ], [ 69.53081, 41.58835 ], [ 69.5298802, 41.5861821 ], [ 69.52894, 41.58399 ], [ 69.51998, 41.56305 ], [ 69.5187493, 41.5619286 ], [ 69.51491, 41.55843 ], [ 69.5072583, 41.5555096 ], [ 69.49898, 41.55235 ], [ 69.47265, 41.54664 ], [ 69.4657266, 41.5474222 ], [ 69.46433, 41.54758 ], [ 69.461416, 41.5467771 ], [ 69.4581401, 41.5458745 ], [ 69.45718, 41.54561 ], [ 69.42088, 41.52241 ], [ 69.40985, 41.50876 ], [ 69.4085384, 41.5071308 ], [ 69.40638, 41.50445 ], [ 69.4054829, 41.5024651 ], [ 69.40511, 41.50164 ], [ 69.40685, 41.496 ], [ 69.4108817, 41.4910435 ], [ 69.414, 41.48721 ], [ 69.43216, 41.47944 ], [ 69.43929, 41.4747699 ], [ 69.4388975, 41.4716965 ], [ 69.4387589, 41.4706181 ], [ 69.4329331, 41.4600818 ], [ 69.43197, 41.45834 ], [ 69.42314, 41.4549 ], [ 69.4104269, 41.4568285 ], [ 69.39163, 41.45968 ], [ 69.37538, 41.46066 ], [ 69.3714646, 41.4600009 ], [ 69.3696294, 41.459692 ], [ 69.36938, 41.45965 ], [ 69.3663542, 41.4581125 ], [ 69.3638507, 41.4568404 ], [ 69.3625736, 41.4567898 ], [ 69.35343, 41.45643 ], [ 69.3492188, 41.4562555 ], [ 69.34595, 41.45612 ], [ 69.34126, 41.45404 ], [ 69.32221, 41.45257 ], [ 69.3206511, 41.4518805 ], [ 69.31753, 41.4505 ], [ 69.3115531, 41.4507192 ], [ 69.30744, 41.45087 ], [ 69.291768, 41.4576902 ], [ 69.28584, 41.46027 ], [ 69.2809501, 41.4612116 ], [ 69.27374, 41.4626 ], [ 69.2618183, 41.4615067 ], [ 69.24986, 41.46041 ], [ 69.2464285, 41.4612337 ], [ 69.24207, 41.46228 ], [ 69.23146, 41.46171 ], [ 69.2204685, 41.4593857 ], [ 69.20966, 41.4571 ], [ 69.19552, 41.45198 ], [ 69.19475, 41.45154 ], [ 69.1900203, 41.4488461 ], [ 69.18483, 41.44589 ], [ 69.180282, 41.4371978 ], [ 69.17582, 41.42867 ], [ 69.1716346, 41.4165701 ], [ 69.17105, 41.41488 ], [ 69.16148, 41.40679 ], [ 69.14903, 41.40015 ], [ 69.1143903, 41.3867199 ], [ 69.1132299, 41.3862698 ], [ 69.10482, 41.3725 ], [ 69.1047326, 41.372004 ], [ 69.10364, 41.3658 ], [ 69.09821, 41.35765 ], [ 69.0905424, 41.3461444 ], [ 69.0890409, 41.3438913 ], [ 69.088735, 41.3416344 ], [ 69.0885094, 41.3399697 ], [ 69.0774563, 41.3341703 ], [ 69.07433, 41.33253 ], [ 69.0695557, 41.3329625 ], [ 69.06329, 41.33353 ], [ 69.0526647, 41.3413203 ], [ 69.05051, 41.3429 ], [ 69.0462194, 41.3442255 ], [ 69.045486, 41.341278 ], [ 69.043136, 41.334693 ], [ 69.040557, 41.329925 ], [ 69.0386904, 41.3259562 ], [ 69.0386212, 41.3229901 ], [ 69.0395577, 41.3219126 ], [ 69.0407196, 41.320503 ], [ 69.044288, 41.310615 ], [ 69.035987, 41.302833 ], [ 69.029411, 41.30384 ], [ 69.026123, 41.298816 ], [ 69.01889, 41.298767 ], [ 69.016777, 41.296665 ], [ 69.014854, 41.293331 ], [ 69.013404, 41.289569 ], [ 69.015579, 41.284099 ], [ 69.015541, 41.282234 ], [ 69.01622, 41.277896 ], [ 69.017784, 41.27671 ], [ 69.017219, 41.273414 ], [ 69.022476, 41.271915 ], [ 69.025642, 41.270351 ], [ 69.029014, 41.268276 ], [ 69.031692, 41.267803 ], [ 69.033813, 41.267025 ], [ 69.03794, 41.266464 ], [ 69.040145, 41.26474 ], [ 69.040855, 41.261474 ], [ 69.039215, 41.257778 ], [ 69.039489, 41.25521 ], [ 69.035797, 41.252685 ], [ 69.02526, 41.250526 ], [ 69.020996, 41.245895 ], [ 69.026458, 41.242851 ], [ 69.028701, 41.239299 ], [ 69.027786, 41.234943 ], [ 69.026199, 41.230937 ], [ 69.026756, 41.228534 ], [ 69.029182, 41.224758 ], [ 69.027725, 41.224349 ], [ 69.023612, 41.224445 ], [ 69.0186, 41.22578 ], [ 69.016548, 41.226879 ], [ 69.011711, 41.227684 ], [ 69.007125, 41.232746 ], [ 69.004508, 41.23455 ], [ 69.001159, 41.238838 ], [ 69.000099, 41.238826 ], [ 68.997528, 41.236511 ], [ 68.992996, 41.230415 ], [ 68.997337, 41.225456 ], [ 68.993515, 41.217399 ], [ 68.991806, 41.216201 ], [ 68.991966, 41.214611 ], [ 68.991539, 41.214084 ], [ 68.988098, 41.213516 ], [ 68.986564, 41.21062 ], [ 68.984832, 41.210845 ], [ 68.984161, 41.209869 ], [ 68.980941, 41.209632 ], [ 68.978477, 41.20829 ], [ 68.971694, 41.204998 ], [ 68.964981, 41.2016045 ], [ 68.9631035, 41.2007707 ], [ 68.960365, 41.199546 ], [ 68.9510217, 41.1953671 ], [ 68.9453745, 41.1938487 ], [ 68.9441639, 41.1935232 ], [ 68.9397761, 41.1909639 ], [ 68.9379937, 41.1899002 ], [ 68.933677, 41.186115 ], [ 68.9322988, 41.1825616 ], [ 68.927076, 41.1826714 ], [ 68.9225345, 41.1818477 ], [ 68.919468200000011, 41.1815143 ], [ 68.9153998, 41.1821271 ], [ 68.9143924, 41.1797071 ], [ 68.9147797, 41.1776633 ], [ 68.9143409, 41.176195199999988 ], [ 68.9137551, 41.1735851 ], [ 68.9131436, 41.1724028 ], [ 68.90997, 41.1712431 ], [ 68.9068447, 41.1700616 ], [ 68.9051613, 41.1693662 ], [ 68.9029356, 41.1677543 ], [ 68.8976372, 41.1647922 ], [ 68.8911591, 41.1634129 ], [ 68.8859567, 41.16219 ], [ 68.8795741, 41.1588112 ], [ 68.8745755, 41.1548426 ], [ 68.8649614, 41.1471178 ], [ 68.8605551, 41.1434838 ], [ 68.858085, 41.142272 ], [ 68.8548071, 41.1415277 ], [ 68.8523164, 41.1409621 ], [ 68.8414327, 41.1348568 ], [ 68.840385, 41.134269 ], [ 68.8370543, 41.1339585 ], [ 68.835146, 41.1329287 ], [ 68.8288332, 41.1285156 ], [ 68.815332, 41.1208581 ], [ 68.8079312, 41.1181488 ], [ 68.8041997, 41.1191527 ], [ 68.8038929, 41.115783 ], [ 68.8000873, 41.1118344 ], [ 68.7976894, 41.1098108 ], [ 68.7950515, 41.107807 ], [ 68.790931, 41.105506 ], [ 68.7879735, 41.1027933 ], [ 68.785249400000012, 41.1004156 ], [ 68.7796779, 41.0962356 ], [ 68.7730614, 41.0915411 ], [ 68.7689931, 41.0885509 ], [ 68.7664675, 41.0868673 ], [ 68.749031, 41.0704537 ], [ 68.7429284, 41.0659944 ], [ 68.7321492, 41.0581395 ], [ 68.7260284, 41.0531663 ], [ 68.7219203, 41.0474638 ], [ 68.7137611, 41.0321808 ], [ 68.7145529, 41.0307612 ], [ 68.7174475, 41.0295666 ], [ 68.7220169, 41.0285096 ], [ 68.7329549, 41.0147797 ], [ 68.7423147, 41.0057479 ], [ 68.7474206, 41.0054816 ], [ 68.7506308, 41.0099075 ], [ 68.7533587, 41.0136684 ], [ 68.7534556, 41.0132146 ], [ 68.7537989, 41.0128463 ], [ 68.754099, 41.0126005 ], [ 68.7541095, 41.0123998 ], [ 68.7539365, 41.0121782 ], [ 68.7536114, 41.0120783 ], [ 68.7532635, 41.0118394 ], [ 68.7531353, 41.011543 ], [ 68.7532833, 41.0113008 ], [ 68.7536825, 41.0112232 ], [ 68.7545253, 41.0119089 ], [ 68.7548488, 41.0119615 ], [ 68.7551094, 41.0119032 ], [ 68.7553794, 41.0117856 ], [ 68.7555304, 41.0114975 ], [ 68.7555249, 41.0110467 ], [ 68.7555243, 41.0109183 ], [ 68.7555396, 41.0106585 ], [ 68.7556424, 41.0103339 ], [ 68.7557716, 41.0101363 ], [ 68.755918400000013, 41.0100621 ], [ 68.7562057, 41.0101169 ], [ 68.7564598, 41.0102842 ], [ 68.7570755, 41.0108914 ], [ 68.7573871, 41.0111203 ], [ 68.7575358, 41.0111802 ], [ 68.7577391, 41.0111129 ], [ 68.7578482, 41.0109111 ], [ 68.7578531, 41.0103498 ], [ 68.7579324, 41.0099936 ], [ 68.7579843, 41.0099173 ], [ 68.7581406, 41.0096877 ], [ 68.7582725, 41.0093782 ], [ 68.7582001, 41.0090555 ], [ 68.75799, 41.0088897 ], [ 68.7570253, 41.0085356 ], [ 68.756708, 41.0083261 ], [ 68.7565965, 41.0080924 ], [ 68.756795, 41.0078341 ], [ 68.7609352, 41.0065558 ], [ 68.7611497, 41.0061267 ], [ 68.7604029, 41.0055411 ], [ 68.7592259, 41.0050348 ], [ 68.7584391, 41.0048595 ], [ 68.7582864, 41.0046398 ], [ 68.7582889, 41.0044304 ], [ 68.7575252, 41.0035929 ], [ 68.7568871, 41.003358 ], [ 68.7566654, 41.0033971 ], [ 68.7564765, 41.0035166 ], [ 68.756352400000011, 41.003827199999989 ], [ 68.7560304, 41.004792 ], [ 68.7557008, 41.0048187 ], [ 68.7553595, 41.0037172 ], [ 68.7549475, 41.0036284 ], [ 68.7540647, 41.0039748 ], [ 68.7534291, 41.0039304 ], [ 68.7526405, 41.0031399 ], [ 68.7526993, 41.0026691 ], [ 68.7534598, 41.0022424 ], [ 68.7541787, 41.001044 ], [ 68.7552837, 41.0006736 ], [ 68.7558121, 41.0003983 ], [ 68.7559225, 40.9998395 ], [ 68.7554148, 40.999494 ], [ 68.7552483, 40.9992365 ], [ 68.7554098, 40.9989711 ], [ 68.7559813, 40.9988854 ], [ 68.7564884, 40.9988093 ], [ 68.75808640000001, 40.997641 ], [ 68.7581461, 40.9973568 ], [ 68.7581946, 40.9971259 ], [ 68.7579616, 40.996994 ], [ 68.7571043, 40.9970505 ], [ 68.7567244, 40.9970498 ], [ 68.7563303, 40.9969311 ], [ 68.7556977, 40.9965982 ], [ 68.7547553, 40.9965217 ], [ 68.7544127, 40.9964251 ], [ 68.7542427, 40.9962615 ], [ 68.754185600000014, 40.9959528 ], [ 68.7543914, 40.9953599 ], [ 68.7548036, 40.9944608 ], [ 68.7548197, 40.9939992 ], [ 68.7537629, 40.9937968 ], [ 68.7525452, 40.9939506 ], [ 68.7510942, 40.9936938 ], [ 68.7509706, 40.9934806 ], [ 68.7512738, 40.9927481 ], [ 68.7505979, 40.9923067 ], [ 68.7504233, 40.9918326 ], [ 68.7506646, 40.9913128 ], [ 68.750694, 40.9911174 ], [ 68.7504998, 40.9908775 ], [ 68.7497171, 40.9910552 ], [ 68.7490579, 40.9909486 ], [ 68.7478406, 40.9903024 ], [ 68.7477514, 40.9899668 ], [ 68.748597, 40.989686899999988 ], [ 68.7487982, 40.9892162 ], [ 68.7486801, 40.9887819 ], [ 68.7476341, 40.9882353 ], [ 68.7477682, 40.9877129 ], [ 68.7486359, 40.9876109 ], [ 68.749061, 40.9873485 ], [ 68.7488875, 40.987094 ], [ 68.7481973, 40.986081 ], [ 68.7471996, 40.9853521 ], [ 68.747162, 40.9847811 ], [ 68.7478172, 40.9843487 ], [ 68.7485092, 40.984225099999989 ], [ 68.7488487, 40.9844569 ], [ 68.7495078, 40.9843679 ], [ 68.7497248, 40.9840652 ], [ 68.7488518, 40.9831208 ], [ 68.7486334, 40.9826731 ], [ 68.7487345, 40.9823056 ], [ 68.7491186, 40.9822774 ], [ 68.7495767, 40.9821153 ], [ 68.7495686, 40.9816476 ], [ 68.7490697, 40.9813641 ], [ 68.7483303, 40.9813995 ], [ 68.7474112, 40.9812329 ], [ 68.7467067, 40.981078599999989 ], [ 68.7460021, 40.9809844 ], [ 68.7448192, 40.9804093 ], [ 68.7443732, 40.9799487 ], [ 68.7439273, 40.9800228 ], [ 68.74359, 40.9804347 ], [ 68.7428383, 40.9807983 ], [ 68.7422946, 40.9813385 ], [ 68.7418358, 40.9814856 ], [ 68.7415443, 40.9813246 ], [ 68.7411867, 40.9809672 ], [ 68.7412055, 40.9805217 ], [ 68.7414818, 40.980297 ], [ 68.7419359, 40.9801522 ], [ 68.7422482, 40.9798183 ], [ 68.7424244, 40.9792826 ], [ 68.7423347, 40.9788066 ], [ 68.7420217, 40.9785869 ], [ 68.7415649, 40.9785191 ], [ 68.7413461, 40.9787235 ], [ 68.7412913, 40.9790658 ], [ 68.7416274, 40.9796325 ], [ 68.7415086, 40.9797826 ], [ 68.7413193, 40.979807 ], [ 68.7408139, 40.979653 ], [ 68.7402634, 40.9792877 ], [ 68.7392421, 40.977699 ], [ 68.738854, 40.9773213 ], [ 68.7386046, 40.9769062 ], [ 68.7386219, 40.9763596 ], [ 68.7381317, 40.9759271 ], [ 68.7375282, 40.9758724 ], [ 68.7369354, 40.9760486 ], [ 68.736465400000014, 40.9757683 ], [ 68.7362991, 40.9752823 ], [ 68.73646, 40.974853 ], [ 68.7367504, 40.9746007 ], [ 68.7370501, 40.9742212 ], [ 68.736804, 40.9738109 ], [ 68.7363482, 40.9736509 ], [ 68.7358466, 40.9738818 ], [ 68.7354417, 40.9743976 ], [ 68.7351251, 40.9746047 ], [ 68.7347475, 40.9745486 ], [ 68.7338329, 40.9739986 ], [ 68.7331092, 40.9736884 ], [ 68.7329712, 40.9735546 ], [ 68.7329599, 40.9733595 ], [ 68.7329818, 40.9729296 ], [ 68.732712, 40.9723877 ], [ 68.7325218, 40.972162499999989 ], [ 68.732252, 40.9719966 ], [ 68.7316382, 40.9718951 ], [ 68.7312898, 40.9717415 ], [ 68.7310059, 40.9715265 ], [ 68.7306501, 40.9710424 ], [ 68.7304535, 40.9707718 ], [ 68.730155, 40.9705746 ], [ 68.729399200000017, 40.9703017 ], [ 68.7288664, 40.9699239 ], [ 68.7286095, 40.969666599999989 ], [ 68.7272533, 40.9695603 ], [ 68.7271444, 40.9695518 ], [ 68.7265779, 40.9695074 ], [ 68.7265072, 40.9699392 ], [ 68.7245526, 40.9695977 ], [ 68.7231447, 40.9692986 ], [ 68.7208893, 40.9687832 ], [ 68.7200798, 40.9689454 ], [ 68.7198472, 40.9689587 ], [ 68.7175708, 40.9679945 ], [ 68.71545, 40.9670378 ], [ 68.7131138, 40.9657875 ], [ 68.7112526, 40.9647726 ], [ 68.7110552, 40.9647755 ], [ 68.708723, 40.9658684 ], [ 68.7082026, 40.9660353 ], [ 68.7045157, 40.9672176 ], [ 68.7043497, 40.9671765 ], [ 68.7020816, 40.9660144 ], [ 68.701848, 40.9660308 ], [ 68.7011882, 40.9662744 ], [ 68.7000077, 40.9669452 ], [ 68.6990432, 40.9672496 ], [ 68.6975471, 40.967554799999988 ], [ 68.6973717, 40.9675066 ], [ 68.6965549, 40.9664223 ], [ 68.6963731, 40.9663842 ], [ 68.695698, 40.9666062 ], [ 68.694407, 40.9668739 ], [ 68.6941315, 40.9668421 ], [ 68.6921274, 40.9661468 ], [ 68.6911409, 40.9656652 ], [ 68.6897858, 40.965231 ], [ 68.6848736, 40.964422 ], [ 68.6839, 40.9641118 ], [ 68.6837235, 40.9638391 ], [ 68.6837586, 40.9628202 ], [ 68.6837648, 40.9625994 ], [ 68.6840253, 40.9623742 ], [ 68.6840285, 40.9622485 ], [ 68.684035, 40.961995 ], [ 68.684268, 40.9616444 ], [ 68.6843614, 40.9613685 ], [ 68.6808443, 40.9624593 ], [ 68.6794819, 40.9626583 ], [ 68.6784353, 40.9627276 ], [ 68.6774381, 40.9626042 ], [ 68.6766383, 40.962347 ], [ 68.6730352, 40.9604362 ], [ 68.6707267, 40.9595131 ], [ 68.6680284, 40.9585123 ], [ 68.6665966, 40.957791 ], [ 68.6657066, 40.9572058 ], [ 68.6641858, 40.9555233 ], [ 68.6631129, 40.9544684 ], [ 68.6617367, 40.9532507 ], [ 68.6611008, 40.9526698 ], [ 68.6629496, 40.9474671 ], [ 68.64789, 40.93799 ], [ 68.6457283, 40.9366256 ], [ 68.6452597, 40.93633 ], [ 68.63592, 40.93517 ], [ 68.6335853, 40.9353586 ], [ 68.62874, 40.93575 ], [ 68.6226025, 40.9338357 ], [ 68.62252, 40.93381 ], [ 68.6178878, 40.9316356 ], [ 68.6161979, 40.9308423 ], [ 68.6149999, 40.9302795 ], [ 68.61444, 40.92389 ], [ 68.6143885, 40.9233174 ], [ 68.61389, 40.91777 ], [ 68.61194, 40.91306 ], [ 68.60611, 40.91611 ], [ 68.59944, 40.91834 ], [ 68.594131, 40.9198516 ], [ 68.5936113, 40.9199996 ], [ 68.5933939, 40.9174893 ], [ 68.59306, 40.91361 ], [ 68.5921729, 40.9100724 ], [ 68.59139, 40.90695 ], [ 68.59194, 40.90139 ], [ 68.5924439, 40.8963871 ], [ 68.5924999, 40.8958305 ], [ 68.5926873, 40.8951186 ], [ 68.5938898, 40.8905507 ], [ 68.5963896, 40.8861108 ], [ 68.5962184, 40.8842382 ], [ 68.59583, 40.88 ], [ 68.59361, 40.87389 ], [ 68.5902285, 40.8711407 ], [ 68.5891684, 40.8702792 ], [ 68.5878954, 40.8696089 ], [ 68.58389, 40.8675 ], [ 68.57806, 40.86555 ], [ 68.5767377, 40.8648235 ], [ 68.57624, 40.86455 ], [ 68.57306, 40.86278 ], [ 68.56805, 40.86139 ], [ 68.57166, 40.84555 ], [ 68.57237, 40.84143 ], [ 68.57472, 40.82778 ], [ 68.5760079, 40.8202967 ], [ 68.57778, 40.81 ], [ 68.5780834, 40.8082194 ], [ 68.57816, 40.80777 ], [ 68.5786565, 40.8048892 ], [ 68.58084, 40.79222 ], [ 68.5812677, 40.7896893 ], [ 68.58132, 40.78938 ], [ 68.58389, 40.77445 ], [ 68.58694, 40.75639 ], [ 68.5878573, 40.7491962 ], [ 68.58878, 40.74196 ], [ 68.58917, 40.73889 ], [ 68.588869, 40.7376969 ], [ 68.58833, 40.73556 ], [ 68.5897212, 40.7302794 ], [ 68.5955595, 40.7275002 ], [ 68.60417, 40.72639 ], [ 68.61222, 40.72583 ], [ 68.62111, 40.72472 ], [ 68.6273968, 40.7249635 ], [ 68.62834, 40.725 ], [ 68.63223, 40.72222 ], [ 68.62861, 40.71805 ], [ 68.63, 40.71278 ], [ 68.63026, 40.71025 ], [ 68.63056, 40.70722 ], [ 68.6313332, 40.7044186 ], [ 68.63194, 40.70222 ], [ 68.6355596, 40.6983304 ], [ 68.6360116, 40.6968962 ], [ 68.63722, 40.69306 ], [ 68.6378187, 40.6919986 ], [ 68.63973, 40.68861 ], [ 68.64222, 40.68417 ], [ 68.64584, 40.68 ], [ 68.6468, 40.67828 ], [ 68.64833, 40.67556 ], [ 68.65195, 40.67167 ], [ 68.64889, 40.66639 ], [ 68.6479892, 40.6652821 ], [ 68.64528, 40.66195 ], [ 68.6423154, 40.6597249 ], [ 68.64083, 40.65861 ], [ 68.6374354, 40.6547255 ], [ 68.63695, 40.65417 ], [ 68.63333, 40.64972 ], [ 68.6324903, 40.6488201 ], [ 68.63138, 40.64763 ], [ 68.6297717, 40.6459051 ], [ 68.62945, 40.64556 ], [ 68.6290647, 40.6450864 ], [ 68.62583, 40.64111 ], [ 68.6254563, 40.6402055 ], [ 68.62388, 40.63639 ], [ 68.63167, 40.63472 ], [ 68.6350058, 40.6339817 ], [ 68.63917, 40.63306 ], [ 68.6441437, 40.6304494 ], [ 68.6449995, 40.6300003 ], [ 68.64833, 40.62611 ], [ 68.6485329, 40.6250373 ], [ 68.6491693, 40.6216691 ], [ 68.64555, 40.6175 ], [ 68.64111, 40.61389 ], [ 68.63666, 40.61028 ], [ 68.633652, 40.6086042 ], [ 68.63167, 40.6075 ], [ 68.62556, 40.60555 ], [ 68.61972, 40.60361 ], [ 68.6181954, 40.6033563 ], [ 68.61305, 40.6025 ], [ 68.60806, 40.59972 ], [ 68.6030829, 40.6008523 ], [ 68.60195, 40.60111 ], [ 68.5979919, 40.6025936 ], [ 68.5952796, 40.6036105 ], [ 68.5933747, 40.605829 ], [ 68.59194, 40.6075 ], [ 68.58611, 40.61028 ], [ 68.5775, 40.61167 ], [ 68.5727107, 40.6126932 ], [ 68.56973, 40.61333 ], [ 68.56416, 40.61611 ], [ 68.558741, 40.6189543 ], [ 68.55833, 40.61917 ], [ 68.5519256, 40.6213048 ], [ 68.5516696, 40.6213901 ], [ 68.54528, 40.62389 ], [ 68.5430657, 40.6243624 ], [ 68.5375, 40.62555 ], [ 68.53306, 40.62194 ], [ 68.52917, 40.6175 ], [ 68.5271199, 40.6138128 ], [ 68.52639, 40.6125 ], [ 68.5246951, 40.6083576 ], [ 68.5238897, 40.6063899 ], [ 68.5226526, 40.6059768 ], [ 68.51805, 40.60444 ], [ 68.51, 40.605 ], [ 68.50139, 40.60611 ], [ 68.5008855, 40.605943 ], [ 68.5, 40.60565 ], [ 68.49556, 40.60417 ], [ 68.4928389, 40.6019564 ], [ 68.49111, 40.60055 ], [ 68.4892597, 40.5982743 ], [ 68.4875, 40.59611 ], [ 68.484441, 40.5911117 ], [ 68.4821951, 40.5926986 ], [ 68.47972, 40.59445 ], [ 68.47222, 40.59639 ], [ 68.4685382, 40.5965133 ], [ 68.46416, 40.59666 ], [ 68.4586108, 40.5973599 ], [ 68.4559941, 40.5976899 ], [ 68.45528, 40.59778 ], [ 68.44861, 40.60028 ], [ 68.44306, 40.60306 ], [ 68.4383305, 40.6063896 ], [ 68.437682, 40.6076183 ], [ 68.43584, 40.61111 ], [ 68.4354929, 40.611483 ], [ 68.43222, 40.615 ], [ 68.4311594, 40.616144899999988 ], [ 68.43008, 40.61731 ], [ 68.42861, 40.61889 ], [ 68.4280629, 40.6191907 ], [ 68.42306, 40.62194 ], [ 68.41417, 40.62305 ], [ 68.409172, 40.6237001 ], [ 68.40556, 40.62417 ], [ 68.39666, 40.62528 ], [ 68.38805, 40.62667 ], [ 68.38028, 40.62834 ], [ 68.3773502, 40.6297996 ], [ 68.37472, 40.63111 ], [ 68.3691151, 40.6332139 ], [ 68.36806, 40.63361 ], [ 68.3675041, 40.6337947 ], [ 68.36138, 40.63583 ], [ 68.3585, 40.63787 ], [ 68.3582094, 40.6380764 ], [ 68.35667, 40.63917 ], [ 68.35, 40.64167 ], [ 68.34444, 40.64445 ], [ 68.340655, 40.6452576 ], [ 68.33666, 40.64611 ], [ 68.33, 40.64833 ], [ 68.32333, 40.65083 ], [ 68.3196256, 40.6523763 ], [ 68.31667, 40.65361 ], [ 68.3132157, 40.6555111 ], [ 68.31111, 40.65667 ], [ 68.30444, 40.65889 ], [ 68.29972, 40.66222 ], [ 68.29416, 40.66527 ], [ 68.2890443, 40.6678417 ], [ 68.28861, 40.66806 ], [ 68.2880397, 40.6683305 ], [ 68.28277, 40.67083 ], [ 68.27612, 40.67305 ], [ 68.27055, 40.67611 ], [ 68.2687355, 40.6767173 ], [ 68.26556, 40.67778 ], [ 68.2644974, 40.67813 ], [ 68.26389, 40.67833 ], [ 68.2582264, 40.6801472 ], [ 68.25694, 40.68056 ], [ 68.25139, 40.68361 ], [ 68.2501094, 40.6842515 ], [ 68.24584, 40.68639 ], [ 68.24, 40.68917 ], [ 68.23333, 40.69139 ], [ 68.22778, 40.69445 ], [ 68.2233835, 40.6975452 ], [ 68.22305, 40.69778 ], [ 68.2201333, 40.6998378 ], [ 68.203511100000014, 40.6979987 ], [ 68.2018218, 40.6976685 ], [ 68.1997104, 40.6989987 ], [ 68.1680748, 40.7193338 ], [ 68.141276600000012, 40.7388071 ], [ 68.0772178, 40.7888549 ], [ 68.0745374, 40.7903378 ], [ 68.0725827, 40.7905654 ], [ 68.0468695, 40.7958718 ], [ 68.0234889, 40.8006965 ], [ 68.015785, 40.805515 ], [ 67.9775175, 40.8312486 ], [ 67.9765522, 40.832093 ], [ 67.9759835, 40.8330272 ], [ 67.9759277, 40.8338796 ], [ 67.9763824, 40.8357405 ], [ 67.9771674, 40.8374555 ], [ 67.9785922, 40.8374555 ], [ 67.9791444, 40.8385665 ], [ 67.9793352, 40.8388556 ], [ 67.9804051, 40.8399261 ], [ 67.9807664, 40.8407826 ], [ 67.9807183, 40.8415549 ], [ 67.9793537, 40.8440412 ], [ 67.978919100000013, 40.8445322 ], [ 67.9782969, 40.844869 ], [ 67.9771274, 40.8449542 ], [ 67.9753357, 40.8470117 ], [ 67.9750268, 40.8479269 ], [ 67.9718381, 40.8513251 ], [ 67.9725167, 40.8518672 ], [ 67.9729582, 40.852435 ], [ 67.9732867, 40.8532041 ], [ 67.9732683, 40.8539836 ], [ 67.97275, 40.8548642 ], [ 67.97275, 40.8618706 ], [ 67.9731122, 40.8618276 ], [ 67.9735279, 40.8616613 ], [ 67.9739311, 40.8609501 ], [ 67.9747638, 40.8612914 ], [ 67.9759922, 40.8612798 ], [ 67.9768178, 40.8611523 ], [ 67.9777286, 40.8612652 ], [ 67.9806742, 40.8612052 ], [ 67.9820084, 40.861041 ], [ 67.9842592, 40.8609372 ], [ 67.9845825, 40.8607566 ], [ 67.9875461, 40.8604868 ], [ 67.9881748, 40.8603313 ], [ 67.9924002, 40.8585956 ], [ 67.9922861, 40.8592181 ], [ 67.9935231, 40.8599329 ], [ 67.9947288, 40.8604415 ], [ 67.9960649, 40.8604756 ], [ 67.996899700000014, 40.860067199999989 ], [ 67.9991995, 40.8599823 ], [ 68.0007345, 40.8605648 ], [ 68.0018975, 40.8606348 ], [ 68.002743, 40.8601703 ], [ 68.0059662, 40.8606431 ], [ 68.0071957, 40.8700894 ], [ 68.0087221, 40.880162 ], [ 68.0079959, 40.8832546 ], [ 68.0070484, 40.8855136 ], [ 68.0121155, 40.8896888 ], [ 68.0125099, 40.8905161 ], [ 68.0273358, 40.898514899999988 ], [ 68.0286953, 40.9000767 ], [ 68.0331331, 40.9008987 ], [ 68.0338796, 40.9024808 ], [ 68.0343333, 40.9035668 ], [ 68.040057, 40.9075939 ], [ 68.0487826, 40.9086351 ], [ 68.0504184, 40.9090943 ], [ 68.0545608, 40.9125754 ], [ 68.0724692, 40.9167414 ], [ 68.0731661, 40.9245938 ], [ 68.0804794, 40.9233171 ], [ 68.0816242, 40.9233179 ], [ 68.088698, 40.9255396 ], [ 68.095723, 40.9360667 ], [ 68.0963964, 40.936299299999988 ], [ 68.0914504, 40.9418719 ], [ 68.0842846, 40.9417628 ], [ 68.0632129, 40.945646 ], [ 68.0637091, 40.9460532 ], [ 68.0641168, 40.9465941 ], [ 68.0642402, 40.9469325 ], [ 68.0644602, 40.948537 ], [ 68.0664584, 40.9505162 ], [ 68.0699104, 40.9524589 ], [ 68.071627, 40.9533594 ], [ 68.0750629, 40.9495985 ], [ 68.0821037, 40.9529451 ], [ 68.075653, 40.9605766 ], [ 68.0841047, 40.9636928 ], [ 68.0838488, 40.9644118 ], [ 68.0843552, 40.9659856 ], [ 68.0879438, 40.970089 ], [ 68.0740507, 40.9860617 ], [ 68.0739917, 40.9861296 ], [ 68.0787151, 40.9946326 ], [ 68.0804193, 40.995488 ], [ 68.0835902, 40.9976846 ], [ 68.0827947, 40.9992923 ], [ 68.0822754, 41.00131 ], [ 68.0683081, 41.00806 ], [ 68.057701, 41.0056984 ], [ 68.0554949, 41.0090311 ], [ 68.081122, 41.0261955 ], [ 68.0822325, 41.0263654 ], [ 68.0885008, 41.0306895 ], [ 68.1083947, 41.0342444 ], [ 68.1086951, 41.0343739 ], [ 68.1107604, 41.0362231 ], [ 68.1140113, 41.0350537 ], [ 68.1270066, 41.0322575 ], [ 68.1275149, 41.038404 ], [ 68.1265439, 41.0408307 ], [ 68.1266203, 41.0444953 ], [ 68.125298, 41.0450678 ], [ 68.118795, 41.0468662 ], [ 68.1148213, 41.0537273 ], [ 68.1142366, 41.0550602 ], [ 68.1123805, 41.0609861 ], [ 68.1132764, 41.0626486 ], [ 68.1128915, 41.0642431 ], [ 68.1125, 41.06445 ], [ 68.10611, 41.06556 ], [ 68.10555, 41.06556 ], [ 68.1015467, 41.0652495 ], [ 68.09833, 41.065 ], [ 68.0975906, 41.0644661 ], [ 68.08833, 41.05778 ], [ 68.0871966, 41.0517739 ], [ 68.08639, 41.0475 ], [ 68.0826955, 41.0465009 ], [ 68.0761106, 41.0447202 ], [ 68.06639, 41.05222 ], [ 68.05389, 41.05111 ], [ 68.0525, 41.05055 ], [ 68.0521406, 41.050315 ], [ 68.05146, 41.04987 ], [ 68.04073, 41.04435 ], [ 68.04028, 41.04417 ], [ 68.0391851, 41.0436201 ], [ 68.03584, 41.04194 ], [ 68.03389, 41.04083 ], [ 68.030279, 41.0429228 ], [ 68.02861, 41.04389 ], [ 68.02417, 41.04861 ], [ 68.0241033, 41.0487125 ], [ 68.02055, 41.05417 ], [ 68.0201567, 41.0561542 ], [ 68.01945, 41.05972 ], [ 68.0182704, 41.0634161 ], [ 68.0175, 41.06583 ], [ 68.0170576, 41.0689426 ], [ 68.01667, 41.07167 ], [ 68.0160225, 41.0736989 ], [ 68.01472, 41.07778 ], [ 68.0132294, 41.0816945 ], [ 68.0125, 41.08361 ], [ 68.01167, 41.08945 ], [ 68.0112876, 41.0919767 ], [ 68.01083, 41.095 ], [ 68.00749, 41.10166 ], [ 68.0045761, 41.1077743 ], [ 68.00444, 41.10806 ], [ 68.0041368, 41.108641 ], [ 68.00111, 41.11444 ], [ 68.0, 41.11624 ], [ 67.9993161, 41.1173452 ], [ 67.9975, 41.12028 ], [ 67.98944, 41.13056 ], [ 67.98444, 41.13445 ], [ 67.9838212, 41.1350121 ], [ 67.97528, 41.14277 ], [ 67.968105, 41.1495147 ], [ 67.96611, 41.15139 ], [ 67.962769, 41.154023 ], [ 67.95167, 41.16277 ], [ 67.9460008, 41.1689923 ], [ 67.94306, 41.17222 ], [ 67.93556, 41.18334 ], [ 67.9349685, 41.1874454 ], [ 67.93472, 41.18917 ], [ 67.93472, 41.19445 ], [ 67.93472, 41.1964491 ], [ 67.9301871, 41.1959577 ], [ 67.92404, 41.19529 ], [ 67.9041, 41.18788 ], [ 67.9037555, 41.1877521 ], [ 67.89594, 41.18485 ], [ 67.8807897, 41.1710145 ], [ 67.8736984, 41.1645397 ], [ 67.84636, 41.16024 ], [ 67.8372484, 41.1672855 ], [ 67.80345, 41.19342 ], [ 67.77909, 41.20219 ], [ 67.7729, 41.20215 ], [ 67.7518647, 41.202007 ], [ 67.74348, 41.20195 ], [ 67.7183053, 41.2026112 ], [ 67.60642, 41.20555 ], [ 67.43994, 41.2097 ], [ 67.4063547, 41.2105055 ], [ 67.40283, 41.21059 ], [ 67.37535, 41.20733 ], [ 67.34834, 41.20059 ], [ 67.32946, 41.20266 ], [ 67.3186741, 41.2080441 ], [ 67.31117, 41.21179 ], [ 67.3023492, 41.2118147 ], [ 67.27899, 41.21188 ], [ 67.25221, 41.21194 ], [ 67.15176, 41.22053 ], [ 67.1330137, 41.221437 ], [ 67.11311, 41.2224 ], [ 67.0315763, 41.2262925 ], [ 67.0, 41.2278 ], [ 66.9314, 41.23408 ], [ 66.81343, 41.23982 ], [ 66.7399979, 41.2437744 ], [ 66.65503, 41.24835 ], [ 66.6226005, 41.24953 ], [ 66.6224173, 41.2495508 ], [ 66.6061008, 41.2514099 ], [ 66.60153, 41.27815 ], [ 66.6000106, 41.3031996 ], [ 66.59964, 41.30931 ], [ 66.59315, 41.35481 ], [ 66.58012, 41.47753 ], [ 66.57059, 41.56507 ], [ 66.5700963, 41.5686243 ], [ 66.56914, 41.57551 ], [ 66.56193, 41.64267 ], [ 66.55721, 41.68575 ], [ 66.54772, 41.7618 ], [ 66.5446489, 41.7865638 ], [ 66.53136, 41.89372 ], [ 66.5309865, 41.89532 ], [ 66.53076, 41.89629 ], [ 66.4820899, 41.9011802 ], [ 66.47821, 41.90157 ], [ 66.4678351, 41.9024773 ], [ 66.41463, 41.90713 ], [ 66.3219641, 41.91564 ], [ 66.30605, 41.9171 ], [ 66.24335, 41.9225 ], [ 66.21777, 41.92468 ], [ 66.1553504, 41.9302275 ], [ 66.11369, 41.93393 ], [ 66.09569, 41.93512 ], [ 66.06586, 41.93778 ], [ 66.0569959, 41.9388866 ], [ 66.0504, 41.93971 ], [ 66.032449500000013, 41.9413356 ], [ 66.00855, 41.9435 ], [ 66.00757, 41.96664 ], [ 66.0075344, 41.9672522 ], [ 66.0069, 41.97817 ], [ 66.0074418, 41.9818272 ], [ 66.00774, 41.98384 ], [ 66.0082978, 41.9876943 ], [ 66.0084, 41.9884 ], [ 66.00863, 41.99901 ], [ 66.0088897, 42.0104229 ], [ 66.00902, 42.01615 ], [ 66.0094, 42.0336 ], [ 66.00919, 42.05061 ], [ 66.00976, 42.06724 ], [ 66.0099991, 42.0743899 ], [ 66.01007, 42.07651 ], [ 66.01051, 42.08372 ], [ 66.0109561, 42.0909666 ], [ 66.01108, 42.09298 ], [ 66.011054, 42.0940711 ], [ 66.0109, 42.10053 ], [ 66.01051, 42.11714 ], [ 66.0108, 42.13321 ], [ 66.01141, 42.14855 ], [ 66.01144, 42.15133 ], [ 66.0115246, 42.1579909 ], [ 66.01164, 42.16708 ], [ 66.011701, 42.1726012 ], [ 66.01176, 42.17794 ], [ 66.01208, 42.18412 ], [ 66.0125, 42.19213 ], [ 66.01243, 42.2011 ], [ 66.01241, 42.20454 ], [ 66.0128005, 42.2141763 ], [ 66.01294, 42.21762 ], [ 66.01356, 42.23273 ], [ 66.0136, 42.23388 ], [ 66.0137425, 42.2380311 ], [ 66.01382, 42.24029 ], [ 66.0135175, 42.244379 ], [ 66.01299, 42.25151 ], [ 66.01394, 42.26762 ], [ 66.0139435, 42.2704096 ], [ 66.01395, 42.27566 ], [ 66.0139434, 42.2815483 ], [ 66.01394, 42.28465 ], [ 66.01391, 42.30163 ], [ 66.0139318, 42.3068645 ], [ 66.01398, 42.31841 ], [ 66.01403, 42.3294997 ], [ 66.01404, 42.33171 ], [ 66.01449, 42.33552 ], [ 66.01533, 42.34266 ], [ 66.01443, 42.35219 ], [ 66.0141925, 42.3547324 ], [ 66.01409, 42.35583 ], [ 66.0145711, 42.3604526 ], [ 66.01542, 42.36861 ], [ 66.0159132, 42.3734001 ], [ 66.0164312, 42.3784196 ], [ 66.0795, 42.35639 ], [ 66.09301, 42.35022 ], [ 66.0987393, 42.3489076 ], [ 66.10566870000001, 42.3473203 ], [ 66.10726, 42.36583 ], [ 66.106686, 42.4022512 ], [ 66.106517, 42.4129721 ], [ 66.10639, 42.42103 ], [ 66.10672, 42.46283 ], [ 66.10514, 42.54841 ], [ 66.10421, 42.59006 ], [ 66.1041806, 42.5917085 ], [ 66.10384, 42.61081 ], [ 66.1036696, 42.6365111 ], [ 66.10345, 42.66962 ], [ 66.10352, 42.68845 ], [ 66.1030118, 42.717874 ], [ 66.1029398, 42.7220302 ], [ 66.10191, 42.78163 ], [ 66.10122, 42.88002 ], [ 66.10057, 42.93453 ], [ 66.1003569, 42.9388332 ], [ 66.0992, 42.96219 ], [ 66.01703, 42.93396 ], [ 65.99996, 42.92807 ], [ 65.9589083, 42.913879 ], [ 65.91604, 42.89906 ], [ 65.85907, 42.87923 ], [ 65.8488327, 42.8756656 ], [ 65.8271888, 42.8681325 ], [ 65.8207226, 42.8820322 ], [ 65.81442, 42.89558 ], [ 65.80673, 42.91559 ], [ 65.8013383, 42.9281608 ], [ 65.79195, 42.95005 ], [ 65.77019, 43.00046 ], [ 65.76922, 43.0027 ], [ 65.7663143, 43.0114972 ], [ 65.76341, 43.02029 ], [ 65.7405, 43.07453 ], [ 65.72222, 43.11747 ], [ 65.70972, 43.14811 ], [ 65.7057166, 43.1572341 ], [ 65.69553, 43.18045 ], [ 65.68355, 43.20759 ], [ 65.6753516, 43.2318015 ], [ 65.65107, 43.30351 ], [ 65.56033, 43.36365 ], [ 65.5398321, 43.3769472 ], [ 65.49016, 43.40917 ], [ 65.4601877, 43.428902 ], [ 65.44611, 43.43817 ], [ 65.4321359, 43.4464737 ], [ 65.41565, 43.45627 ], [ 65.3779125, 43.4848692 ], [ 65.33789, 43.5152 ], [ 65.3217326, 43.525779 ], [ 65.3102, 43.53333 ], [ 65.2941314, 43.545279 ], [ 65.2906032, 43.5508713 ], [ 65.2758, 43.57434 ], [ 65.2752516, 43.5766848 ], [ 65.27493, 43.57806 ], [ 65.2690654, 43.5860876 ], [ 65.26723, 43.5886 ], [ 65.2554, 43.60787 ], [ 65.25504, 43.61042 ], [ 65.2523416, 43.6148794 ], [ 65.25101, 43.61708 ], [ 65.2491048, 43.619292099999988 ], [ 65.24623, 43.62263 ], [ 65.20798, 43.68174 ], [ 65.19954, 43.69461 ], [ 65.18883, 43.71289 ], [ 65.186413, 43.7188872 ], [ 65.18457, 43.72346 ], [ 65.18332, 43.72353 ], [ 65.17024, 43.74355 ], [ 65.14872, 43.76151 ], [ 65.1414185, 43.7654797 ], [ 65.13224, 43.77047 ], [ 65.1210212, 43.7736934 ], [ 65.11442, 43.77559 ], [ 65.078101, 43.77668 ], [ 65.0548, 43.77498 ], [ 65.0356235, 43.7714797 ], [ 65.01026, 43.76685 ], [ 65.0047215, 43.7648959 ], [ 65.0, 43.76323 ], [ 64.96524, 43.75094 ], [ 64.95639, 43.74798 ], [ 64.9523222, 43.7468365 ], [ 64.9502, 43.74624 ], [ 64.9487898, 43.7450701 ], [ 64.94709, 43.74366 ], [ 64.91556, 43.7325 ], [ 64.90544, 43.72937 ], [ 64.8533674, 43.7125351 ], [ 64.7930987, 43.6930505 ], [ 64.77924, 43.68857 ], [ 64.76398, 43.68455 ], [ 64.7100781, 43.6651595 ], [ 64.67258, 43.65167 ], [ 64.66431, 43.64797 ], [ 64.64575, 43.64227 ], [ 64.63395, 43.63783 ], [ 64.62247, 43.63337 ], [ 64.58162, 43.61916 ], [ 64.556013, 43.6101586 ], [ 64.53653, 43.60331 ], [ 64.52732, 43.60263 ], [ 64.5259683, 43.6024248 ], [ 64.52508, 43.60229 ], [ 64.5220186, 43.6024414 ], [ 64.51942, 43.60257 ], [ 64.51816, 43.60263 ], [ 64.5171056, 43.6020674 ], [ 64.5140131, 43.6004171 ], [ 64.51385, 43.60033 ], [ 64.48119, 43.6022 ], [ 64.46699, 43.60222 ], [ 64.4183992, 43.6041475 ], [ 64.37296, 43.60595 ], [ 64.3664543, 43.6058676 ], [ 64.3619, 43.60581 ], [ 64.3472705, 43.6069167 ], [ 64.34498, 43.60709 ], [ 64.3342565, 43.6070231 ], [ 64.32414, 43.60696 ], [ 64.31657, 43.6071 ], [ 64.31251, 43.60753 ], [ 64.3093094, 43.6080437 ], [ 64.30846, 43.60818 ], [ 64.2749602, 43.609192 ], [ 64.21875, 43.61089 ], [ 64.20312, 43.61255 ], [ 64.17224, 43.6131 ], [ 64.1671748, 43.6138706 ], [ 64.15916, 43.61509 ], [ 64.14812, 43.61515 ], [ 64.059334, 43.6199449 ], [ 64.05387, 43.62024 ], [ 64.0475552, 43.6207391 ], [ 64.04008, 43.62133 ], [ 63.99835, 43.62407 ], [ 63.99363, 43.62438 ], [ 63.91188, 43.62808 ], [ 63.8774676, 43.6323674 ], [ 63.86003, 43.63454 ], [ 63.73174, 43.64063 ], [ 63.60596, 43.6506 ], [ 63.58306, 43.65248 ], [ 63.5289618, 43.6565639 ], [ 63.52186, 43.6571 ], [ 63.45664, 43.66276 ], [ 63.424504, 43.6675508 ], [ 63.38889, 43.67286 ], [ 63.38135, 43.67339 ], [ 63.37207, 43.6717 ], [ 63.36828, 43.67162 ], [ 63.3113943, 43.664775 ], [ 63.2575321, 43.6582938 ], [ 63.24786, 43.65713 ], [ 63.20807, 43.65249 ], [ 63.1572532, 43.64597 ], [ 63.11314, 43.64031 ], [ 63.095955599999989, 43.6375066 ], [ 63.09144, 43.63677 ], [ 63.0740638, 43.6344403 ], [ 62.99873, 43.62434 ], [ 62.98316, 43.62224 ], [ 62.93894, 43.61675 ], [ 62.9161488, 43.6131041 ], [ 62.90037, 43.61058 ], [ 62.8761222, 43.607332 ], [ 62.80175, 43.59737 ], [ 62.7685457, 43.5924891 ], [ 62.73617, 43.58773 ], [ 62.64462, 43.57528 ], [ 62.6306949, 43.5732818 ], [ 62.60455, 43.56953 ], [ 62.58513, 43.56628 ], [ 62.48949, 43.55292 ], [ 62.47738, 43.55057 ], [ 62.43038, 43.54406 ], [ 62.41421, 43.54228 ], [ 62.4104, 43.54171 ], [ 62.3895022, 43.5386799 ], [ 62.33895, 43.53135 ], [ 62.32179, 43.52868 ], [ 62.3202083, 43.528456899999988 ], [ 62.28847, 43.52398 ], [ 62.2566244, 43.5195918 ], [ 62.22439, 43.51515 ], [ 62.2059956, 43.5123883 ], [ 62.18376, 43.50905 ], [ 62.13461, 43.50202 ], [ 62.0287, 43.48652 ], [ 62.019005, 43.4871656 ], [ 62.01083, 43.48771 ], [ 62.0035741, 43.4917361 ], [ 61.99953, 43.49398 ], [ 61.98924, 43.50183 ], [ 61.97563, 43.51229 ], [ 61.8745889, 43.6033722 ], [ 61.83229, 43.6415 ], [ 61.79003, 43.67972 ], [ 61.7366018, 43.7271655 ], [ 61.70528, 43.75498 ], [ 61.67623, 43.78183 ], [ 61.6345071, 43.8189727 ], [ 61.62039, 43.83154 ], [ 61.6151066, 43.8369199 ], [ 61.61163, 43.84046 ], [ 61.58815, 43.85959 ], [ 61.5267, 43.91443 ], [ 61.4892309, 43.9480691 ], [ 61.4885337, 43.9497541 ], [ 61.48837, 43.95015 ], [ 61.47853, 43.95679 ], [ 61.4749411, 43.9612463 ], [ 61.47402, 43.96239 ], [ 61.43369, 43.99722 ], [ 61.4312911, 43.9988203 ], [ 61.42549, 44.00269 ], [ 61.4213721, 44.0054352 ], [ 61.41982, 44.00647 ], [ 61.41986, 44.00738 ], [ 61.41359, 44.01646 ], [ 61.32324, 44.09405 ], [ 61.2771082, 44.1352608 ], [ 61.27543, 44.13676 ], [ 61.2223958, 44.1820621 ], [ 61.2078, 44.19453 ], [ 61.17852, 44.21873 ], [ 61.13133, 44.25993 ], [ 60.9926375, 44.3327654 ], [ 60.971402, 44.3439174 ], [ 60.726761599999989, 44.472392199999987 ], [ 59.0288777, 45.3640489 ], [ 58.59691, 45.5909 ], [ 58.556657, 45.5817454 ], [ 57.6916923, 45.3850299 ], [ 56.9775368, 45.2226124 ], [ 56.694968, 45.158349199999989 ], [ 55.99967, 45.00022 ], [ 55.9998182, 44.4104499 ], [ 56.0000214, 43.6057278 ], [ 56.0005992, 41.3180499 ], [ 55.99558, 41.31768 ], [ 55.9953462, 41.3176605 ], [ 55.9951, 41.31764 ], [ 55.99013, 41.31787 ], [ 55.92909, 41.32072 ], [ 55.9082353, 41.3218288 ], [ 55.89166, 41.32271 ], [ 55.8709, 41.32215 ], [ 55.8674, 41.32206 ], [ 55.8612772, 41.319535 ], [ 55.8561, 41.3174 ], [ 55.84522, 41.31001 ], [ 55.8366926, 41.3017459 ], [ 55.8287, 41.294 ], [ 55.8185118, 41.2829984 ], [ 55.8162999, 41.2806099 ], [ 55.8146404, 41.2800018 ], [ 55.80885, 41.27788 ], [ 55.8020256, 41.2792535 ], [ 55.79782, 41.2801 ], [ 55.77981, 41.29471 ], [ 55.7731345, 41.2957963 ], [ 55.76543, 41.29705 ], [ 55.74089, 41.29636 ], [ 55.73176, 41.29084 ], [ 55.66842, 41.28331 ], [ 55.65429, 41.28043 ], [ 55.6501, 41.27958 ], [ 55.64172, 41.275 ], [ 55.63063, 41.26894 ], [ 55.62476, 41.25938 ], [ 55.6226872, 41.2540161 ], [ 55.6202, 41.24758 ], [ 55.6170922, 41.2441705 ], [ 55.61505, 41.24193 ], [ 55.6112224, 41.2408888 ], [ 55.60847, 41.24014 ], [ 55.60453, 41.24134 ], [ 55.60231, 41.24202 ], [ 55.595735299999987, 41.2473085 ], [ 55.59408, 41.24864 ], [ 55.5935421, 41.2498678 ], [ 55.58616, 41.26672 ], [ 55.5851361, 41.2680313 ], [ 55.58388, 41.26964 ], [ 55.5772184, 41.2782208 ], [ 55.5760691, 41.279700399999989 ], [ 55.57422, 41.28063 ], [ 55.5701442, 41.2827037 ], [ 55.56797, 41.28381 ], [ 55.5649985, 41.2837205 ], [ 55.561, 41.2836 ], [ 55.559151, 41.2818416 ], [ 55.5575299, 41.2802969 ], [ 55.5575014, 41.2794713 ], [ 55.55681, 41.25944 ], [ 55.54986, 41.25328 ], [ 55.5390196, 41.2499118 ], [ 55.53763, 41.24948 ], [ 55.5365507, 41.2495518 ], [ 55.52576, 41.25027 ], [ 55.51681, 41.2532 ], [ 55.49905, 41.26205 ], [ 55.48528, 41.26782 ], [ 55.48477, 41.26803 ], [ 55.4844483, 41.2681615 ], [ 55.48252, 41.26895 ], [ 55.46615, 41.2757 ], [ 55.4651352, 41.276454 ], [ 55.44693, 41.28998 ], [ 55.41997, 41.30999 ], [ 55.41571, 41.31213 ], [ 55.40748, 41.31624 ], [ 55.39633, 41.32717 ], [ 55.3958958, 41.3275944 ], [ 55.39367, 41.32977 ], [ 55.37606, 41.35143 ], [ 55.37543, 41.35195 ], [ 55.3568107, 41.3673964 ], [ 55.34069, 41.38077 ], [ 55.32112, 41.39232 ], [ 55.3203751, 41.3927597 ], [ 55.30169, 41.40379 ], [ 55.28522, 41.41458 ], [ 55.2842187, 41.4152403 ], [ 55.28337, 41.4158 ], [ 55.26926, 41.42759 ], [ 55.26675, 41.42969 ], [ 55.2608306, 41.436400399999989 ], [ 55.23809, 41.46218 ], [ 55.2254792, 41.4775539 ], [ 55.21778, 41.48694 ], [ 55.21515, 41.49029 ], [ 55.2133828, 41.4926672 ], [ 55.2115, 41.4952 ], [ 55.18812, 41.52512 ], [ 55.17081, 41.5447 ], [ 55.1568794, 41.5626647 ], [ 55.15679, 41.56278 ], [ 55.14605, 41.57663 ], [ 55.1413, 41.58785 ], [ 55.138364, 41.5947721 ], [ 55.1361, 41.60011 ], [ 55.1156, 41.62645 ], [ 55.10954, 41.6409 ], [ 55.10725, 41.64441 ], [ 55.09507, 41.66308 ], [ 55.0818988, 41.6892211 ], [ 55.07805, 41.69686 ], [ 55.07771, 41.69746 ], [ 55.0730593, 41.7055522 ], [ 55.07121, 41.70877 ], [ 55.0662677, 41.7146864 ], [ 55.06294, 41.71867 ], [ 55.05242, 41.73126 ], [ 55.0493772, 41.7350282 ], [ 55.04612, 41.73906 ], [ 55.02431, 41.76053 ], [ 55.02129, 41.7630428 ], [ 55.01109, 41.77153 ], [ 55.00385, 41.77685 ], [ 55.0022545, 41.7780152 ], [ 55.00081, 41.77907 ], [ 55.0, 41.77967 ], [ 54.9997154, 41.7798794 ], [ 54.99947, 41.78006 ], [ 54.99889, 41.78049 ], [ 54.9779167, 41.794951 ], [ 54.96852, 41.80143 ], [ 54.9667404, 41.8035714 ], [ 54.96306, 41.808 ], [ 54.95296, 41.82013 ], [ 54.9500853, 41.82843 ], [ 54.94959, 41.8298603 ], [ 54.94901, 41.8362 ], [ 54.9488648, 41.837755 ], [ 54.9486, 41.84059 ], [ 54.9573399, 41.8768694 ], [ 54.9576577, 41.8823397 ], [ 54.95822, 41.89202 ], [ 54.9581381, 41.8949293 ], [ 54.95795, 41.90161 ], [ 54.9579048, 41.903187 ], [ 54.95772, 41.90964 ], [ 54.9558874, 41.9118356 ], [ 54.93914, 41.9319 ], [ 54.9382625, 41.9327746 ], [ 54.93618, 41.93485 ], [ 54.919852899999988, 41.951191 ], [ 54.9126, 41.95845 ], [ 54.87841, 41.98427 ], [ 54.87326, 41.98893 ], [ 54.8637494, 41.9975319 ], [ 54.85819, 42.00256 ], [ 54.8543428, 42.006001499999989 ], [ 54.8415, 42.01749 ], [ 54.8385329, 42.0201328 ], [ 54.83601, 42.02238 ], [ 54.83493, 42.02305 ], [ 54.83383, 42.02373 ], [ 54.8127237, 42.0367544 ], [ 54.80304, 42.04273 ], [ 54.77402, 42.05863 ], [ 54.74195, 42.07395 ], [ 54.69823, 42.09318 ], [ 54.664402, 42.1125615 ], [ 54.65957, 42.11533 ], [ 54.62842, 42.13318 ], [ 54.6243236, 42.134911 ], [ 54.61796, 42.1376 ], [ 54.5921, 42.15261 ], [ 54.5920254, 42.1526524 ], [ 54.59166, 42.15286 ], [ 54.59014, 42.15334 ], [ 54.5863701, 42.1545317 ], [ 54.58065, 42.15634 ], [ 54.5464755, 42.1735307 ], [ 54.51296, 42.19039 ], [ 54.50065, 42.19809 ], [ 54.48362, 42.20873 ], [ 54.4662505, 42.217459399999989 ], [ 54.45445, 42.22339 ], [ 54.4541568, 42.2235332 ], [ 54.45357, 42.22382 ], [ 54.4521402, 42.2244817 ], [ 54.45169, 42.22469 ], [ 54.41436, 42.24176 ], [ 54.4071689, 42.2454601 ], [ 54.40095, 42.24866 ], [ 54.3728788, 42.2631281 ], [ 54.37142, 42.26388 ], [ 54.3702545, 42.2643595 ], [ 54.36369, 42.26706 ], [ 54.3622095, 42.2676694 ], [ 54.35011, 42.27265 ], [ 54.32601, 42.28566 ], [ 54.3163101, 42.2905916 ], [ 54.29452, 42.30167 ], [ 54.28719, 42.3054 ], [ 54.2650848, 42.3152075 ], [ 54.23801, 42.32722 ], [ 54.23682, 42.32746 ], [ 54.23613, 42.3276 ], [ 54.20572, 42.33758 ], [ 54.20565, 42.33849 ], [ 54.18905, 42.34147 ], [ 54.16634, 42.3435 ], [ 54.143901, 42.3424666 ], [ 54.10663, 42.34075 ], [ 54.0803805, 42.3417938 ], [ 54.0759485, 42.3419699 ], [ 54.07468, 42.3419 ], [ 54.0744543, 42.3418929 ], [ 54.07436, 42.34189 ], [ 54.05891, 42.34112 ], [ 54.0484821, 42.3405936 ], [ 54.04425, 42.34038 ], [ 54.0329652, 42.340767 ], [ 54.02938, 42.34089 ], [ 54.0195, 42.33981 ], [ 53.99969, 42.33764 ], [ 53.9983, 42.33749 ], [ 53.9981769, 42.3374746 ], [ 53.9975212, 42.3374537 ], [ 53.9951, 42.33739 ], [ 53.9588587, 42.3363632 ], [ 53.95345, 42.33621 ], [ 53.9417377, 42.3351762 ], [ 53.9249, 42.33369 ], [ 53.9241793, 42.333625 ], [ 53.92246, 42.33347 ], [ 53.91705, 42.33252 ], [ 53.9091345, 42.3311296 ], [ 53.89109, 42.32796 ], [ 53.88378, 42.3278 ], [ 53.87104, 42.32753 ], [ 53.78916, 42.31651 ], [ 53.786055, 42.3164398 ], [ 53.77899, 42.31628 ], [ 53.778398, 42.3161997 ], [ 53.77154, 42.31527 ], [ 53.73349, 42.31008 ], [ 53.7011409, 42.3062076 ], [ 53.69924, 42.30598 ], [ 53.6965057, 42.305684899999989 ], [ 53.66209, 42.30197 ], [ 53.634137599999988, 42.2989484 ], [ 53.6322113, 42.2987401 ], [ 53.61515, 42.29611 ], [ 53.5918021, 42.2933523 ], [ 53.58611, 42.29268 ], [ 53.57193, 42.2895 ], [ 53.55884, 42.28657 ], [ 53.52264, 42.27962 ], [ 53.5084368, 42.2768952 ], [ 53.47776, 42.27101 ], [ 53.45536, 42.26614 ], [ 53.43838, 42.26245 ], [ 53.4322105, 42.2612154 ], [ 53.42034, 42.25884 ], [ 53.42019, 42.25881 ], [ 53.41604, 42.25756 ], [ 53.3861442, 42.2485842 ], [ 53.36548, 42.24238 ], [ 53.3202, 42.22431 ], [ 53.31879, 42.22407 ], [ 53.3183997, 42.2239938 ], [ 53.3169026, 42.2235408 ], [ 53.29766, 42.21769 ], [ 53.2771826, 42.2134616 ], [ 53.2764, 42.2133 ], [ 53.2756963, 42.2131551 ], [ 53.26829, 42.21163 ], [ 53.26645, 42.21105 ], [ 53.24161, 42.20318 ], [ 53.1855, 42.18291 ], [ 53.1849967, 42.1827566 ], [ 53.18445, 42.18259 ], [ 53.1717, 42.17876 ], [ 53.1457823, 42.1693161 ], [ 53.13144, 42.16409 ], [ 53.06342, 42.14658 ], [ 53.0494487, 42.1430291 ], [ 53.03273, 42.13878 ], [ 53.0195724, 42.1336835 ], [ 53.01014, 42.13003 ], [ 53.00584, 42.12776 ], [ 53.00338, 42.12646 ], [ 53.0026668, 42.1260837 ], [ 52.99887, 42.12408 ], [ 52.9617915, 42.1045215 ], [ 52.9594, 42.10326 ], [ 52.92525, 42.08057 ], [ 52.9192339, 42.0770429 ], [ 52.91534, 42.07476 ], [ 52.9001297, 42.0649089 ], [ 52.87711, 42.05 ], [ 52.8641501, 42.0419309 ], [ 52.84926, 42.03266 ], [ 52.83024, 42.01866 ], [ 52.81225, 42.00542 ], [ 52.8116456, 42.0049657 ], [ 52.81064, 42.00421 ], [ 52.80995, 42.00369 ], [ 52.8086373, 42.0027317 ], [ 52.80695, 42.0015 ], [ 52.80339, 41.99892 ], [ 52.78126, 41.98285 ], [ 52.7694672, 41.975394 ], [ 52.75782, 41.96803 ], [ 52.72418, 41.94723 ], [ 52.70484, 41.93527 ], [ 52.7024273, 41.9336893 ], [ 52.69962, 41.93185 ], [ 52.6893728, 41.9251458 ], [ 52.67573, 41.91622 ], [ 52.6670669, 41.9100442 ], [ 52.65936, 41.90455 ], [ 52.654503299999988, 41.9010922 ], [ 52.64707, 41.8958 ], [ 52.62854, 41.88168 ], [ 52.62415, 41.87886 ], [ 52.57293, 41.84596 ], [ 52.5475634, 41.8297552 ], [ 52.54635, 41.82898 ], [ 52.54413, 41.82756 ], [ 52.535241199999987, 41.8222544 ], [ 52.51523, 41.81031 ], [ 52.514658, 41.8095964 ], [ 52.51418, 41.809 ], [ 52.5140057, 41.808792 ], [ 52.51387, 41.80863 ], [ 52.45766, 41.77355 ], [ 52.4562337, 41.7726561 ], [ 52.45474, 41.77172 ], [ 52.4542006, 41.7713845 ], [ 52.4531, 41.7707 ], [ 52.4414314, 41.7654506 ], [ 52.4410136, 41.7658908 ], [ 52.4399747, 41.7708446 ], [ 52.4395141, 41.7730412 ], [ 52.442293, 41.782996399999988 ], [ 52.4430324, 41.785631 ], [ 52.4497916, 41.7987669 ], [ 52.4572764, 41.8072077 ], [ 52.4727338, 41.8396024 ], [ 52.4759533, 41.8442819 ], [ 52.4780838, 41.8473786 ], [ 52.4824549, 41.853737099999989 ], [ 52.4856145, 41.8613332 ], [ 52.4873745, 41.8712736 ], [ 52.4914065, 41.8940455 ], [ 52.49125, 41.9040531 ], [ 52.491183799999988, 41.9082817 ], [ 52.4906449, 41.9114644 ], [ 52.489347, 41.919129 ], [ 52.489831599999988, 41.9406273 ], [ 52.488826, 41.9442598 ], [ 52.487746, 41.9481612 ], [ 52.4816977, 41.9582085 ], [ 52.4785848, 41.9633796 ], [ 52.4776124, 41.970022899999989 ], [ 52.4762994, 41.9789581 ], [ 52.4500434, 42.0052599 ], [ 52.4460717, 42.0082407 ], [ 52.4405166, 42.0124099 ], [ 52.438846, 42.014815 ], [ 52.4353951, 42.0197839 ], [ 52.4356725, 42.0311273 ], [ 52.4357945, 42.0361188 ], [ 52.4389559, 42.0441203 ], [ 52.444291, 42.0576236 ], [ 52.4439203, 42.059528199999988 ], [ 52.4432171, 42.0631406 ], [ 52.439033, 42.0693251 ], [ 52.4342589, 42.0730024 ], [ 52.4231976, 42.0773822 ], [ 52.4227436, 42.0775601 ], [ 52.4189489, 42.0825303 ], [ 52.4254252, 42.107852799999989 ], [ 52.4278284, 42.1352381 ], [ 52.433997, 42.16096 ], [ 52.4357336, 42.1643155 ], [ 52.4391604, 42.1709365 ], [ 52.445806, 42.1795514 ], [ 52.4527613, 42.1885679 ], [ 52.4568137, 42.1922397 ], [ 52.4607438, 42.1958006 ], [ 52.4909708, 42.2231363 ], [ 52.5239322, 42.2529449 ], [ 52.5510948, 42.2836469 ], [ 52.5599122, 42.2973133 ], [ 52.5685986, 42.3107604 ], [ 52.6035603, 42.3781888 ], [ 52.6248195, 42.4135271 ], [ 52.6264536, 42.4160168 ], [ 52.6363119, 42.4310374 ], [ 52.6491495, 42.4588582 ], [ 52.6586451, 42.4794363 ], [ 52.6695776, 42.5216897 ], [ 52.6786111, 42.5481516 ], [ 52.6788158, 42.5495123 ], [ 52.6792692, 42.5525259 ], [ 52.6799725, 42.5571889 ], [ 52.6801794, 42.5585602 ], [ 52.6754449, 42.5890919 ], [ 52.6736825, 42.593219 ], [ 52.6690537, 42.6040582 ], [ 52.6442845, 42.6395864 ], [ 52.6262012, 42.6568609 ], [ 52.623095, 42.6591925 ], [ 52.6152, 42.6651184 ], [ 52.6006626, 42.6760247 ], [ 52.5940581, 42.682168 ], [ 52.5810667, 42.6942521 ], [ 52.5596666, 42.710731 ], [ 52.5554134, 42.7173318 ], [ 52.5539826, 42.7236641 ], [ 52.5548945, 42.7261924 ], [ 52.5570931, 42.7322883 ], [ 52.5638442, 42.7401617 ], [ 52.5674524, 42.7443698 ], [ 52.5730089, 42.7448546 ], [ 52.5760244, 42.7425266 ], [ 52.5689129, 42.7256515 ], [ 52.5694494, 42.7241257 ], [ 52.569774, 42.7232024 ], [ 52.5701766, 42.7220595 ], [ 52.5711983, 42.7191588 ], [ 52.5807753, 42.7064222 ], [ 52.5920876, 42.6991437 ], [ 52.5986526, 42.6972694 ], [ 52.6007117, 42.6966815 ], [ 52.6083832, 42.6863286 ], [ 52.61483, 42.6831395 ], [ 52.6245085, 42.6813453 ], [ 52.6337482, 42.6751964 ], [ 52.6715421, 42.638041 ], [ 52.6758355, 42.6317321 ], [ 52.676843, 42.6302517 ], [ 52.6870323, 42.615269 ], [ 52.694247, 42.5943193 ], [ 52.6995494, 42.5789223 ], [ 52.7026108, 42.5759723 ], [ 52.7108685, 42.5803998 ], [ 52.7140606, 42.5821114 ], [ 52.7229825, 42.5912194 ], [ 52.7278711, 42.59621 ], [ 52.7304889, 42.6005459 ], [ 52.7368653, 42.6111075 ], [ 52.7409089, 42.6220433 ], [ 52.7433809, 42.6342822 ], [ 52.7461279, 42.6478995 ], [ 52.7461732, 42.6512716 ], [ 52.7464914, 42.6749672 ], [ 52.7397957, 42.7182093 ], [ 52.737363, 42.7265552 ], [ 52.7305985, 42.7332509 ], [ 52.7231858, 42.736208 ], [ 52.7172366, 42.7385812 ], [ 52.706489499999989, 42.7386546 ], [ 52.699019, 42.7387056 ], [ 52.6726913, 42.7388726 ], [ 52.6651411, 42.741803 ], [ 52.6509475, 42.7530826 ], [ 52.6463104, 42.7531138 ], [ 52.6436625, 42.7531317 ], [ 52.6353428, 42.7461118 ], [ 52.6214308, 42.7421108 ], [ 52.6163558, 42.7424841 ], [ 52.6163653, 42.7426073 ], [ 52.6167388, 42.7474605 ], [ 52.6204985, 42.7496862 ], [ 52.6281559, 42.754218699999988 ], [ 52.6309778, 42.7598068 ], [ 52.6314727, 42.7607867 ], [ 52.6274291, 42.7773148 ], [ 52.6266674, 42.7787827 ], [ 52.620952699999989, 42.789796 ], [ 52.6193124, 42.7918783 ], [ 52.6149394, 42.7974289 ], [ 52.6098402, 42.8039011 ], [ 52.6054077, 42.8066223 ], [ 52.6033016, 42.8079153 ], [ 52.5921137, 42.8106623 ], [ 52.5795795, 42.8118653 ], [ 52.5737259, 42.8124271 ], [ 52.5194049, 42.8255708 ], [ 52.5172038, 42.8261034 ], [ 52.4921831, 42.8303015 ], [ 52.4718771, 42.8337079 ], [ 52.4646695, 42.8345769 ], [ 52.4307523, 42.8386271 ], [ 52.429583, 42.838566 ], [ 52.4220986, 42.8381753 ], [ 52.4170757, 42.8369461 ], [ 52.4125053, 42.8358277 ], [ 52.3773653, 42.8337047 ], [ 52.3648136, 42.8329464 ], [ 52.3508197, 42.8297344 ], [ 52.3402687, 42.8255589 ], [ 52.3321798, 42.8223577 ], [ 52.3239514, 42.8167576 ], [ 52.315082, 42.8107213 ], [ 52.3092016, 42.8039273 ], [ 52.298559, 42.7916296 ], [ 52.2939177, 42.7862664 ], [ 52.2935626, 42.7862255 ], [ 52.2905879, 42.7858833 ], [ 52.2888057, 42.7863044 ], [ 52.2877197, 42.7865611 ], [ 52.2821765, 42.791642599999989 ], [ 52.2735359, 42.8054367 ], [ 52.2681947, 42.8122627 ], [ 52.2542903, 42.8300324 ], [ 52.232661099999987, 42.8530564 ], [ 52.2288456, 42.8559073 ], [ 52.2256936, 42.8582624 ], [ 52.2154148, 42.8627615 ], [ 52.208347, 42.8658552 ], [ 52.2043665, 42.8675968 ], [ 52.2033926, 42.8680228 ], [ 52.1822387, 42.8718437 ], [ 52.1748425, 42.8724027 ], [ 52.1678126, 42.872934 ], [ 52.1467138, 42.8705569 ], [ 52.130261, 42.8750425 ], [ 52.0728155, 42.8684058 ], [ 52.0649331, 42.8657416 ], [ 52.0589723, 42.863727 ], [ 52.0427062, 42.860515 ], [ 51.9937604, 42.8508365 ], [ 51.9620635, 42.8404681 ], [ 51.9595485, 42.8396454 ], [ 51.9558193, 42.8380763 ], [ 51.9329262, 42.8284444 ], [ 51.9208019, 42.8263195 ], [ 51.9121318, 42.8287227 ], [ 51.9016839, 42.8347537 ], [ 51.8939765, 42.8413479 ], [ 51.8913321, 42.8445995 ], [ 51.8911673, 42.8448022 ], [ 51.8846451, 42.8528076 ], [ 51.8772782, 42.8668571 ], [ 51.8664275, 42.8792662 ], [ 51.8603503, 42.8835346 ], [ 51.8558126, 42.8867215 ], [ 51.8452338, 42.9018319 ], [ 51.8303995, 42.9169125 ], [ 51.8288694, 42.918468 ], [ 51.8236594, 42.9327003 ], [ 51.8217546, 42.9379035 ], [ 51.809663, 42.9458992 ], [ 51.8083153, 42.947757 ], [ 51.8056064, 42.951491399999988 ], [ 51.7961689, 42.964505 ], [ 51.7846189, 42.9804319 ], [ 51.7780967, 42.9941147 ], [ 51.7758433, 43.0068545 ], [ 51.7745507, 43.0141625 ], [ 51.7680286, 43.0251572 ], [ 51.7558388, 43.0364498 ], [ 51.731555899999989, 43.054235 ], [ 51.7249796, 43.0590515 ], [ 51.715789, 43.0657701 ], [ 51.6913538, 43.0806939 ], [ 51.6660084, 43.0934828 ], [ 51.6562382, 43.1003586 ], [ 51.655141099999987, 43.1016897 ], [ 51.6523394, 43.1050903 ], [ 51.6648067, 43.114909 ], [ 51.6673508, 43.1330415 ], [ 51.6673011, 43.1331872 ], [ 51.665694, 43.1379003 ], [ 51.6625541, 43.1408242 ], [ 51.6631304, 43.1485054 ], [ 51.6605831, 43.1552437 ], [ 51.6600414, 43.1566746 ], [ 51.6563954, 43.1663071 ], [ 51.6532082, 43.1675428 ], [ 51.6499092, 43.1688217 ], [ 51.6490579, 43.1714542 ], [ 51.6520571, 43.1776227 ], [ 51.6473965, 43.1800085 ], [ 51.6469723, 43.1802257 ], [ 51.6344846, 43.1834311 ], [ 51.623647, 43.1844494 ], [ 51.6100428, 43.1848947 ], [ 51.6085961, 43.184743 ], [ 51.5966448, 43.18349 ], [ 51.5193447, 43.1721188 ], [ 51.5020386, 43.1695652 ], [ 51.5005279, 43.1693423 ], [ 51.4964972, 43.167393399999987 ], [ 51.4951713, 43.1667523 ], [ 51.488076299999989, 43.1595034 ], [ 51.4732933, 43.1629675 ], [ 51.4630583, 43.1635961 ], [ 51.4321232, 43.16154 ], [ 51.4316785, 43.1615105 ], [ 51.4293714, 43.1612761 ], [ 51.3555112, 43.1537736 ], [ 51.3410755, 43.1523016 ], [ 51.326194199999989, 43.1507842 ], [ 51.2963501, 43.1452378 ], [ 51.289339399999989, 43.1450126 ], [ 51.2868187, 43.1454012 ], [ 51.2740856, 43.1473856 ], [ 51.2712654, 43.1492217 ], [ 51.2682871, 43.1511608 ], [ 51.2649275, 43.1633482 ], [ 51.2639161, 43.1670181 ], [ 51.263971, 43.1678379 ], [ 51.2648492, 43.1809395 ], [ 51.2708016, 43.2099356 ], [ 51.2709948, 43.2108818 ], [ 51.2821074, 43.2419571 ], [ 51.2849027, 43.2529097 ], [ 51.2943856, 43.2900646 ], [ 51.3085308, 43.3273121 ], [ 51.3104356, 43.3323278 ], [ 51.3111068, 43.3340958 ], [ 51.3112261, 43.3467208 ], [ 51.3117518, 43.402369 ], [ 51.3120805, 43.4037353 ], [ 51.3146298, 43.4143329 ], [ 51.311795, 43.4351909 ], [ 51.3087297, 43.4577453 ], [ 51.3080589, 43.4626949 ], [ 51.3071647, 43.4692933 ], [ 51.3032127, 43.4764965 ], [ 51.2991158, 43.4810401 ], [ 51.2908396, 43.4902186 ], [ 51.2904238, 43.503636199999988 ], [ 51.2891647, 43.5068664 ], [ 51.2843633, 43.5191853 ], [ 51.284238, 43.5210713 ], [ 51.2839802, 43.5249511 ], [ 51.279754399999987, 43.5308786 ], [ 51.2771994, 43.5344626 ], [ 51.2753266, 43.540649 ], [ 51.2725893, 43.5496908 ], [ 51.2666925, 43.5613207 ], [ 51.2623361, 43.5651248 ], [ 51.2578359, 43.5690543 ], [ 51.2516149, 43.5729571 ], [ 51.2305329, 43.5861977 ], [ 51.2260241, 43.5931552 ], [ 51.2200485, 43.5932014 ], [ 51.2122855, 43.6109246 ], [ 51.2066562, 43.6148903 ], [ 51.2060809, 43.6152956 ], [ 51.2055704, 43.6155037 ], [ 51.1800806, 43.6258941 ], [ 51.1727675, 43.6277035 ], [ 51.1680644, 43.6288671 ], [ 51.1603172, 43.6221847 ], [ 51.1581442, 43.6235148 ], [ 51.1547974, 43.6255634 ], [ 51.1443813, 43.6384021 ], [ 51.1381154, 43.6461253 ], [ 51.1369999, 43.6474993 ], [ 51.116126, 43.6732093 ], [ 51.1025611, 43.7033874 ], [ 51.091884, 43.7188481 ], [ 51.0854721, 43.7241314 ], [ 51.0820811, 43.7269255 ], [ 51.0811517, 43.7287187 ], [ 51.0700608, 43.750117 ], [ 51.0665091, 43.7569694 ], [ 51.0660814, 43.7574531 ], [ 51.0646101, 43.7591173 ], [ 51.0625766, 43.7614144 ], [ 51.0562773, 43.7685305 ], [ 51.0308696, 43.787619 ], [ 51.0227497, 43.7957914 ], [ 51.0177753, 43.8033319 ], [ 51.0164602, 43.8053255 ], [ 51.0126488, 43.8392103 ], [ 51.006785, 43.8664606 ], [ 51.0000007, 43.897988399999988 ], [ 51.0000007, 43.9020418 ], [ 50.9923031, 43.930871 ], [ 50.9888624, 43.9368011 ], [ 50.9853389, 43.9428741 ], [ 50.9723993, 43.9565897 ], [ 50.9368845, 43.9941836 ], [ 50.9240495, 44.002916 ], [ 50.9136245, 44.0059479 ], [ 50.8915336, 44.0074999 ], [ 50.8832859, 44.0101487 ], [ 50.8636147, 44.0274036 ], [ 50.8630355, 44.0365665 ], [ 50.8627961, 44.040353 ], [ 50.8634444, 44.0419869 ], [ 50.868227, 44.0540563 ], [ 50.8695409, 44.0573723 ], [ 50.8697499, 44.061892 ], [ 50.8712173, 44.0936207 ], [ 50.865422, 44.1170376 ], [ 50.8616848, 44.1273827 ], [ 50.8568076, 44.1408835 ], [ 50.8522555, 44.1497304 ], [ 50.8446473, 44.1645165 ], [ 50.8246323, 44.1988136 ], [ 50.8213943, 44.2016415 ], [ 50.8123246, 44.2095627 ], [ 50.7729067, 44.2352945 ], [ 50.7549675, 44.2425566 ], [ 50.7508645, 44.2442159 ], [ 50.7461992, 44.2461026 ], [ 50.735753, 44.248615 ], [ 50.7248123, 44.2512463 ], [ 50.707374, 44.2572708 ], [ 50.6905545, 44.2607152 ], [ 50.6735514, 44.2667318 ], [ 50.6664042, 44.2692609 ], [ 50.6614553, 44.2698578 ], [ 50.649087, 44.2713498 ], [ 50.6379974, 44.2746305 ], [ 50.6156576, 44.2775183 ], [ 50.603386, 44.2815652 ], [ 50.5904432, 44.2828978 ], [ 50.4738692, 44.2895117 ], [ 50.4477707, 44.2930707 ], [ 50.4249965, 44.2932632 ], [ 50.4160046, 44.2933392 ], [ 50.4106997, 44.2933814 ], [ 50.403661, 44.2934374 ], [ 50.3984458, 44.2945487 ], [ 50.3802899, 44.2984174 ], [ 50.3634115, 44.3066487 ], [ 50.353898, 44.3089776 ], [ 50.3416775, 44.3119693 ], [ 50.328596, 44.3187261 ], [ 50.3233453, 44.3214382 ], [ 50.3070595, 44.3268635 ], [ 50.2976638, 44.3329404 ], [ 50.2892906, 44.3383559 ], [ 50.2699598, 44.3476513 ], [ 50.2677453, 44.3493409 ], [ 50.2647931, 44.3515934 ], [ 50.2563274, 44.3620863 ], [ 50.2402761, 44.3819811 ], [ 50.2355874, 44.3958472 ], [ 50.2346248, 44.4084109 ], [ 50.2342418, 44.4134099 ], [ 50.2345397, 44.4209831 ], [ 50.2352928, 44.4222243 ], [ 50.2393757, 44.4289525 ], [ 50.236373199999989, 44.4383428 ], [ 50.2360332, 44.4481366 ], [ 50.2352273, 44.4713466 ], [ 50.2337954, 44.5125028 ], [ 50.2328633, 44.5392924 ], [ 50.219504699999987, 44.5817651 ], [ 50.2205956, 44.5853729 ], [ 50.2241966, 44.5833039 ], [ 50.2256847, 44.5791011 ], [ 50.2267308, 44.5761466 ], [ 50.2270476, 44.5752497 ], [ 50.2275264, 44.5738939 ], [ 50.2369714, 44.5645537 ], [ 50.2464152, 44.5552147 ], [ 50.2446111, 44.545903 ], [ 50.247548, 44.5411161 ], [ 50.2518006, 44.5405172 ], [ 50.2535469, 44.5402716 ], [ 50.2599703, 44.542851399999989 ], [ 50.2758435, 44.5747223 ], [ 50.282496599999988, 44.597062 ], [ 50.2869266, 44.6016099 ], [ 50.2914646, 44.6102364 ], [ 50.2938351, 44.6147426 ], [ 50.2945292, 44.6160687 ], [ 50.298564199999987, 44.627979 ], [ 50.3032222, 44.6417284 ], [ 50.3087326, 44.6445933 ], [ 50.3409516, 44.6407642 ], [ 50.3467786, 44.6400717 ], [ 50.3497945, 44.6402231 ], [ 50.3568205, 44.6405759 ], [ 50.3661915, 44.6434176 ], [ 50.3667015, 44.6429244 ], [ 50.3730736, 44.6367615 ], [ 50.3773955, 44.6353307 ], [ 50.3882894, 44.6347526 ], [ 50.3968932, 44.634296 ], [ 50.4081793, 44.637007 ], [ 50.4155459, 44.6330837 ], [ 50.4175239, 44.6320303 ], [ 50.4291996, 44.629388 ], [ 50.4396707, 44.6270123 ], [ 50.4531699, 44.6239496 ], [ 50.4734763, 44.6242279 ], [ 50.4896393, 44.6269349 ], [ 50.49025, 44.6270372 ], [ 50.4922247, 44.6267721 ], [ 50.5003737, 44.6256784 ], [ 50.5032419, 44.6261358 ], [ 50.5095709, 44.6271452 ], [ 50.5261702, 44.6256748 ], [ 50.5404333, 44.6244113 ], [ 50.5429819, 44.6233221 ], [ 50.5474434, 44.6214154 ], [ 50.5561461, 44.62153 ], [ 50.5717967, 44.6255507 ], [ 50.5846708, 44.6329733 ], [ 50.5863349, 44.6332195 ], [ 50.5889403, 44.6336052 ], [ 50.59505, 44.6311299 ], [ 50.5960158, 44.6304816 ], [ 50.6016756, 44.6266919 ], [ 50.6213842, 44.6134951 ], [ 50.6224654, 44.6132516 ], [ 50.625758499999989, 44.6125096 ], [ 50.6479277, 44.609911 ], [ 50.6625177, 44.6082008 ], [ 50.6773825, 44.608335 ], [ 50.6805585, 44.6083645 ], [ 50.692781, 44.6107612 ], [ 50.7075337, 44.6102724 ], [ 50.7126422, 44.6101031 ], [ 50.7291014, 44.6065645 ], [ 50.729851, 44.6064033 ], [ 50.733515, 44.6070837 ], [ 50.7479935, 44.6097724 ], [ 50.7523678, 44.6099742 ], [ 50.7602717, 44.6103388 ], [ 50.7680708, 44.6107023 ], [ 50.7763479, 44.6124376 ], [ 50.7812732, 44.6157923 ], [ 50.7855577, 44.6187106 ], [ 50.7947423, 44.6344172 ], [ 50.7983096, 44.6359732 ], [ 50.7988481, 44.6362081 ], [ 50.8079339, 44.6367386 ], [ 50.8290622, 44.6263136 ], [ 50.8507831, 44.6250432 ], [ 50.8696031, 44.6166122 ], [ 50.8994931, 44.611547 ], [ 50.8998917, 44.6110779 ], [ 50.9011564, 44.6095891 ], [ 50.9003619, 44.608312 ], [ 50.899922, 44.6076049 ], [ 50.9012415, 44.6059416 ], [ 50.9029066, 44.6038413 ], [ 50.9070663, 44.5985944 ], [ 50.9102031, 44.5957888 ], [ 50.9277166, 44.5801247 ], [ 50.9327288, 44.5795393 ], [ 50.9375293, 44.5789787 ], [ 50.9371789, 44.5744591 ], [ 50.9371036, 44.5734879 ], [ 50.9423781, 44.569693 ], [ 50.9438386, 44.5686421 ], [ 50.9454249, 44.5662531 ], [ 50.947843, 44.5626111 ], [ 50.9660651, 44.5564886 ], [ 50.971210799999987, 44.5547596 ], [ 50.9728691, 44.5547859 ], [ 50.9792685, 44.5548873 ], [ 50.985463, 44.5572171 ], [ 50.9921524, 44.5597331 ], [ 50.9980781, 44.5583941 ], [ 50.9984029, 44.5560726 ], [ 50.9857645, 44.541309299999988 ], [ 50.9882365, 44.5335396 ], [ 50.993203, 44.5265806 ], [ 50.997401, 44.5206983 ], [ 50.9989162, 44.519538 ], [ 51.0000007, 44.5187076 ], [ 51.0008356, 44.5187043 ], [ 51.031539, 44.5050682 ], [ 51.039628099999987, 44.5014756 ], [ 51.0486797, 44.4966477 ], [ 51.0868647, 44.4762808 ], [ 51.0953743, 44.4751479 ], [ 51.099045, 44.4757502 ], [ 51.1053114, 44.4767784 ], [ 51.111903, 44.4778639 ], [ 51.1154712, 44.4784516 ], [ 51.1333842, 44.4783108 ], [ 51.1462469, 44.4763159 ], [ 51.1639749, 44.4735665 ], [ 51.1724054, 44.4732391 ], [ 51.180503, 44.4729247 ], [ 51.1935604, 44.4747517 ], [ 51.2209987, 44.4907282 ], [ 51.2248812, 44.4929889 ], [ 51.2320676, 44.4988135 ], [ 51.2367335, 44.5025952 ], [ 51.2385112, 44.5047309 ], [ 51.2476041, 44.5156561 ], [ 51.2496399, 44.5165842 ], [ 51.2533568, 44.5182787 ], [ 51.2662343, 44.5217396 ], [ 51.2671954, 44.5223629 ], [ 51.2707984, 44.5246994 ], [ 51.2746357, 44.5313361 ], [ 51.2752741, 44.5355581 ], [ 51.2757718, 44.5388504 ], [ 51.2789451, 44.5413127 ], [ 51.296445, 44.547324 ], [ 51.3147276, 44.548417699999987 ], [ 51.327147, 44.5491608 ], [ 51.3422574, 44.5533714 ], [ 51.3426829, 44.5534458 ], [ 51.3458524, 44.554 ], [ 51.357395, 44.5560201 ], [ 51.3654778, 44.5574346 ], [ 51.371882, 44.5577012 ], [ 51.3772745, 44.5579257 ], [ 51.3807159, 44.5556502 ], [ 51.3821271, 44.5509812 ], [ 51.3740164, 44.5387158 ], [ 51.3731246, 44.5381981 ], [ 51.3680612, 44.5352586 ], [ 51.3670364, 44.5316799 ], [ 51.3694723, 44.5281078 ], [ 51.3750995, 44.5296136 ], [ 51.3803983, 44.5310316 ], [ 51.3816459, 44.5299425 ], [ 51.3868157, 44.5254295 ], [ 51.3949695, 44.5183062 ], [ 51.4025678, 44.5116681 ], [ 51.4056908, 44.5101841 ], [ 51.4083762, 44.508908 ], [ 51.4199406, 44.5087639 ], [ 51.4276026, 44.5114044 ], [ 51.4307716, 44.5124965 ], [ 51.441488, 44.5197455 ], [ 51.439908, 44.5256024 ], [ 51.4389636, 44.5291031 ], [ 51.441094, 44.5306232 ], [ 51.4424375, 44.5315817 ], [ 51.4436637, 44.5314657 ], [ 51.453239, 44.5305601 ], [ 51.4619876, 44.5279775 ], [ 51.4666926, 44.5265886 ], [ 51.4736365, 44.5230499 ], [ 51.4881581, 44.5156495 ], [ 51.4960686, 44.5146607 ], [ 51.5032287, 44.5157549 ], [ 51.5156514, 44.5176533 ], [ 51.5214891, 44.5199543 ], [ 51.5223799, 44.5203054 ], [ 51.525061, 44.5213606 ], [ 51.5291934, 44.522987 ], [ 51.5294767, 44.5232037 ], [ 51.5350379, 44.5274595 ], [ 51.5354075, 44.5285333 ], [ 51.5363443, 44.5312543 ], [ 51.5356323, 44.5346172 ], [ 51.5350902, 44.5371773 ], [ 51.5267018, 44.5474385 ], [ 51.4883912, 44.569195199999989 ], [ 51.4289904, 44.5880515 ], [ 51.4134872, 44.5896198 ], [ 51.3864653, 44.5882348 ], [ 51.3821084, 44.5885324 ], [ 51.3751039, 44.5890108 ], [ 51.3695247, 44.587229699999988 ], [ 51.3622004, 44.5880417 ], [ 51.3313118, 44.5851702 ], [ 51.3303038, 44.5854284 ], [ 51.3247536, 44.5868499 ], [ 51.3145355, 44.5871632 ], [ 51.3041492, 44.5874818 ], [ 51.2981829, 44.5863783 ], [ 51.2843404, 44.583818 ], [ 51.2807152, 44.5821902 ], [ 51.2758308, 44.579997 ], [ 51.2685299, 44.5786056 ], [ 51.2679105, 44.5784876 ], [ 51.2672698, 44.5787399 ], [ 51.2651828, 44.5795623 ], [ 51.2626587, 44.5862376 ], [ 51.2663127, 44.5920362 ], [ 51.268769, 44.5938672 ], [ 51.2695542, 44.5944525 ], [ 51.2709878, 44.5955191 ], [ 51.272956, 44.5969835 ], [ 51.2799661, 44.598849699999988 ], [ 51.2819827, 44.6020277 ], [ 51.2833778, 44.6042259 ], [ 51.2787972, 44.6136623 ], [ 51.2790333, 44.614706 ], [ 51.2797467, 44.6178595 ], [ 51.2790755, 44.6186487 ], [ 51.2741216, 44.616491 ], [ 51.2711956, 44.6140105 ], [ 51.2693903, 44.6124802 ], [ 51.2692394, 44.6124906 ], [ 51.2629731, 44.6129222 ], [ 51.2540543, 44.6051526 ], [ 51.2492871, 44.6087906 ], [ 51.2510582, 44.6179846 ], [ 51.2541229, 44.6338933 ], [ 51.2536183, 44.6357181 ], [ 51.251592, 44.6430446 ], [ 51.2384691, 44.6633413 ], [ 51.2352882, 44.6672076 ], [ 51.2314492, 44.6718738 ], [ 51.2260607, 44.6784247 ], [ 51.2232376, 44.6818568 ], [ 51.2226874, 44.6844967 ], [ 51.2225566, 44.6851241 ], [ 51.2178209, 44.6898563 ], [ 51.2057797, 44.7018882 ], [ 51.1975595, 44.7137062 ], [ 51.19598, 44.715977 ], [ 51.1747175, 44.7361918 ], [ 51.1676682, 44.7417612 ], [ 51.1577998, 44.7442594 ], [ 51.149951599999987, 44.7444002 ], [ 51.1344811, 44.7500776 ], [ 51.1260599, 44.7549332 ], [ 51.1248912, 44.7560202 ], [ 51.118621, 44.7618516 ], [ 51.116257, 44.7640485 ], [ 51.0807944, 44.7860707 ], [ 51.063011, 44.7939051 ], [ 51.0519652, 44.7987712 ], [ 51.0455243, 44.800491 ], [ 51.0318552, 44.8041409 ], [ 51.0310219, 44.8080313 ], [ 51.0304991, 44.8104702 ], [ 51.024619199999989, 44.8134101 ], [ 51.020793, 44.8145967 ], [ 51.0173767, 44.8156562 ], [ 51.0000007, 44.8288086 ], [ 50.9815474, 44.8341226 ], [ 50.9780028, 44.8280168 ], [ 50.9773106, 44.8268244 ], [ 50.9791834, 44.8216283 ], [ 50.9772287, 44.82027 ], [ 50.9734634, 44.8176534 ], [ 50.9563984, 44.813325 ], [ 50.955165, 44.8134103 ], [ 50.9538904, 44.8134985 ], [ 50.9256252, 44.8154621 ], [ 50.9157625, 44.8161473 ], [ 50.8747439, 44.81139 ], [ 50.8702331, 44.8124925 ], [ 50.8616174, 44.8145986 ], [ 50.8579294, 44.8164839 ], [ 50.8392646, 44.8260255 ], [ 50.8350474, 44.8306879 ], [ 50.8366642, 44.8358211 ], [ 50.83675, 44.8360936 ], [ 50.8485266, 44.8332071 ], [ 50.8745794, 44.8268213 ], [ 50.8656938, 44.8327245 ], [ 50.8641025, 44.8376652 ], [ 50.8656708, 44.8444592 ], [ 50.8676824, 44.8499537 ], [ 50.8697799, 44.855683 ], [ 50.8813312, 44.8645528 ], [ 50.8841208, 44.8707999 ], [ 50.8832728, 44.8740807 ], [ 50.8800314, 44.8763759 ], [ 50.8713692, 44.876982 ], [ 50.8672424, 44.8797876 ], [ 50.8665581, 44.8961716 ], [ 50.8678203, 44.8972848 ], [ 50.9125276, 44.936719 ], [ 50.915183, 44.9393351 ], [ 50.9361083, 44.9599395 ], [ 50.9411948, 44.9671183 ], [ 50.9477611, 44.9763857 ], [ 50.9609266, 44.9826034 ], [ 51.0000007, 44.991892199999988 ], [ 51.0033615, 44.9963441 ], [ 51.0035106, 44.9965416 ], [ 51.0188076, 44.9976974 ], [ 51.0302135, 44.9927584 ], [ 51.0351097, 44.9906382 ], [ 51.0383314, 44.9901122 ], [ 51.0452171, 44.988988 ], [ 51.0480133, 44.9897706 ], [ 51.0556323, 44.9919021 ], [ 51.066591, 44.9975369 ], [ 51.0669243, 44.9977588 ], [ 51.0702908, 44.9999991 ], [ 51.0938069, 45.015666499999988 ], [ 51.0983767, 45.0187111 ], [ 51.1286498, 45.0428811 ], [ 51.1305425, 45.0465123 ], [ 51.137467199999989, 45.0518916 ], [ 51.1381656, 45.0522153 ], [ 51.1559597, 45.0604601 ], [ 51.1720621, 45.0647395 ], [ 51.1835414, 45.0639733 ], [ 51.1862471, 45.0637948 ], [ 51.1899916, 45.0635477 ], [ 51.2021355, 45.0595237 ], [ 51.2125507, 45.0529132 ], [ 51.224616, 45.0494982 ], [ 51.2435506, 45.0496062 ], [ 51.2459893, 45.0541772 ], [ 51.2487893, 45.0594255 ], [ 51.2488581, 45.0734848 ], [ 51.2506818, 45.0777282 ], [ 51.2473519, 45.0909657 ], [ 51.2467486, 45.1031863 ], [ 51.245538, 45.1277053 ], [ 51.2452116, 45.1342509 ], [ 51.2448832, 45.1408347 ], [ 51.2386655, 45.1561743 ], [ 51.2465528, 45.1837159 ], [ 51.2489628, 45.1921313 ], [ 51.2501782, 45.1942034 ], [ 51.2559991, 45.2041279 ], [ 51.2643613, 45.2075167 ], [ 51.270519799999988, 45.212228 ], [ 51.272252099999989, 45.2197687 ], [ 51.2806209, 45.2353505 ], [ 51.2811339, 45.2392976 ], [ 51.281852, 45.2448227 ], [ 51.2819782, 45.2457917 ], [ 51.2823005, 45.2482672 ], [ 51.3137065, 45.284221 ], [ 51.3146173, 45.2865089 ], [ 51.3150555, 45.2876097 ], [ 51.3283961, 45.2948904 ], [ 51.3392451, 45.3008112 ], [ 51.3432929, 45.3079597 ], [ 51.3465072, 45.3136362 ], [ 51.3525154, 45.3197753 ], [ 51.3731853, 45.323259 ], [ 51.3854437, 45.3354653 ], [ 51.3885543, 45.3385625 ], [ 51.3895036, 45.3395077 ], [ 51.4077901, 45.3577132 ], [ 51.418441, 45.3643271 ], [ 51.4236535, 45.3648346 ], [ 51.4277495, 45.362385499999988 ], [ 51.4288666, 45.3604344 ], [ 51.4329031, 45.3533848 ], [ 51.4442153, 45.3443284 ], [ 51.453229199999988, 45.3423639 ], [ 51.4561072, 45.3402586 ], [ 51.4693847, 45.3411111 ], [ 51.4872119, 45.3422558 ], [ 51.494234, 45.3412336 ], [ 51.4994246, 45.3404779 ], [ 51.5027091, 45.3415055 ], [ 51.5050758, 45.342246 ], [ 51.5201512, 45.3427632 ], [ 51.5310335, 45.3431366 ], [ 51.541249, 45.3434836 ], [ 51.5415492, 45.3436776 ], [ 51.543701299999988, 45.3450683 ], [ 51.5748192, 45.3495212 ], [ 51.5814476, 45.3535649 ], [ 51.5830308, 45.3545307 ], [ 51.5833873, 45.355315 ], [ 51.5863082, 45.3617403 ], [ 51.5953528, 45.3634589 ], [ 51.6218593, 45.3684951 ], [ 51.6237562, 45.3695105 ], [ 51.6395366, 45.3779575 ], [ 51.654349, 45.3816802 ], [ 51.6748205, 45.3909183 ], [ 51.6853882, 45.3956872 ], [ 51.6889622, 45.397299 ], [ 51.6914357, 45.3984146 ], [ 51.7007965, 45.414219 ], [ 51.71505, 45.4223947 ], [ 51.7159462, 45.4229087 ], [ 51.71706, 45.4242045 ], [ 51.735146, 45.445245199999988 ], [ 51.7482132, 45.4463813 ], [ 51.7536527, 45.4447492 ], [ 51.7551964, 45.444286 ], [ 51.7575671, 45.4410816 ], [ 51.762099, 45.4349544 ], [ 51.777855, 45.4286952 ], [ 51.7826543, 45.426788599999988 ], [ 51.7876769, 45.4264416 ], [ 51.7906041, 45.4317719 ], [ 51.7947648, 45.4331803 ], [ 51.7956921, 45.4334941 ], [ 51.8031605, 45.4322467 ], [ 51.8066213, 45.4299155 ], [ 51.8167844, 45.4230724 ], [ 51.8239256, 45.419906 ], [ 51.827572499999988, 45.418289 ], [ 51.8608123, 45.4145203 ], [ 51.8612591, 45.4145108 ], [ 51.8828508, 45.4140521 ], [ 51.8950439, 45.4097563 ], [ 51.9117991, 45.3996196 ], [ 51.9201339, 45.3945772 ], [ 51.9391798, 45.3918793 ], [ 51.9543587, 45.392202 ], [ 51.9649018, 45.3924261 ], [ 51.9690829, 45.3929532 ], [ 51.9782859, 45.3941055 ], [ 51.9906303, 45.3956512 ], [ 52.0083862, 45.3994819 ], [ 52.044674, 45.4108957 ], [ 52.0830015, 45.4114556 ], [ 52.1124922, 45.4029134 ], [ 52.1210835, 45.4004249 ], [ 52.1340558, 45.3996555 ], [ 52.1396335, 45.3996183 ], [ 52.1399559, 45.3996162 ], [ 52.1446085, 45.3995769 ], [ 52.1597054, 45.4025748 ], [ 52.1713029, 45.4048778 ], [ 52.1894571, 45.4060105 ], [ 52.2085598, 45.4072025 ], [ 52.2516162, 45.4084378 ], [ 52.2550077, 45.408535 ], [ 52.2751436, 45.4064592 ], [ 52.3049124, 45.4104374 ], [ 52.3155142, 45.4139506 ], [ 52.3496967, 45.4252727 ], [ 52.3571212, 45.4259375 ], [ 52.3601544, 45.4262091 ], [ 52.3681416, 45.425559 ], [ 52.3790628, 45.4246702 ], [ 52.4056626, 45.4308812 ], [ 52.4205827, 45.4343651 ], [ 52.4287484, 45.434954 ], [ 52.438332, 45.4356453 ], [ 52.4433247, 45.4343604 ], [ 52.4524667, 45.4320077 ], [ 52.4620201, 45.4279466 ], [ 52.4668469, 45.4258948 ], [ 52.4828936, 45.4235865 ], [ 52.4838642, 45.4235346 ], [ 52.4844259, 45.4235046 ], [ 52.5126494, 45.4219363 ], [ 52.5497585, 45.4229161 ], [ 52.550345, 45.4229316 ], [ 52.5526421, 45.4226941 ], [ 52.5707661, 45.4208198 ], [ 52.5835894, 45.4114771 ], [ 52.5843242, 45.4109418 ], [ 52.587959, 45.4049672 ], [ 52.6010424, 45.383461399999987 ], [ 52.62258, 45.3687308 ], [ 52.6234093, 45.3681622 ], [ 52.6236114, 45.3680236 ], [ 52.6346304, 45.3642725 ], [ 52.6411643, 45.3620482 ], [ 52.6699901, 45.3574251 ], [ 52.6871763, 45.3582371 ], [ 52.7016253, 45.3601528 ], [ 52.70123, 45.3663296 ], [ 52.7010196, 45.3696177 ], [ 52.764817, 45.3478285 ], [ 52.7760736, 45.3454907 ], [ 52.7775085, 45.3451914 ], [ 52.7794329, 45.34479 ], [ 52.7914164, 45.3449275 ], [ 52.8009312, 45.3464042 ], [ 52.8031957, 45.3501987 ], [ 52.8042217, 45.3519179 ], [ 52.801468199999988, 45.3563348 ], [ 52.795708, 45.358833 ], [ 52.775242, 45.3677093 ], [ 52.7560859, 45.371628 ], [ 52.7349564, 45.3759504 ], [ 52.7326814, 45.3783236 ], [ 52.7357324, 45.3801152 ], [ 52.7421793, 45.3800038 ], [ 52.7444099, 45.3809256 ], [ 52.7466878, 45.3818669 ], [ 52.7492515, 45.3884561 ], [ 52.7506954, 45.3921674 ], [ 52.7429153, 45.4008022 ], [ 52.7389215, 45.4052347 ], [ 52.7383649, 45.4111249 ], [ 52.7381439, 45.413469 ], [ 52.7371763, 45.4237338 ], [ 52.7358791, 45.4257791 ], [ 52.7347633, 45.4275384 ], [ 52.7216371, 45.4362183 ], [ 52.7203106, 45.4378606 ], [ 52.7166603, 45.4423803 ], [ 52.7112088, 45.4565706 ], [ 52.7112442, 45.4605449 ], [ 52.7112844, 45.4650379 ], [ 52.7146696, 45.4695298 ], [ 52.7104426, 45.4831569 ], [ 52.7153441, 45.4901997 ], [ 52.719800299999989, 45.4926782 ], [ 52.7233069, 45.4922558 ], [ 52.7272196, 45.4917844 ], [ 52.7413869, 45.4846041 ], [ 52.7457407, 45.4834954 ], [ 52.7649414, 45.4786058 ], [ 52.7729304, 45.4765693 ], [ 52.8079379, 45.459609 ], [ 52.813976, 45.4556319 ], [ 52.8219907, 45.4503529 ], [ 52.8275284, 45.4488752 ], [ 52.8319049, 45.4477074 ], [ 52.850620199999987, 45.4481494 ], [ 52.8657316, 45.446655 ], [ 52.867770699999987, 45.4464532 ], [ 52.874105899999989, 45.4444725 ], [ 52.900375, 45.4224517 ], [ 52.9094343, 45.4148575 ], [ 52.9118038, 45.4128696 ], [ 52.9156749, 45.4096221 ], [ 52.9230156, 45.4062333 ], [ 52.9275078, 45.4057887 ], [ 52.9315841, 45.4053853 ], [ 52.9455739, 45.395380599999989 ], [ 52.9581934, 45.3863558 ], [ 52.9614671, 45.3859307 ], [ 52.9641196, 45.3855863 ], [ 52.970632, 45.3912441 ], [ 52.9651559, 45.3959517 ], [ 52.9617426, 45.398886 ], [ 52.9587246, 45.3994205 ], [ 52.9551975, 45.4000451 ], [ 52.9408796, 45.4087727 ], [ 52.9369079, 45.4111937 ], [ 52.9349938, 45.4131643 ], [ 52.929803, 45.4185082 ], [ 52.924617, 45.4207542 ], [ 52.9072177, 45.4409756 ], [ 52.8986188, 45.4509627 ], [ 52.8980594, 45.4516123 ], [ 52.8928178, 45.4577002 ], [ 52.8920651, 45.4583936 ], [ 52.8755231, 45.4736325 ], [ 52.8666375, 45.4777676 ], [ 52.8642698, 45.4778979 ], [ 52.8604492, 45.4781081 ], [ 52.844489, 45.4762596 ], [ 52.836957, 45.4753873 ], [ 52.8225932, 45.4753447 ], [ 52.8207226, 45.476266 ], [ 52.8195221, 45.4768573 ], [ 52.8146893, 45.4846794 ], [ 52.8146729, 45.4879831 ], [ 52.8097387, 45.4937423 ], [ 52.8026338, 45.4975469 ], [ 52.7786995, 45.5057291 ], [ 52.7769085, 45.5060565 ], [ 52.7572012, 45.5096843 ], [ 52.7470148, 45.5140148 ], [ 52.7440619, 45.5152701 ], [ 52.7399337, 45.5185865 ], [ 52.741915, 45.5201791 ], [ 52.7442977, 45.5220935 ], [ 52.7443402, 45.5278691 ], [ 52.7461902, 45.5300203 ], [ 52.7565169, 45.5356584 ], [ 52.7604912, 45.5358435 ], [ 52.7641097, 45.536012 ], [ 52.7693183, 45.5399634 ], [ 52.7623614, 45.548179 ], [ 52.7597357, 45.5512798 ], [ 52.7629933, 45.5541182 ], [ 52.7674458, 45.5551892 ], [ 52.7736114, 45.5566721 ], [ 52.7771836, 45.5593111 ], [ 52.7930899, 45.5649984 ], [ 52.7950807, 45.565285 ], [ 52.8098992, 45.567418 ], [ 52.8113277, 45.5681472 ], [ 52.815223, 45.5701355 ], [ 52.8234903, 45.5709148 ], [ 52.8452079, 45.5729546 ], [ 52.8655733, 45.5718152 ], [ 52.8806739, 45.5673361 ], [ 52.8837923, 45.5698342 ], [ 52.8861385, 45.5717137 ], [ 52.8853494, 45.5761873 ], [ 52.8849107, 45.5786746 ], [ 52.8808147, 45.584889 ], [ 52.8720562, 45.5906843 ], [ 52.8649212, 45.5996142 ], [ 52.8647417, 45.5998389 ], [ 52.8673807, 45.6094486 ], [ 52.8660766, 45.612511 ], [ 52.8645218, 45.6161608 ], [ 52.854893, 45.6173427 ], [ 52.8497734, 45.6143651 ], [ 52.846809, 45.612641 ], [ 52.8404824, 45.603564899999988 ], [ 52.8374743, 45.5992496 ], [ 52.8354625, 45.5963656 ], [ 52.83255, 45.5921904 ], [ 52.8256611, 45.5873348 ], [ 52.7915522, 45.5760935 ], [ 52.7783623, 45.5717464 ], [ 52.7740087, 45.5688244 ], [ 52.7648301, 45.5626639 ], [ 52.7560782, 45.5589608 ], [ 52.7529529, 45.5591106 ], [ 52.7495885, 45.5592723 ], [ 52.7491488, 45.5601337 ], [ 52.7481448, 45.5621007 ], [ 52.7550075, 45.57026 ], [ 52.7538026, 45.5737109 ], [ 52.7424216, 45.5791657 ], [ 52.742149, 45.5806389 ], [ 52.7418158, 45.5824399 ], [ 52.7470557, 45.5904307 ], [ 52.7482332, 45.5922267 ], [ 52.7478421, 45.594053 ], [ 52.7471822, 45.5971344 ], [ 52.742966, 45.5978655 ], [ 52.740611, 45.5982738 ], [ 52.734642099999988, 45.5961391 ], [ 52.730388, 45.5964057 ], [ 52.7251863, 45.5967317 ], [ 52.71635, 45.600036 ], [ 52.7168008, 45.6004283 ], [ 52.7196075, 45.6028707 ], [ 52.7211271, 45.6026607 ], [ 52.728539, 45.6016364 ], [ 52.7389935, 45.603231 ], [ 52.7418348, 45.6046552 ], [ 52.7428929, 45.6051859 ], [ 52.7419015, 45.6064876 ], [ 52.7412196, 45.6073827 ], [ 52.731679, 45.6087938 ], [ 52.7283864, 45.610254 ], [ 52.7249309, 45.6117864 ], [ 52.7248436, 45.6136056 ], [ 52.7247377, 45.6158104 ], [ 52.724645, 45.6177748 ], [ 52.7246362, 45.6179615 ], [ 52.7403457, 45.6290053 ], [ 52.749749199999989, 45.6321289 ], [ 52.7571488, 45.6378358 ], [ 52.7653292, 45.6380772 ], [ 52.769463, 45.638199199999988 ], [ 52.778323, 45.640877499999988 ], [ 52.7790568, 45.6426457 ], [ 52.7792823, 45.6431891 ], [ 52.7749178, 45.6520654 ], [ 52.7761408, 45.6553504 ], [ 52.7763257, 45.655847 ], [ 52.7829027, 45.6558321 ], [ 52.7892686, 45.6558176 ], [ 52.797549, 45.6584697 ], [ 52.7989106, 45.6579792 ], [ 52.8005939, 45.6573728 ], [ 52.8116836, 45.6582961 ], [ 52.8198104, 45.6473333 ], [ 52.8227833, 45.6433233 ], [ 52.8289057, 45.6419773 ], [ 52.8320916, 45.6412769 ], [ 52.8331586, 45.6402629 ], [ 52.8349958, 45.6385168 ], [ 52.8396182, 45.6370396 ], [ 52.8434792, 45.6358058 ], [ 52.8454907, 45.6347522 ], [ 52.8463735, 45.6342898 ], [ 52.8501284, 45.6323177 ], [ 52.8583112, 45.6280198 ], [ 52.8630915, 45.6272078 ], [ 52.8666865, 45.6296375 ], [ 52.8657371, 45.6335171 ], [ 52.8605409, 45.638854 ], [ 52.842557, 45.6524181 ], [ 52.8380931, 45.6557848 ], [ 52.8352671, 45.6590109 ], [ 52.8255792, 45.6700701 ], [ 52.8102528, 45.68299 ], [ 52.7866853, 45.6940136 ], [ 52.7813221, 45.6965222 ], [ 52.780380199999989, 45.6971467 ], [ 52.7734706, 45.7017281 ], [ 52.7708546, 45.701404 ], [ 52.7655799, 45.7042525 ], [ 52.7638478, 45.7067933 ], [ 52.7629691, 45.708081 ], [ 52.7614839, 45.7102574 ], [ 52.7641419, 45.713269 ], [ 52.7670147, 45.7141386 ], [ 52.7681468, 45.7144811 ], [ 52.7737686, 45.7146755 ], [ 52.7860435, 45.7150999 ], [ 52.7890915, 45.7184248 ], [ 52.7905848, 45.7200537 ], [ 52.7987375, 45.7210458 ], [ 52.805970099999989, 45.7286777 ], [ 52.8065071, 45.7292444 ], [ 52.808311, 45.7351046 ], [ 52.8039172, 45.7379995 ], [ 52.7947987, 45.738217 ], [ 52.7862039, 45.7384219 ], [ 52.7843021, 45.7402718 ], [ 52.7829627, 45.7415747 ], [ 52.7832188, 45.7430615 ], [ 52.7835355, 45.7448982 ], [ 52.7852824, 45.7462976 ], [ 52.7865477, 45.7473113 ], [ 52.7923244, 45.7490784 ], [ 52.7968548, 45.7504643 ], [ 52.8140833, 45.7520752 ], [ 52.8167239, 45.7476738 ], [ 52.8175738, 45.746257 ], [ 52.8253212, 45.7486012 ], [ 52.8296065, 45.7498979 ], [ 52.8306542, 45.7449964 ], [ 52.8337221, 45.7436868 ], [ 52.8341114, 45.7436926 ], [ 52.8404833, 45.7437883 ], [ 52.8410857, 45.7439945 ], [ 52.857604, 45.7497244 ], [ 52.8602624, 45.7516199 ], [ 52.8628525, 45.7534668 ], [ 52.8636776, 45.7545634 ], [ 52.8678357, 45.7600903 ], [ 52.8656126, 45.7618454 ], [ 52.8600563, 45.761387 ], [ 52.8559545, 45.7594604 ], [ 52.8513077, 45.7572779 ], [ 52.8463149, 45.7568304 ], [ 52.8419567, 45.7564397 ], [ 52.8410383, 45.7567111 ], [ 52.8383223, 45.7575136 ], [ 52.8317241, 45.7617071 ], [ 52.8289254, 45.7634857 ], [ 52.817312, 45.766911 ], [ 52.815593, 45.767418 ], [ 52.7982791, 45.7792084 ], [ 52.796482, 45.7826337 ], [ 52.7990682, 45.7864672 ], [ 52.8060717, 45.7872006 ], [ 52.8118829, 45.78621 ], [ 52.8366296, 45.7819914 ], [ 52.840613, 45.7826948 ], [ 52.8454928, 45.7835565 ], [ 52.8488918, 45.7841612 ], [ 52.8522834, 45.7847647 ], [ 52.8546932, 45.7873513 ], [ 52.8535636, 45.7899804 ], [ 52.8459381, 45.7927275 ], [ 52.8163788, 45.7967482 ], [ 52.8102299, 45.8057522 ], [ 52.815527499999988, 45.8152767 ], [ 52.8125776, 45.8253567 ], [ 52.812489, 45.8256592 ], [ 52.8129896, 45.8271847 ], [ 52.8138642, 45.8298501 ], [ 52.8180194, 45.8327216 ], [ 52.8323568, 45.833992 ], [ 52.8348091, 45.836166 ], [ 52.8316193, 45.8424592 ], [ 52.8301041, 45.8454483 ], [ 52.8314891, 45.8527268 ], [ 52.8383587, 45.8565639 ], [ 52.8415245, 45.8583322 ], [ 52.852582, 45.8587264 ], [ 52.8554856, 45.8588299 ], [ 52.8676989, 45.859261 ], [ 52.9048308, 45.8605718 ], [ 52.9148342, 45.8617424 ], [ 52.9162182, 45.8619043 ], [ 52.9189851, 45.8638885 ], [ 52.9063107, 45.8701258 ], [ 52.8918748, 45.872990699999988 ], [ 52.890056, 45.873979 ], [ 52.8781953, 45.8804231 ], [ 52.8709103, 45.8889655 ], [ 52.8714931, 45.8953829 ], [ 52.8771541, 45.9012076 ], [ 52.8847699, 45.9050613 ], [ 52.8910932, 45.9059385 ], [ 52.8978928, 45.9068818 ], [ 52.9020706, 45.9093487 ], [ 52.9054561, 45.9113478 ], [ 52.9065432, 45.9111873 ], [ 52.9195286, 45.9092949 ], [ 52.9232299, 45.9101551 ], [ 52.9250226, 45.9105718 ], [ 52.9257364, 45.912461 ], [ 52.9139987, 45.9203145 ], [ 52.908105, 45.9242579 ], [ 52.9075661, 45.9248815 ], [ 52.9034687, 45.9296242 ], [ 52.9018938, 45.9338807 ], [ 52.8997563, 45.9357819 ], [ 52.8941635, 45.9407565 ], [ 52.889632, 45.9545768 ], [ 52.865295, 45.9683382 ], [ 52.8638883, 45.9703949 ], [ 52.8605049, 45.9753416 ], [ 52.859395, 45.9808652 ], [ 52.8627019, 45.9834812 ], [ 52.862653, 45.983658299999988 ], [ 52.8622507, 45.9851186 ], [ 52.8682451, 45.9874496 ], [ 52.8894356, 45.9872727 ], [ 52.8986236, 45.9871998 ], [ 52.8993269, 45.9871942 ], [ 52.9036226, 45.9855276 ], [ 52.9122662, 45.9879766 ], [ 52.9150384, 45.9949502 ], [ 52.9161071, 45.9976388 ], [ 52.9251929, 46.0017544 ], [ 52.9262818, 46.0056765 ], [ 52.9265255, 46.0065544 ], [ 52.9079543, 46.0154242 ], [ 52.9034488, 46.0199122 ], [ 52.8978469, 46.025492299999989 ], [ 52.8768889, 46.0344537 ], [ 52.8767734, 46.0345678 ], [ 52.8706942, 46.0405731 ], [ 52.8629977, 46.0425688 ], [ 52.8503648, 46.0458446 ], [ 52.8379654, 46.0580704 ], [ 52.8326809, 46.058974 ], [ 52.8237849, 46.0640328 ], [ 52.8225192, 46.0664346 ], [ 52.8201735, 46.0708855 ], [ 52.8222305, 46.0773689 ], [ 52.8314349, 46.0835109 ], [ 52.841468799999987, 46.0902064 ], [ 52.8502633, 46.0912214 ], [ 52.8543102, 46.0891358 ], [ 52.863397199999987, 46.0886416 ], [ 52.8709856, 46.0882288 ], [ 52.8767558, 46.089943899999987 ], [ 52.8770952, 46.0926326 ], [ 52.8684677, 46.0961655 ], [ 52.859519399999989, 46.0967908 ], [ 52.8412364, 46.1021539 ], [ 52.8405611, 46.102959 ], [ 52.8389019, 46.1049375 ], [ 52.8391927, 46.1077458 ], [ 52.8395236, 46.110945799999989 ], [ 52.837268, 46.1160037 ], [ 52.8295737, 46.1158629 ], [ 52.8271801, 46.1171757 ], [ 52.8233233, 46.119291 ], [ 52.8239446, 46.120941 ], [ 52.8249309, 46.1235605 ], [ 52.8256938, 46.1255872 ], [ 52.8311774, 46.1279061 ], [ 52.832252, 46.1283605 ], [ 52.8328663, 46.129234 ], [ 52.8343475, 46.13134 ], [ 52.8341379, 46.1366965 ], [ 52.830959099999987, 46.1421213 ], [ 52.8314584, 46.1435525 ], [ 52.8321276, 46.1454681 ], [ 52.8462168, 46.1554146 ], [ 52.8474278, 46.1562696 ], [ 52.8603739, 46.1605653 ], [ 52.871531, 46.1614457 ], [ 52.8724487, 46.1615181 ], [ 52.8734297, 46.1614119 ], [ 52.8832375, 46.1603492 ], [ 52.895961, 46.1543182 ], [ 52.9019102, 46.1541741 ], [ 52.9043593, 46.1565512 ], [ 52.9023076, 46.157943 ], [ 52.8986589, 46.160418 ], [ 52.8983038, 46.1616656 ], [ 52.8964547, 46.1681585 ], [ 52.8914983, 46.1704173 ], [ 52.8883781, 46.175224 ], [ 52.8902843, 46.1770741 ], [ 52.890827099999989, 46.1776009 ], [ 52.8977029, 46.1770868 ], [ 52.9039336, 46.180253 ], [ 52.9037241, 46.1825056 ], [ 52.9008856, 46.1831826 ], [ 52.899304, 46.1835599 ], [ 52.8850019, 46.1869426 ], [ 52.8824845, 46.187538 ], [ 52.8774259, 46.190822 ], [ 52.8775134, 46.1911282 ], [ 52.879216899999989, 46.1970888 ], [ 52.885136, 46.2001873 ], [ 52.8891245, 46.2022751 ], [ 52.8935798, 46.2023823 ], [ 52.8991959, 46.2025174 ], [ 52.903327, 46.2039356 ], [ 52.906101199999988, 46.2048879 ], [ 52.9141982, 46.2104049 ], [ 52.9170565, 46.2174399 ], [ 52.9185496, 46.2211148 ], [ 52.9381322, 46.2380335 ], [ 52.939177, 46.2389361 ], [ 52.9457122, 46.2357242 ], [ 52.9532871, 46.2254379 ], [ 52.9545394, 46.2237374 ], [ 52.9571255, 46.2233005 ], [ 52.9593657, 46.2229227 ], [ 52.959975099999987, 46.2257686 ], [ 52.960613, 46.2287469 ], [ 52.9562682, 46.2372205 ], [ 52.9571751, 46.2391424 ], [ 52.959577, 46.2442235 ], [ 52.9627344, 46.2509036 ], [ 52.9624558, 46.2512919 ], [ 52.9600073, 46.2547046 ], [ 52.9566939, 46.255379 ], [ 52.9495037, 46.2525895 ], [ 52.9427196, 46.2520852 ], [ 52.9352708, 46.255474 ], [ 52.9330509, 46.2634172 ], [ 52.9465242, 46.2784457 ], [ 52.948588, 46.2927668 ], [ 52.9494251, 46.2985753 ], [ 52.9565137, 46.3087842 ], [ 52.9680126, 46.3163017 ], [ 52.9723215, 46.3212327 ], [ 52.9723913, 46.3286531 ], [ 52.9724721, 46.3372369 ], [ 52.9760737, 46.3484116 ], [ 53.0128395, 46.3759933 ], [ 53.0205083, 46.3798339 ], [ 53.0290728, 46.3841231 ], [ 53.0379492, 46.3946103 ], [ 53.0485757, 46.395885 ], [ 53.0621061, 46.397508 ], [ 53.0659629, 46.400972 ], [ 53.0642404, 46.4035751 ], [ 53.0543381, 46.405315 ], [ 53.0397173, 46.4078838 ], [ 53.0392639, 46.408296 ], [ 53.0358242, 46.4114233 ], [ 53.0362066, 46.4119909 ], [ 53.0373992, 46.4137611 ], [ 53.0395895, 46.4150543 ], [ 53.0398689, 46.4152187 ], [ 53.0407911, 46.4157615 ], [ 53.069286299999987, 46.4169894 ], [ 53.0744399, 46.419274699999988 ], [ 53.0750718, 46.4221886 ], [ 53.0537536, 46.430551 ], [ 53.045262799999989, 46.4422305 ], [ 53.0438757, 46.4441385 ], [ 53.0335323, 46.4529693 ], [ 53.0066027, 46.4686195 ], [ 52.9995201, 46.4727356 ], [ 52.9979365, 46.473050099999988 ], [ 52.9952669, 46.4735803 ], [ 52.9905783, 46.4791497 ], [ 52.9916686, 46.4835273 ], [ 52.995951, 46.4888977 ], [ 52.9972871, 46.4905733 ], [ 52.9972223, 46.4911259 ], [ 52.9971136, 46.4920532 ], [ 52.9964781, 46.4973881 ], [ 52.9959709, 46.5016466 ], [ 53.0003419, 46.5125594 ], [ 52.9983252, 46.5215409 ], [ 53.0050207, 46.5331769 ], [ 53.0038863, 46.5347484 ], [ 53.0022835, 46.5369684 ], [ 53.0022902, 46.5413543 ], [ 53.0022933, 46.5433662 ], [ 52.9918555, 46.5627031 ], [ 52.9933319, 46.5693632 ], [ 53.0207327, 46.5879045 ], [ 53.030759, 46.594689 ], [ 53.0266269, 46.5973968 ], [ 53.0263336, 46.5974282 ], [ 53.0193878, 46.5981727 ], [ 53.0126953, 46.5988914 ], [ 53.0060946, 46.5996003 ], [ 52.9938263, 46.6029858 ], [ 52.9909385, 46.6051303 ], [ 52.9986003, 46.6178642 ], [ 53.0049454, 46.6284098 ], [ 52.9982481, 46.6357334 ], [ 52.996963, 46.6371387 ], [ 52.9997853, 46.6455043 ], [ 52.9972072, 46.6509936 ], [ 52.9949461, 46.6558081 ], [ 52.994320699999989, 46.6658828 ], [ 52.9871398, 46.6752389 ], [ 52.9851335, 46.677853 ], [ 52.9792398, 46.6800698 ], [ 52.9750679, 46.6798862 ], [ 52.9664836, 46.675594 ], [ 52.9611559, 46.6749493 ], [ 52.9600891, 46.6755924 ], [ 52.9531773, 46.679758799999988 ], [ 52.946331, 46.6798701 ], [ 52.936385099999988, 46.6752741 ], [ 52.9236573, 46.6693927 ], [ 52.9164839, 46.6692814 ], [ 52.9100793, 46.6737408 ], [ 52.9153322, 46.6809224 ], [ 52.9217616, 46.6897123 ], [ 52.924287, 46.6899491 ], [ 52.9342264, 46.6908811 ], [ 52.9381336, 46.6918155 ], [ 52.9394978, 46.692142 ], [ 52.9395643, 46.692889 ], [ 52.9396451, 46.6937984 ], [ 52.932796, 46.6965912 ], [ 52.9325698, 46.6979181 ], [ 52.9321342, 46.7004778 ], [ 52.9299052, 46.7022712 ], [ 52.9272753, 46.7043871 ], [ 52.9148493, 46.7092009 ], [ 52.9116832, 46.7142132 ], [ 52.9069754, 46.7164787 ], [ 52.900104, 46.7147395 ], [ 52.8961476, 46.7137382 ], [ 52.8897106, 46.7153098 ], [ 52.8879887, 46.7177093 ], [ 52.8887384, 46.7218028 ], [ 52.8889772, 46.7231056 ], [ 52.8895477, 46.7239293 ], [ 52.8917373, 46.7270903 ], [ 52.8932282, 46.7292421 ], [ 52.89399, 46.730341599999988 ], [ 52.8950325, 46.7353203 ], [ 52.8964718, 46.7421941 ], [ 52.9005809, 46.7462999 ], [ 52.9076009, 46.746749 ], [ 52.9107145, 46.7469482 ], [ 52.9132962, 46.7498324 ], [ 52.9153245, 46.7520985 ], [ 52.9101742, 46.7654768 ], [ 52.9098062, 46.7656994 ], [ 52.9031806, 46.7697071 ], [ 52.8825565, 46.775391 ], [ 52.8803093, 46.7745639 ], [ 52.8761784, 46.7730434 ], [ 52.872269, 46.7699854 ], [ 52.8709339, 46.7678082 ], [ 52.8621355, 46.7534606 ], [ 52.8549076, 46.7479544 ], [ 52.8520739, 46.7457957 ], [ 52.8291972, 46.7346602 ], [ 52.8282968, 46.7342248 ], [ 52.8146884, 46.7296631 ], [ 52.8027451, 46.7256595 ], [ 52.799086, 46.7228873 ], [ 52.7949231, 46.7197332 ], [ 52.7815055, 46.7065579 ], [ 52.7756316, 46.6959823 ], [ 52.7726979, 46.682866 ], [ 52.7760513, 46.6755367 ], [ 52.7764893, 46.6745793 ], [ 52.7744758, 46.670578 ], [ 52.757607, 46.6716651 ], [ 52.7538935, 46.6734984 ], [ 52.7400053, 46.6803548 ], [ 52.7413182, 46.6822668 ], [ 52.7407842, 46.6826405 ], [ 52.7393864, 46.683619 ], [ 52.7389706, 46.6879311 ], [ 52.7414426, 46.6966372 ], [ 52.7418738, 46.6981627 ], [ 52.7333473, 46.7089275 ], [ 52.7329723, 46.712811599999988 ], [ 52.7339848, 46.714584 ], [ 52.7373269, 46.7204339 ], [ 52.745052, 46.7257269 ], [ 52.7470126, 46.7270703 ], [ 52.750535, 46.729483699999989 ], [ 52.7500995, 46.7340021 ], [ 52.7456851, 46.7420791 ], [ 52.7442748, 46.7446596 ], [ 52.7375299, 46.7493024 ], [ 52.7261092, 46.7527008 ], [ 52.723994, 46.7521065 ], [ 52.7068476, 46.7472887 ], [ 52.704731, 46.7458859 ], [ 52.701497599999989, 46.7437428 ], [ 52.7020575, 46.7410874 ], [ 52.6993334, 46.7382847 ], [ 52.6979327, 46.7376633 ], [ 52.6941601, 46.7359895 ], [ 52.6919957, 46.7360367 ], [ 52.688152, 46.7361205 ], [ 52.6847063, 46.737742 ], [ 52.6837548, 46.7381898 ], [ 52.682599, 46.740819 ], [ 52.6847993, 46.7564303 ], [ 52.6850507, 46.7582143 ], [ 52.6859616, 46.7646779 ], [ 52.6943959, 46.7735182 ], [ 52.6923824, 46.7756921 ], [ 52.6843049, 46.7755318 ], [ 52.6765745, 46.7778598 ], [ 52.6744627, 46.7810554 ], [ 52.6758539, 46.7852433 ], [ 52.6732021, 46.787803499999988 ], [ 52.6719425, 46.7879751 ], [ 52.665295, 46.7888807 ], [ 52.6318852, 46.7990928 ], [ 52.630437, 46.80074 ], [ 52.626139, 46.8056281 ], [ 52.6309463, 46.8116264 ], [ 52.6378835, 46.8113284 ], [ 52.6493202, 46.8079364 ], [ 52.6596732, 46.8125366 ], [ 52.6596503, 46.815837 ], [ 52.6621813, 46.81862 ], [ 52.66317, 46.8197071 ], [ 52.6681554, 46.8229008 ], [ 52.6707954, 46.8245923 ], [ 52.6618374, 46.8332524 ], [ 52.667233599999989, 46.8444836 ], [ 52.6683203, 46.8467453 ], [ 52.667718099999988, 46.8480881 ], [ 52.6667814, 46.8501766 ], [ 52.6628819, 46.8528223 ], [ 52.6593785, 46.8551992 ], [ 52.6552626, 46.8634634 ], [ 52.645980599999987, 46.8692192 ], [ 52.6382695, 46.8722162 ], [ 52.6322323, 46.8745627 ], [ 52.6256405, 46.8749715 ], [ 52.6189293, 46.8753878 ], [ 52.5919502, 46.8688272 ], [ 52.5696496, 46.8634043 ], [ 52.5450048, 46.8622518 ], [ 52.5170204, 46.8609356 ], [ 52.5088707, 46.8586623 ], [ 52.4983216, 46.8557198 ], [ 52.4837154, 46.8546131 ], [ 52.474443, 46.8512866 ], [ 52.4615347, 46.8399229 ], [ 52.4507477, 46.8304267 ], [ 52.4452278, 46.8255649 ], [ 52.4219971, 46.8178506 ], [ 52.4169555, 46.8174916 ], [ 52.4133533, 46.8172351 ], [ 52.4095585, 46.8191112 ], [ 52.4039379, 46.83178 ], [ 52.4028432, 46.8342477 ], [ 52.4026244, 46.8347411 ], [ 52.4009605, 46.8384943 ], [ 52.3974833, 46.8430684 ], [ 52.3952527, 46.8443969 ], [ 52.3914032, 46.8466896 ], [ 52.3746563, 46.848793 ], [ 52.3688801, 46.8495185 ], [ 52.3657827, 46.8475147 ], [ 52.3630493, 46.8393145 ], [ 52.3616605, 46.8351481 ], [ 52.3613794, 46.8319103 ], [ 52.3605637, 46.8225163 ], [ 52.3510391, 46.786998 ], [ 52.3417208, 46.7640624 ], [ 52.3397885, 46.7634684 ], [ 52.3385252, 46.7630801 ], [ 52.3364984, 46.7594785 ], [ 52.3326275, 46.7565382 ], [ 52.3298257, 46.7544101 ], [ 52.3201115, 46.7505147 ], [ 52.3128425, 46.7475998 ], [ 52.3001223, 46.7459398 ], [ 52.2563465, 46.7458481 ], [ 52.2110744, 46.7598943 ], [ 52.2043388, 46.7642917 ], [ 52.1946347, 46.7706271 ], [ 52.1878149, 46.772445499999989 ], [ 52.1822812, 46.7739209 ], [ 52.1762849, 46.774687 ], [ 52.1709788, 46.7753648 ], [ 52.10675, 46.7835051 ], [ 52.083401, 46.7864643 ], [ 52.0750471, 46.7901071 ], [ 52.026666, 46.811204 ], [ 52.0181079, 46.8128923 ], [ 52.0100855, 46.8144749 ], [ 52.0040169, 46.8142169 ], [ 52.0006133, 46.8140722 ], [ 51.9944933, 46.8138102 ], [ 51.9867733, 46.8134796 ], [ 51.9827259, 46.8141244 ], [ 51.9769901, 46.8150381 ], [ 51.9699311, 46.8109585 ], [ 51.9686153, 46.810696 ], [ 51.9643517, 46.8098452 ], [ 51.9573483, 46.8107194 ], [ 51.9396326, 46.8170016 ], [ 51.934524, 46.8188132 ], [ 51.932828, 46.8205782 ], [ 51.933659, 46.8266023 ], [ 51.9211358, 46.8230631 ], [ 51.9175539, 46.8255613 ], [ 51.9167049, 46.8279259 ], [ 51.9153733, 46.8316349 ], [ 51.9120083, 46.8327443 ], [ 51.8932267, 46.8389363 ], [ 51.8812609, 46.8412739 ], [ 51.8508228, 46.84722 ], [ 51.8478433, 46.8475867 ], [ 51.8308045, 46.849661 ], [ 51.8224815, 46.850674299999987 ], [ 51.8196942, 46.8508682 ], [ 51.8106682, 46.8514961 ], [ 51.8042455, 46.850941 ], [ 51.7981674, 46.8504156 ], [ 51.7842314, 46.8533759 ], [ 51.7839698, 46.8534315 ], [ 51.7787613, 46.8545378 ], [ 51.7422411, 46.8532019 ], [ 51.7378757, 46.8543264 ], [ 51.732949, 46.8555954 ], [ 51.7151778, 46.8670713 ], [ 51.7137885, 46.8679685 ], [ 51.7090943, 46.8699648 ], [ 51.7043032, 46.8720023 ], [ 51.7027025, 46.8708748 ], [ 51.7020767, 46.870434 ], [ 51.7095222, 46.8537029 ], [ 51.7097907, 46.853107 ], [ 51.7088019, 46.8381997 ], [ 51.7105143, 46.8337533 ], [ 51.7176136, 46.8274754 ], [ 51.7182119, 46.826946299999989 ], [ 51.7227202, 46.8244662 ], [ 51.7339247, 46.8183025 ], [ 51.7598562, 46.8095866 ], [ 51.7705073, 46.8004577 ], [ 51.7714344, 46.7983763 ], [ 51.7737387, 46.7932026 ], [ 51.7758113, 46.7776339 ], [ 51.773945, 46.7703095 ], [ 51.7734791, 46.7696218 ], [ 51.7682905, 46.7619636 ], [ 51.767967299999988, 46.7576096 ], [ 51.7679369, 46.7571997 ], [ 51.7702872, 46.7523696 ], [ 51.7688668, 46.7508118 ], [ 51.7687619, 46.7506964 ], [ 51.7604227, 46.7415229 ], [ 51.7571157, 46.733714 ], [ 51.7560359, 46.7342249 ], [ 51.7504592, 46.7368627 ], [ 51.7499927, 46.7332002 ], [ 51.7498243, 46.7318769 ], [ 51.7530946, 46.7285227 ], [ 51.7559433, 46.7256009 ], [ 51.7490842, 46.7252339 ], [ 51.743960799999989, 46.7282491 ], [ 51.7388263, 46.7362414 ], [ 51.7315673, 46.757717 ], [ 51.7333321, 46.7658599 ], [ 51.7356673, 46.7697402 ], [ 51.7406466, 46.7780137 ], [ 51.7404829, 46.7872927 ], [ 51.739003, 46.7896959 ], [ 51.7364262, 46.7938803 ], [ 51.7313909, 46.7951837 ], [ 51.7265218, 46.796444 ], [ 51.7245091, 46.7981492 ], [ 51.7235652, 46.7989488 ], [ 51.7223939, 46.7999433 ], [ 51.719204, 46.8026519 ], [ 51.7148362, 46.8040696 ], [ 51.7053084, 46.803346 ], [ 51.7012589, 46.8045736 ], [ 51.7007695, 46.8088331 ], [ 51.7002465, 46.8133912 ], [ 51.6991131, 46.8147766 ], [ 51.696049, 46.8185218 ], [ 51.6859522, 46.8233862 ], [ 51.6814103, 46.8255743 ], [ 51.6759946, 46.8308524 ], [ 51.6684673, 46.8516958 ], [ 51.6576461, 46.8672056 ], [ 51.6565261, 46.8720226 ], [ 51.6516314, 46.8930749 ], [ 51.6435573, 46.8926362 ], [ 51.6423524, 46.8886384 ], [ 51.642213, 46.8881747 ], [ 51.642041399999989, 46.8876038 ], [ 51.6430042, 46.8848091 ], [ 51.6438553, 46.8823389 ], [ 51.6422083, 46.8810128 ], [ 51.6382941, 46.8807997 ], [ 51.6314461, 46.8804268 ], [ 51.6257529, 46.8760059 ], [ 51.6237256, 46.8744317 ], [ 51.6229758, 46.8734175 ], [ 51.6187947, 46.8677622 ], [ 51.6013871, 46.867204 ], [ 51.6005181, 46.8671761 ], [ 51.5986115, 46.8664719 ], [ 51.5933117, 46.8645142 ], [ 51.5759455, 46.8536538 ], [ 51.5683414, 46.8476182 ], [ 51.5594534, 46.8405636 ], [ 51.5499034, 46.8374669 ], [ 51.5487403, 46.8370897 ], [ 51.545616699999989, 46.8406258 ], [ 51.5444912, 46.8414789 ], [ 51.5423166, 46.8431276 ], [ 51.546766, 46.8487392 ], [ 51.5651887, 46.8600577 ], [ 51.5689093, 46.8623435 ], [ 51.5817539, 46.8682108 ], [ 51.5888981, 46.86881 ], [ 51.5925072, 46.8712584 ], [ 51.5941924, 46.8724019 ], [ 51.5938087, 46.8729866 ], [ 51.5923622, 46.8751913 ], [ 51.5952926, 46.886078 ], [ 51.6038841, 46.892325199999988 ], [ 51.6047157, 46.9006317 ], [ 51.6139879, 46.9011359 ], [ 51.6143931, 46.9019737 ], [ 51.6153666, 46.9039878 ], [ 51.6163557, 46.9060342 ], [ 51.6166501, 46.906643099999989 ], [ 51.6164517, 46.9075015 ], [ 51.6160379, 46.9092918 ], [ 51.6153457, 46.9099448 ], [ 51.6085963, 46.9163124 ], [ 51.6095813, 46.9171455 ], [ 51.6140733, 46.9209448 ], [ 51.620248, 46.9236158 ], [ 51.6255333, 46.9259025 ], [ 51.6265105, 46.9277242 ], [ 51.6284994, 46.931432 ], [ 51.629311, 46.9450949 ], [ 51.6070076, 46.9350008 ], [ 51.5969101, 46.9338287 ], [ 51.5833828, 46.9283304 ], [ 51.5772584, 46.9242942 ], [ 51.5768612, 46.9224421 ], [ 51.5766756, 46.9215767 ], [ 51.5731686, 46.9182773 ], [ 51.5633988, 46.9090857 ], [ 51.5462652, 46.897397 ], [ 51.5685229, 46.926907 ], [ 51.5690255, 46.9286756 ], [ 51.5700127, 46.932149 ], [ 51.5678413, 46.9378006 ], [ 51.5541329, 46.9467453 ], [ 51.5417927, 46.9619569 ], [ 51.510655, 46.9831313 ], [ 51.4944053, 46.9880065 ], [ 51.4819798, 46.9898466 ], [ 51.4495235, 46.9946318 ], [ 51.4345663, 46.996837 ], [ 51.4116529, 47.0021297 ], [ 51.3799792, 47.0094459 ], [ 51.3666042, 47.010343 ], [ 51.3580773, 47.0097512 ], [ 51.3498567, 47.0091807 ], [ 51.3443055, 47.0070478 ], [ 51.3397755, 47.0053073 ], [ 51.3262204, 47.012585799999989 ], [ 51.3092831, 47.0074846 ], [ 51.3005928, 47.0048629 ], [ 51.299179, 47.0044364 ], [ 51.280376, 47.0080558 ], [ 51.2587133, 47.0122256 ], [ 51.2495456, 47.015621 ], [ 51.2481819, 47.0153269 ], [ 51.2351523, 47.012517 ], [ 51.2269505, 47.0081231 ], [ 51.2194595, 47.0089534 ], [ 51.2147215, 47.0094786 ], [ 51.2066604, 47.0088074 ], [ 51.1954025, 47.0030488 ], [ 51.1638636, 46.9869162 ], [ 51.1493786, 46.9767728 ], [ 51.1358792, 46.9673203 ], [ 51.1290656, 46.968774 ], [ 51.1249203, 46.9677773 ], [ 51.119996099999987, 46.9665934 ], [ 51.1125263, 46.9628475 ], [ 51.1055406, 46.9593443 ], [ 51.1019357, 46.9568592 ], [ 51.0990479, 46.9511196 ], [ 51.1027968, 46.9381244 ], [ 51.1019717, 46.936406 ], [ 51.1013688, 46.9351512 ], [ 51.1002318, 46.9346748 ], [ 51.0979314, 46.9337108 ], [ 51.093318599999989, 46.9348835 ], [ 51.0867272, 46.9365593 ], [ 51.0816194, 46.9364676 ], [ 51.0735194, 46.9314419 ], [ 51.065553, 46.9301452 ], [ 51.064164, 46.9301798 ], [ 51.016597499999989, 46.9313632 ], [ 51.014488899999989, 46.9321752 ], [ 51.0000007, 46.9373975 ], [ 50.9970845, 46.9382026 ], [ 50.9934425, 46.9392081 ], [ 50.9794084, 46.9393733 ], [ 50.968686399999989, 46.9394995 ], [ 50.9548661, 46.9436414 ], [ 50.9524726, 46.9447415 ], [ 50.9378764, 46.9514437 ], [ 50.923646, 46.9552868 ], [ 50.913022, 46.9581558 ], [ 50.9088101, 46.9580271 ], [ 50.9059498, 46.9579397 ], [ 50.896322, 46.9556803 ], [ 50.8868777, 46.9534639 ], [ 50.8743998, 46.9529139 ], [ 50.8656807, 46.9505073 ], [ 50.845276, 46.9412872 ], [ 50.8369633, 46.9332971 ], [ 50.8235845, 46.9204373 ], [ 50.8155071, 46.9177557 ], [ 50.812282, 46.9186561 ], [ 50.806077, 46.9245791 ], [ 50.8045458, 46.92468 ], [ 50.8009566, 46.9249163 ], [ 50.7984421, 46.92508 ], [ 50.7955345, 46.9241917 ], [ 50.7903941, 46.9226211 ], [ 50.7560783, 46.8808337 ], [ 50.7553112, 46.8798995 ], [ 50.7534833, 46.8772452 ], [ 50.7444115, 46.8640722 ], [ 50.735031, 46.8543479 ], [ 50.7318502, 46.8523884 ], [ 50.7273563, 46.84962 ], [ 50.7220203, 46.8478188 ], [ 50.7175305, 46.8463032 ], [ 50.6973878, 46.8457761 ], [ 50.6907084, 46.8482743 ], [ 50.6897488, 46.8501033 ], [ 50.6885868, 46.8523179 ], [ 50.688888, 46.8540893 ], [ 50.68937, 46.8569105 ], [ 50.6903319, 46.8625399 ], [ 50.6983831, 46.8797067 ], [ 50.6985107, 46.8824256 ], [ 50.6987268, 46.8870342 ], [ 50.6964379, 46.8900261 ], [ 50.6944737, 46.8925936 ], [ 50.6916068, 46.8945186 ], [ 50.6880367, 46.8969155 ], [ 50.6813705, 46.8971185 ], [ 50.6775157, 46.8958875 ], [ 50.6670165, 46.8925347 ], [ 50.6439783, 46.880775 ], [ 50.6342648, 46.8758167 ], [ 50.6135923, 46.8570945 ], [ 50.6086874, 46.8526523 ], [ 50.6077945, 46.8512609 ], [ 50.6044436, 46.846038 ], [ 50.6049331, 46.8251719 ], [ 50.6049347, 46.8251033 ], [ 50.6033832, 46.8207181 ], [ 50.6016769, 46.8158959 ], [ 50.5972116, 46.8097767 ], [ 50.5922276, 46.8029465 ], [ 50.5745438, 46.7661808 ], [ 50.5693771, 46.760081 ], [ 50.5667497, 46.7591329 ], [ 50.562354, 46.7575467 ], [ 50.5514313, 46.7582441 ], [ 50.5447229, 46.7605097 ], [ 50.540632, 46.7635898 ], [ 50.5380563, 46.7655292 ], [ 50.5341273, 46.7710626 ], [ 50.5332727, 46.7745889 ], [ 50.5401171, 46.7883316 ], [ 50.5470078, 46.8021671 ], [ 50.5405507, 46.8087809 ], [ 50.507279, 46.7899972 ], [ 50.5042559, 46.7889283 ], [ 50.499565, 46.7872698 ], [ 50.4974429, 46.7881396 ], [ 50.4922797, 46.7902561 ], [ 50.4884298, 46.7939456 ], [ 50.4867451, 46.8009774 ], [ 50.485859299999987, 46.8046753 ], [ 50.4845468, 46.8160722 ], [ 50.4827685, 46.8315134 ], [ 50.4796678, 46.8359077 ], [ 50.4737776, 46.8442503 ], [ 50.471037, 46.8465126 ], [ 50.4581139, 46.8571801 ], [ 50.4552684, 46.8559768 ], [ 50.4524463, 46.854783399999988 ], [ 50.4213939, 46.8124122 ], [ 50.4087065, 46.7998852 ], [ 50.3986384, 46.7793888 ], [ 50.3888551, 46.7710462 ], [ 50.3805453, 46.7662823 ], [ 50.3733224, 46.7646681 ], [ 50.3694304, 46.76701 ], [ 50.3665154, 46.7687641 ], [ 50.3610345, 46.775306199999989 ], [ 50.3620946, 46.7806261 ], [ 50.3649667, 46.7950394 ], [ 50.3654859, 46.7975389 ], [ 50.366803499999989, 46.803883 ], [ 50.3682865, 46.8054232 ], [ 50.3695141, 46.8066983 ], [ 50.3637577, 46.8068297 ], [ 50.3578519, 46.806964 ], [ 50.3560512, 46.8057975 ], [ 50.3465298, 46.7996298 ], [ 50.3296055, 46.7953996 ], [ 50.3188358, 46.7856262 ], [ 50.3144461, 46.7816414 ], [ 50.3144941, 46.7800441 ], [ 50.3145705, 46.7774996 ], [ 50.3233611, 46.7783345 ], [ 50.3235467, 46.7755517 ], [ 50.3236989, 46.7732628 ], [ 50.3207329, 46.7711657 ], [ 50.3189153, 46.7698806 ], [ 50.3053735, 46.7658992 ], [ 50.304227, 46.7650386 ], [ 50.2898308, 46.75423 ], [ 50.2799909, 46.7374221 ], [ 50.2730932, 46.7256399 ], [ 50.2700946, 46.7228712 ], [ 50.2639975, 46.7172416 ], [ 50.2522825, 46.6860419 ], [ 50.2514967, 46.6849713 ], [ 50.2481799, 46.6804427 ], [ 50.2397293, 46.6689048 ], [ 50.234743, 46.6670284 ], [ 50.2344742, 46.6669272 ], [ 50.2292126, 46.6674806 ], [ 50.2238819, 46.6742168 ], [ 50.2211911, 46.6776171 ], [ 50.2172094, 46.750187 ], [ 50.1763215, 46.7228306 ], [ 50.172331, 46.7195554 ], [ 50.1494896, 46.7008085 ], [ 50.1403334, 46.6955221 ], [ 50.1340191, 46.6918765 ], [ 50.1196389, 46.6863137 ], [ 50.0906344, 46.6536274 ], [ 50.0831416, 46.6451834 ], [ 50.0799918, 46.6416309 ], [ 50.0587948, 46.6240715 ], [ 50.0567655, 46.6218975 ], [ 50.0476331, 46.6121142 ], [ 50.0444041, 46.604942 ], [ 50.0420964, 46.5998164 ], [ 50.042031, 46.5913264 ], [ 50.039464, 46.584133 ], [ 50.0364264, 46.5820509 ], [ 50.0354568, 46.5813863 ], [ 50.0278918, 46.5818371 ], [ 50.0120133, 46.5827841 ], [ 50.0000003, 46.5885204 ], [ 49.999452, 46.5887816 ], [ 49.9988249, 46.5890803 ], [ 49.9778144, 46.5940014 ], [ 49.975855, 46.5935689 ], [ 49.9737053, 46.5930945 ], [ 49.9709939, 46.5935271 ], [ 49.9668525, 46.594188 ], [ 49.9649502, 46.5936347 ], [ 49.9530963, 46.5901854 ], [ 49.9470767, 46.5884338 ], [ 49.940623, 46.5865559 ], [ 49.9332299, 46.5833685 ], [ 49.9307812, 46.5823127 ], [ 49.9184797, 46.5715602 ], [ 49.9149198, 46.5673745 ], [ 49.9056449, 46.5564695 ], [ 49.9037361, 46.5517612 ], [ 49.8992951, 46.5473496 ], [ 49.8908621, 46.5389719 ], [ 49.8979833, 46.5130701 ], [ 49.896931, 46.5088345 ], [ 49.8960156, 46.50515 ], [ 49.8848735, 46.4941029 ], [ 49.8842596, 46.4934946 ], [ 49.8820217, 46.4912773 ], [ 49.8667634, 46.4870696 ], [ 49.8634637, 46.4861597 ], [ 49.8600644, 46.4844536 ], [ 49.8556809, 46.4822536 ], [ 49.8505638, 46.4731716 ], [ 49.8501704, 46.4724736 ], [ 49.8390907, 46.4660006 ], [ 49.8370064, 46.4659296 ], [ 49.834091, 46.4658303 ], [ 49.8098424, 46.4711443 ], [ 49.795806, 46.4758591 ], [ 49.7734139, 46.4911561 ], [ 49.7702687, 46.4911913 ], [ 49.768440399999989, 46.4912118 ], [ 49.7660797, 46.4881373 ], [ 49.7669572, 46.4844146 ], [ 49.7790193, 46.4715503 ], [ 49.7795235, 46.4698576 ], [ 49.78138, 46.4636071 ], [ 49.7790889, 46.460584 ], [ 49.7738788, 46.4537093 ], [ 49.7738316, 46.4469563 ], [ 49.773797, 46.4420043 ], [ 49.7798953, 46.4375609 ], [ 49.7878268, 46.4317821 ], [ 49.7959376, 46.4285788 ], [ 49.819164, 46.4194057 ], [ 49.8219127, 46.4153757 ], [ 49.8222613, 46.4148644 ], [ 49.8192396, 46.411823 ], [ 49.8161907, 46.4117137 ], [ 49.8119117, 46.4115608 ], [ 49.7914743, 46.4207809 ], [ 49.786918, 46.421147 ], [ 49.7812883, 46.4215994 ], [ 49.7763742, 46.4193568 ], [ 49.7752486, 46.4177993 ], [ 49.773987, 46.4160532 ], [ 49.7754649, 46.4146171 ], [ 49.780518799999989, 46.4097076 ], [ 49.7861603, 46.408375 ], [ 49.788259, 46.4078839 ], [ 49.7998627, 46.3996329 ], [ 49.8129169, 46.395203 ], [ 49.8152406, 46.3931032 ], [ 49.8159062, 46.3925018 ], [ 49.8212693, 46.379333 ], [ 49.823388, 46.3796214 ], [ 49.8236267, 46.3796539 ], [ 49.8302019, 46.3752608 ], [ 49.8319039, 46.3741237 ], [ 49.8330531, 46.369923 ], [ 49.8316275, 46.3689826 ], [ 49.8272905, 46.3661217 ], [ 49.8192557, 46.3654439 ], [ 49.8121398, 46.3676481 ], [ 49.8000919, 46.37138 ], [ 49.7844137, 46.377727 ], [ 49.7427086, 46.3946103 ], [ 49.7371822, 46.3968449 ], [ 49.735931, 46.3973508 ], [ 49.7308317, 46.3977506 ], [ 49.714256, 46.3990501 ], [ 49.7109316, 46.3973523 ], [ 49.7086074, 46.3961648 ], [ 49.7007762, 46.3860516 ], [ 49.699927, 46.3822142 ], [ 49.6986185, 46.3763011 ], [ 49.6964068, 46.3733033 ], [ 49.6958548, 46.3725553 ], [ 49.6881804, 46.3693206 ], [ 49.684918, 46.3691117 ], [ 49.682503, 46.3689571 ], [ 49.6705162, 46.3712458 ], [ 49.6663728, 46.3731788 ], [ 49.6654773, 46.3735966 ], [ 49.6648049, 46.3742029 ], [ 49.6565092, 46.3816839 ], [ 49.6499772, 46.3825155 ], [ 49.6469671, 46.380615 ], [ 49.644967799999989, 46.3793526 ], [ 49.644254, 46.3676867 ], [ 49.6391303, 46.3612861 ], [ 49.6368707, 46.3584634 ], [ 49.6355743, 46.350274 ], [ 49.6359801, 46.3483985 ], [ 49.6363257, 46.3468108 ], [ 49.6364322, 46.3463226 ], [ 49.6399548, 46.3436731 ], [ 49.6479898, 46.3376298 ], [ 49.6487953, 46.333226 ], [ 49.6453271, 46.328883 ], [ 49.6433569, 46.3264157 ], [ 49.630328899999988, 46.3198084 ], [ 49.6207641, 46.3241093 ], [ 49.6180678, 46.3253218 ], [ 49.6089463, 46.3387189 ], [ 49.6008383, 46.3506283 ], [ 49.5845198, 46.3611875 ], [ 49.574586, 46.3725325 ], [ 49.5659455, 46.372326099999988 ], [ 49.567823, 46.3683557 ], [ 49.5693997, 46.3650216 ], [ 49.5700414, 46.3571275 ], [ 49.5710335, 46.3449541 ], [ 49.5734866, 46.3406041 ], [ 49.576246, 46.3357111 ], [ 49.5768049, 46.3352553 ], [ 49.5886387, 46.325603699999988 ], [ 49.5891582, 46.3202071 ], [ 49.589683199999989, 46.3147531 ], [ 49.6060607, 46.3076317 ], [ 49.6196583, 46.2937819 ], [ 49.6257581, 46.2752992 ], [ 49.6233549, 46.2717631 ], [ 49.6188463, 46.2699524 ], [ 49.614377, 46.2710446 ], [ 49.6127367, 46.2714455 ], [ 49.6065943, 46.2754629 ], [ 49.590911, 46.2816544 ], [ 49.55093, 46.2974163 ], [ 49.517353299999989, 46.3160464 ], [ 49.5153252, 46.3194207 ], [ 49.5123564, 46.3243596 ], [ 49.5095806, 46.3249077 ], [ 49.4994075, 46.3269166 ], [ 49.4968665, 46.3256489 ], [ 49.4948466, 46.3246411 ], [ 49.4912272, 46.3247049 ], [ 49.4889006, 46.3247459 ], [ 49.4784789, 46.3319785 ], [ 49.4646979, 46.3359534 ], [ 49.454322, 46.3436379 ], [ 49.4469911, 46.3461066 ], [ 49.4462138, 46.3460886 ], [ 49.4455799, 46.3460739 ], [ 49.4419925, 46.3459776 ], [ 49.4356985, 46.3458087 ], [ 49.4316876, 46.3425901 ], [ 49.432683, 46.3367948 ], [ 49.4263697, 46.3336979 ], [ 49.4230111, 46.336179199999989 ], [ 49.417255, 46.3495772 ], [ 49.409763, 46.3556608 ], [ 49.4090696, 46.3562238 ], [ 49.4074418, 46.358819 ], [ 49.3972956, 46.3749947 ], [ 49.3915706, 46.3758854 ], [ 49.3881836, 46.3764124 ], [ 49.3848963, 46.3795753 ], [ 49.388177, 46.3938573 ], [ 49.3839236, 46.3997683 ], [ 49.3813045, 46.4034081 ], [ 49.3814425, 46.4075308 ], [ 49.3831403, 46.4094838 ], [ 49.386016, 46.4127919 ], [ 49.3920045, 46.4159089 ], [ 49.4004257, 46.4170548 ], [ 49.4118624, 46.4097763 ], [ 49.4208763, 46.4074451 ], [ 49.4227111, 46.4086503 ], [ 49.4241011, 46.4095636 ], [ 49.4090958, 46.4183383 ], [ 49.3998593, 46.4237407 ], [ 49.3832461, 46.44094 ], [ 49.3857115, 46.4538889 ], [ 49.379949, 46.4615444 ], [ 49.3701351, 46.4636611 ], [ 49.3614892, 46.4655258 ], [ 49.3569411, 46.4671022 ], [ 49.3426528, 46.4720545 ], [ 49.3279648, 46.4742253 ], [ 49.3082689, 46.4722692 ], [ 49.305481, 46.4719923 ], [ 49.297715, 46.4678179 ], [ 49.3013975, 46.4642709 ], [ 49.3025048, 46.4632044 ], [ 49.3067136, 46.460960299999989 ], [ 49.3106411, 46.4588661 ], [ 49.3114485, 46.4579842 ], [ 49.3117413, 46.4576645 ], [ 49.3159646, 46.4530713 ], [ 49.3247918, 46.4548912 ], [ 49.3352139, 46.4531822 ], [ 49.3450168, 46.4459953 ], [ 49.345555, 46.4450773 ], [ 49.3497414, 46.4379376 ], [ 49.3496891, 46.4347026 ], [ 49.3496857, 46.4344964 ], [ 49.3494927, 46.433315 ], [ 49.3486085, 46.4279022 ], [ 49.3437791, 46.4203618 ], [ 49.3469354, 46.4130734 ], [ 49.3490918, 46.4106918 ], [ 49.3528289, 46.4065636 ], [ 49.3524622, 46.400382699999987 ], [ 49.3550093, 46.3923077 ], [ 49.3563651, 46.3880096 ], [ 49.3691177, 46.378152 ], [ 49.3761673, 46.3727028 ], [ 49.3928067, 46.3631815 ], [ 49.3938937, 46.3625594 ], [ 49.4002194, 46.3511947 ], [ 49.4077424, 46.3485773 ], [ 49.4088208, 46.348202 ], [ 49.40981, 46.3456989 ], [ 49.4144748, 46.3338934 ], [ 49.4059624, 46.323112 ], [ 49.4067974, 46.3203692 ], [ 49.4071704, 46.3191443 ], [ 49.4280407, 46.3099525 ], [ 49.4285968, 46.309707499999988 ], [ 49.4291059, 46.3090322 ], [ 49.4349159, 46.3013256 ], [ 49.4351157, 46.2914474 ], [ 49.4271005, 46.2850006 ], [ 49.4235567, 46.2835891 ], [ 49.4205161, 46.282378 ], [ 49.4094955, 46.2843588 ], [ 49.4042041, 46.2814383 ], [ 49.4003649, 46.2736321 ], [ 49.3994759, 46.2718251 ], [ 49.3979766, 46.2710395 ], [ 49.3963133, 46.270162 ], [ 49.3930492, 46.2709196 ], [ 49.3898665, 46.2716583 ], [ 49.3845339, 46.2755007 ], [ 49.3736626, 46.283334 ], [ 49.36292, 46.284836899999988 ], [ 49.3598463, 46.2875251 ], [ 49.3590041, 46.2882617 ], [ 49.3620065, 46.2972788 ], [ 49.3523204, 46.320528 ], [ 49.3450822, 46.3379015 ], [ 49.3494762, 46.3475342 ], [ 49.3495426, 46.3488684 ], [ 49.349738099999989, 46.3527989 ], [ 49.3466562, 46.3536468 ], [ 49.3362515, 46.3565093 ], [ 49.3346605, 46.3600383 ], [ 49.3395081, 46.3645267 ], [ 49.3416865, 46.3665436 ], [ 49.340482, 46.3690455 ], [ 49.3387336, 46.37267 ], [ 49.3342298, 46.3772952 ], [ 49.3307151, 46.3809046 ], [ 49.3121898, 46.4165572 ], [ 49.2934709, 46.4259014 ], [ 49.2920994, 46.426586 ], [ 49.2797329, 46.4375774 ], [ 49.2647731, 46.4402131 ], [ 49.2365235, 46.4545639 ], [ 49.2351234, 46.4618352 ], [ 49.2350501, 46.4622155 ], [ 49.2345819, 46.4624677 ], [ 49.2303525, 46.4647296 ], [ 49.2231517, 46.4685806 ], [ 49.2189598, 46.4700315 ], [ 49.2145243, 46.4715667 ], [ 49.2058633, 46.4711211 ], [ 49.2035139, 46.4710003 ], [ 49.2069389, 46.4685295 ], [ 49.2093511, 46.4667897 ], [ 49.2103588, 46.464646 ], [ 49.2112304, 46.4627919 ], [ 49.2080609, 46.4600599 ], [ 49.2064632, 46.4586828 ], [ 49.180702, 46.4717435 ], [ 49.1776406, 46.4680076 ], [ 49.192765, 46.4509149 ], [ 49.1968109, 46.4463424 ], [ 49.1995953, 46.4380668 ], [ 49.2010542, 46.4337305 ], [ 49.2158176, 46.4262913 ], [ 49.2266911, 46.4257151 ], [ 49.2299358, 46.4280692 ], [ 49.2255485, 46.4363332 ], [ 49.2265713, 46.4369406 ], [ 49.230158499999987, 46.4390704 ], [ 49.2336727, 46.4382289 ], [ 49.2362976, 46.4376003 ], [ 49.2388111, 46.4355705 ], [ 49.2408061, 46.4339594 ], [ 49.2415574, 46.433353 ], [ 49.2420799, 46.432931 ], [ 49.2431889, 46.4280453 ], [ 49.2440836, 46.4241042 ], [ 49.2460125, 46.4210911 ], [ 49.2480388, 46.4179258 ], [ 49.2586567, 46.4120815 ], [ 49.2602668, 46.4102189 ], [ 49.2636435, 46.4063123 ], [ 49.264151, 46.4019249 ], [ 49.2591092, 46.3953103 ], [ 49.2663775, 46.3832162 ], [ 49.2669341, 46.3792872 ], [ 49.2635234, 46.3791752 ], [ 49.2589516, 46.3790252 ], [ 49.2583942, 46.3792151 ], [ 49.2541648, 46.3806558 ], [ 49.2350121, 46.39859 ], [ 49.2328564, 46.4006086 ], [ 49.2130838, 46.4106079 ], [ 49.2125591, 46.4112565 ], [ 49.211338499999989, 46.4127657 ], [ 49.2011984, 46.4139902 ], [ 49.1984448, 46.4115575 ], [ 49.1969139, 46.4102021 ], [ 49.196788399999988, 46.410091 ], [ 49.1968069, 46.4092367 ], [ 49.1968437, 46.4075663 ], [ 49.1993124, 46.4047032 ], [ 49.20037, 46.4034768 ], [ 49.2032154, 46.4025455 ], [ 49.2112435, 46.3999178 ], [ 49.2176544, 46.3846933 ], [ 49.2188527, 46.3818476 ], [ 49.2183748, 46.377513 ], [ 49.2031563, 46.3716649 ], [ 49.1979651, 46.3712277 ], [ 49.1947973, 46.3709609 ], [ 49.1947563, 46.3711274 ], [ 49.1931963, 46.3774667 ], [ 49.1990407, 46.3884058 ], [ 49.1979392, 46.3912818 ], [ 49.1969779, 46.3937918 ], [ 49.1852236, 46.3983102 ], [ 49.1798425, 46.4029021 ], [ 49.1746186, 46.40736 ], [ 49.1702963, 46.4163085 ], [ 49.1650187, 46.4195661 ], [ 49.1589189, 46.426491 ], [ 49.1582411, 46.4272637 ], [ 49.158032, 46.4283589 ], [ 49.1573996, 46.4316708 ], [ 49.1607622, 46.4351643 ], [ 49.170800899999989, 46.4389951 ], [ 49.166835, 46.4432565 ], [ 49.1624943, 46.4479205 ], [ 49.1561629, 46.4499995 ], [ 49.1500098, 46.4520198 ], [ 49.1396405, 46.4511849 ], [ 49.1356132, 46.4517642 ], [ 49.1321295, 46.4522654 ], [ 49.128305499999989, 46.4486366 ], [ 49.1273198, 46.447701099999989 ], [ 49.1297197, 46.439316 ], [ 49.1367526, 46.4339005 ], [ 49.1398598, 46.4289172 ], [ 49.1358064, 46.4252305 ], [ 49.1249132, 46.4225882 ], [ 49.129367, 46.4196759 ], [ 49.1363597, 46.4151034 ], [ 49.1374916, 46.415045 ], [ 49.1396568, 46.4149332 ], [ 49.1462838, 46.408846499999989 ], [ 49.1487394, 46.3949542 ], [ 49.1488319, 46.3948876 ], [ 49.1500098, 46.3940406 ], [ 49.1567654, 46.3891727 ], [ 49.1631687, 46.3845586 ], [ 49.1689575, 46.3769101 ], [ 49.1735703, 46.3729788 ], [ 49.1744086, 46.3722644 ], [ 49.1881147, 46.3674117 ], [ 49.1963002, 46.3605523 ], [ 49.1968109, 46.3561682 ], [ 49.193396, 46.3522195 ], [ 49.1835801, 46.3564017 ], [ 49.1734235, 46.3607291 ], [ 49.1718912, 46.3613839 ], [ 49.1700298, 46.3607383 ], [ 49.1689837, 46.3603755 ], [ 49.1667245, 46.359593 ], [ 49.1636804, 46.3610471 ], [ 49.1596032, 46.362994799999989 ], [ 49.1515341, 46.3692728 ], [ 49.15096, 46.36972 ], [ 49.1504252, 46.3698639 ], [ 49.13847, 46.37308 ], [ 49.1316638, 46.3740353 ], [ 49.11446, 46.37645 ], [ 49.09909, 46.37981 ], [ 49.07556, 46.38557 ], [ 49.0660789, 46.3869614 ], [ 49.05212, 46.38901 ], [ 49.04354, 46.39109 ], [ 49.03888, 46.39222 ], [ 49.02946, 46.39901 ], [ 49.023366, 46.4083263 ], [ 49.0212899, 46.4115 ], [ 49.0164086, 46.4137205 ], [ 49.00544, 46.41871 ], [ 48.9873596, 46.4259392 ], [ 48.98143, 46.42831 ], [ 48.9659171, 46.4309678 ], [ 48.96462, 46.43119 ], [ 48.9632873, 46.431301 ], [ 48.95309, 46.43215 ], [ 48.93629, 46.43791 ], [ 48.9336731, 46.4392253 ], [ 48.93245, 46.43984 ], [ 48.9238, 46.44272 ], [ 48.9154012, 46.4449794 ], [ 48.91131, 46.44608 ], [ 48.9047895, 46.4486882 ], [ 48.90171, 46.44992 ], [ 48.89451, 46.45809 ], [ 48.88346, 46.46481 ], [ 48.877701, 46.4675168 ], [ 48.87529, 46.46865 ], [ 48.86857, 46.47345 ], [ 48.862484, 46.4764793 ], [ 48.85971, 46.47786 ], [ 48.84648, 46.4773 ], [ 48.83495, 46.47586 ], [ 48.82487, 46.47586 ], [ 48.8162212, 46.4801794 ], [ 48.8137503, 46.4826497 ], [ 48.8095, 46.4869 ], [ 48.8038409, 46.4947357 ], [ 48.80326, 46.49554 ], [ 48.79701, 46.50275 ], [ 48.78933, 46.51043 ], [ 48.782243, 46.5194042 ], [ 48.7821214, 46.5195582 ], [ 48.78164, 46.52676 ], [ 48.7758806, 46.5358891 ], [ 48.7723671, 46.5366554 ], [ 48.76381, 46.53852 ], [ 48.75715, 46.54021 ], [ 48.75187, 46.54405 ], [ 48.7508375, 46.5446695 ], [ 48.747069, 46.5469303 ], [ 48.7413, 46.54885 ], [ 48.7341, 46.54885 ], [ 48.7297625, 46.5486379 ], [ 48.72449, 46.54838 ], [ 48.71681, 46.55318 ], [ 48.71009, 46.55654 ], [ 48.707439, 46.5577427 ], [ 48.7048, 46.55894 ], [ 48.6906705, 46.5599029 ], [ 48.68367, 46.56038 ], [ 48.6785446, 46.5612714 ], [ 48.6726296, 46.5623003 ], [ 48.6709292, 46.563345 ], [ 48.66638, 46.56614 ], [ 48.66062, 46.58295 ], [ 48.6589622, 46.584738 ], [ 48.65438, 46.58968 ], [ 48.65006, 46.59592 ], [ 48.6476348, 46.6002762 ], [ 48.64525, 46.60456 ], [ 48.63851, 46.60897 ], [ 48.63504, 46.6073 ], [ 48.6264728, 46.6038788 ], [ 48.626, 46.60369 ], [ 48.6255875, 46.6034967 ], [ 48.61738, 46.59965 ], [ 48.60299, 46.6012 ], [ 48.58526, 46.60494 ], [ 48.57691, 46.60605 ], [ 48.5664794, 46.6066101 ], [ 48.55869, 46.60828 ], [ 48.5496185, 46.6148294 ], [ 48.54308, 46.61955 ], [ 48.5426965, 46.6208893 ], [ 48.54184, 46.62388 ], [ 48.54803, 46.63812 ], [ 48.5436601, 46.6451099 ], [ 48.5434088, 46.6452127 ], [ 48.53503, 46.64864 ], [ 48.5206085, 46.648527 ], [ 48.51971, 46.64852 ], [ 48.50966, 46.64803 ], [ 48.49913, 46.65174 ], [ 48.48861, 46.65484 ], [ 48.48071, 46.65768 ], [ 48.4803071, 46.6630799 ], [ 48.47999, 46.66733 ], [ 48.48145, 46.67872 ], [ 48.4846796, 46.6813309 ], [ 48.48761, 46.6837 ], [ 48.4892264, 46.6877429 ], [ 48.49202, 46.69473 ], [ 48.4939037, 46.7019683 ], [ 48.49526, 46.70718 ], [ 48.49764, 46.7144 ], [ 48.5036518, 46.7233279 ], [ 48.50467, 46.72484 ], [ 48.5056604, 46.7260552 ], [ 48.5115, 46.73322 ], [ 48.52303, 46.73864 ], [ 48.5346021, 46.744675 ], [ 48.55045, 46.75294 ], [ 48.5710133, 46.7679793 ], [ 48.573119, 46.7695192 ], [ 48.5737612, 46.7698695 ], [ 48.58123, 46.77394 ], [ 48.5863998, 46.7743409 ], [ 48.59232, 46.7748 ], [ 48.6097091, 46.7749015 ], [ 48.61801, 46.77495 ], [ 48.6277401, 46.7742224 ], [ 48.64315, 46.77307 ], [ 48.6505079, 46.7721063 ], [ 48.65697, 46.77126 ], [ 48.680801699999989, 46.7586056 ], [ 48.6882702, 46.7546392 ], [ 48.6906696, 46.7437342 ], [ 48.69464, 46.72569 ], [ 48.70638, 46.72008 ], [ 48.7161211, 46.7133937 ], [ 48.73189, 46.70257 ], [ 48.7402594, 46.6962521 ], [ 48.75135, 46.68788 ], [ 48.7566344, 46.6864991 ], [ 48.76107, 46.68534 ], [ 48.78163, 46.68456 ], [ 48.7945001, 46.684239399999989 ], [ 48.8009, 46.68408 ], [ 48.82621, 46.68421 ], [ 48.91406, 46.69314 ], [ 48.93446, 46.70633 ], [ 48.9470475, 46.7125504 ], [ 48.95591, 46.71693 ], [ 48.97366, 46.73323 ], [ 48.99282, 46.75014 ], [ 49.00207, 46.75861 ], [ 49.0041307, 46.7640248 ], [ 49.00532, 46.76715 ], [ 49.0024273, 46.7753021 ], [ 48.99894, 46.78513 ], [ 48.9878963, 46.808525 ], [ 48.98509, 46.81447 ], [ 48.97095, 46.83513 ], [ 48.9497307, 46.8553872 ], [ 48.93522, 46.86924 ], [ 48.9138588, 46.8874487 ], [ 48.90981, 46.8909 ], [ 48.89283, 46.90412 ], [ 48.87371, 46.92867 ], [ 48.8500562, 46.948161 ], [ 48.82757, 46.96669 ], [ 48.80269, 46.99105 ], [ 48.78133, 47.01088 ], [ 48.7771889, 47.018783 ], [ 48.76877, 47.03485 ], [ 48.7563995, 47.0531152 ], [ 48.73364, 47.08672 ], [ 48.71201, 47.12716 ], [ 48.68544, 47.16874 ], [ 48.66138, 47.20905 ], [ 48.64324, 47.25159 ], [ 48.62567, 47.31311 ], [ 48.61721, 47.36525 ], [ 48.6077587, 47.4144599 ], [ 48.5927159, 47.4138513 ], [ 48.58947, 47.41372 ], [ 48.53639, 47.4123 ], [ 48.47304, 47.41613 ], [ 48.4286889, 47.4221531 ], [ 48.42746, 47.42232 ], [ 48.4224423, 47.4235291 ], [ 48.38069, 47.43359 ], [ 48.378335, 47.4377858 ], [ 48.37753, 47.43922 ], [ 48.3686777, 47.4464628 ], [ 48.36598, 47.44867 ], [ 48.35852, 47.46205 ], [ 48.34084, 47.48138 ], [ 48.3287854, 47.4949326 ], [ 48.3171, 47.50807 ], [ 48.289971, 47.5339413 ], [ 48.27784, 47.54551 ], [ 48.26821, 47.56127 ], [ 48.26089, 47.57646 ], [ 48.24799, 47.5935 ], [ 48.2336791, 47.6170111 ], [ 48.2320195, 47.6189937 ], [ 48.21698, 47.63696 ], [ 48.19977, 47.65876 ], [ 48.18895, 47.6707078 ], [ 48.18231, 47.67804 ], [ 48.1760086, 47.6824829 ], [ 48.16295, 47.69169 ], [ 48.1495702, 47.7017202 ], [ 48.13447, 47.71304 ], [ 48.1289279, 47.7156954 ], [ 48.12345, 47.71832 ], [ 48.11833, 47.72151 ], [ 48.0860049, 47.7408459 ], [ 48.08334, 47.74244 ], [ 48.06984, 47.75398 ], [ 48.05825, 47.76065 ], [ 48.0546563, 47.7619148 ], [ 48.05234, 47.76273 ], [ 48.04404, 47.76468 ], [ 48.0177892, 47.7660564 ], [ 48.00151, 47.76691 ], [ 47.97317, 47.76122 ], [ 47.96102, 47.75806 ], [ 47.9311253, 47.7560687 ], [ 47.91223, 47.75481 ], [ 47.8539, 47.751 ], [ 47.8082208, 47.747805 ], [ 47.78942, 47.74649 ], [ 47.7830912, 47.7464564 ], [ 47.73854, 47.74622 ], [ 47.70722, 47.74471 ], [ 47.6872514, 47.74503 ], [ 47.66678, 47.74742 ], [ 47.6001033, 47.7629153 ], [ 47.583, 47.76689 ], [ 47.55304, 47.77352 ], [ 47.521876, 47.7817945 ], [ 47.50792, 47.7855 ], [ 47.4731062, 47.7939982 ], [ 47.4570405, 47.7979199 ], [ 47.42728, 47.81136 ], [ 47.41199, 47.81535 ], [ 47.4082314, 47.8150301 ], [ 47.40668, 47.8125793 ], [ 47.4067689, 47.8110534 ], [ 47.40696, 47.80777 ], [ 47.4072434, 47.80248 ], [ 47.4075, 47.79769 ], [ 47.4100719, 47.787791 ], [ 47.3995, 47.73281 ], [ 47.3981071, 47.7287206 ], [ 47.38173, 47.68064 ], [ 47.37697, 47.67624 ], [ 47.3743146, 47.6765521 ], [ 47.37127, 47.67691 ], [ 47.3589, 47.68308 ], [ 47.34573, 47.68767 ], [ 47.3275572, 47.6957837 ], [ 47.31565, 47.7011 ], [ 47.27086, 47.71711 ], [ 47.2447985, 47.7289621 ], [ 47.21525, 47.7424 ], [ 47.19677, 47.74876 ], [ 47.17431, 47.76075 ], [ 47.13882, 47.78849 ], [ 47.128514, 47.8004313 ], [ 47.11544, 47.81558 ], [ 47.11902, 47.81798 ], [ 47.1225419, 47.8205414 ], [ 47.12441, 47.8219 ], [ 47.1423221, 47.8265301 ], [ 47.15799, 47.83058 ], [ 47.16187, 47.83684 ], [ 47.160182299999988, 47.8386022 ], [ 47.15779, 47.8411 ], [ 47.15217, 47.84747 ], [ 47.1459327, 47.8563264 ], [ 47.14574, 47.8566 ], [ 47.13706, 47.86741 ], [ 47.10875, 47.89696 ], [ 47.07072, 47.9467 ], [ 47.0371484, 47.9786082 ], [ 47.02087, 47.99408 ], [ 47.0186919, 47.9980845 ], [ 47.0176502, 48.0000001 ], [ 47.08767, 48.02261 ], [ 47.09896, 48.02587 ], [ 47.1346522, 48.038282 ], [ 47.1394188, 48.0399396 ], [ 47.1469371, 48.0476173 ], [ 47.1596, 48.06055 ], [ 47.16715, 48.06272 ], [ 47.1783733, 48.0610097 ], [ 47.19622, 48.05829 ], [ 47.19881, 48.05983 ], [ 47.20744, 48.0743 ], [ 47.2076526, 48.0767211 ], [ 47.2078, 48.0784 ], [ 47.1969315, 48.0825936 ], [ 47.1959288, 48.0829803 ], [ 47.1951977, 48.0831431 ], [ 47.18834, 48.08467 ], [ 47.1400476, 48.0953852 ], [ 47.09712, 48.10491 ], [ 47.09184, 48.11498 ], [ 47.0947501, 48.1224725 ], [ 47.09499, 48.12309 ], [ 47.0956416, 48.123992 ], [ 47.1187, 48.15591 ], [ 47.1183088, 48.1605795 ], [ 47.11823, 48.16152 ], [ 47.11627, 48.18479 ], [ 47.1134115, 48.190062 ], [ 47.1067, 48.20244 ], [ 47.1039113, 48.2050694 ], [ 47.0976, 48.21102 ], [ 47.06509, 48.21966 ], [ 47.0484561, 48.225255 ], [ 47.03756, 48.22892 ], [ 47.01501, 48.25362 ], [ 46.994, 48.26757 ], [ 46.9374233, 48.3141596 ], [ 46.92706, 48.32269 ], [ 46.9249414, 48.3268815 ], [ 46.9303, 48.33255 ], [ 46.9316982, 48.3340409 ], [ 46.92459, 48.33759 ], [ 46.90866, 48.33899 ], [ 46.87641, 48.33687 ], [ 46.8456634, 48.3415487 ], [ 46.8057, 48.34763 ], [ 46.77182, 48.35623 ], [ 46.7664593, 48.3580632 ], [ 46.75445, 48.36217 ], [ 46.67802, 48.38827 ], [ 46.58301, 48.41404 ], [ 46.5802547, 48.4147896 ], [ 46.57757, 48.41552 ], [ 46.552041, 48.4212403 ], [ 46.52165, 48.42805 ], [ 46.4918603, 48.4430105 ], [ 46.5146521, 48.4890353 ], [ 46.51511, 48.48996 ], [ 46.51927, 48.49756 ], [ 46.5691154, 48.5883035 ], [ 46.58406, 48.61551 ], [ 46.60125, 48.6467 ], [ 46.6182235, 48.6731386 ], [ 46.65582, 48.7317 ], [ 46.6678223, 48.75034 ], [ 46.6690214, 48.7522027 ], [ 46.71903, 48.85006 ], [ 46.7209101, 48.8528573 ], [ 46.77849, 48.93853 ], [ 46.79362, 48.9455768 ], [ 46.80316, 48.95002 ], [ 46.81378, 48.95363 ], [ 46.8392071, 48.9622588 ], [ 46.85586, 48.96791 ], [ 46.926451, 48.9987887 ], [ 46.93761, 49.00367 ], [ 46.96759, 49.02604 ], [ 46.9703454, 49.0280921 ], [ 46.97233, 49.02957 ], [ 47.00376, 49.06052 ], [ 47.0351669, 49.113112199999989 ], [ 47.0357388, 49.1129202 ], [ 47.0513427, 49.1655883 ], [ 46.9961856, 49.2323959 ], [ 46.9145839, 49.2829047 ], [ 46.8375881, 49.3194078 ], [ 46.7946043, 49.3351938 ], [ 46.7822421, 49.3398769 ], [ 46.8058804, 49.4292587 ], [ 46.811248299999988, 49.4607956 ], [ 46.8293247, 49.5656043 ], [ 46.8389238, 49.5657376 ], [ 46.837222, 49.6065712 ], [ 46.8443434, 49.6065057 ], [ 46.8578914, 49.6435781 ], [ 46.8587989, 49.6519011 ], [ 46.8702191, 49.7429627 ], [ 46.8934547, 49.8302001 ], [ 46.9025552, 49.8637806 ], [ 46.929524199999989, 49.8746858 ], [ 46.9573512, 49.8713455 ], [ 47.1259361, 49.919043 ], [ 47.182462, 49.934959299999989 ], [ 47.2132489, 49.9638756 ], [ 47.2328183, 49.9822388 ], [ 47.2432226, 49.9919773 ], [ 47.2445572, 49.9934336 ], [ 47.253191, 50.0013208 ], [ 47.2641948, 50.0116243 ], [ 47.2768106, 50.0234326 ], [ 47.290341, 50.0361003 ], [ 47.3026671, 50.0476132 ], [ 47.3169163, 50.0609228 ], [ 47.3213875, 50.0636718 ], [ 47.3308423, 50.0725434 ], [ 47.3429525, 50.0838677 ], [ 47.3535466, 50.0943422 ], [ 47.3263657, 50.1376815 ], [ 47.3177129, 50.152013599999989 ], [ 47.2989804, 50.1643484 ], [ 47.2774299, 50.1785753 ], [ 47.2574733, 50.1917462 ], [ 47.2721306, 50.2004514 ], [ 47.2862139, 50.2088142 ], [ 47.3127445, 50.2245644 ], [ 47.3354182, 50.2380208 ], [ 47.3192062, 50.2497215 ], [ 47.3100498, 50.2563238 ], [ 47.3020113, 50.2621095 ], [ 47.2954157, 50.2745821 ], [ 47.2920173, 50.2836803 ], [ 47.2982776, 50.2983404 ], [ 47.3001498, 50.3027676 ], [ 47.3003385, 50.3032138 ], [ 47.3012434, 50.303188 ], [ 47.3031057, 50.3036168 ], [ 47.3049256, 50.3035894 ], [ 47.3054741, 50.3040565 ], [ 47.3051085, 50.3046988 ], [ 47.3052456, 50.3056038 ], [ 47.3074395, 50.3061 ], [ 47.307668, 50.3074137 ], [ 47.3068453, 50.308085 ], [ 47.3065711, 50.3090775 ], [ 47.3080337, 50.3086689 ], [ 47.3099533, 50.3085229 ], [ 47.3108675, 50.3090483 ], [ 47.3105475, 50.3103035 ], [ 47.3112788, 50.3108289 ], [ 47.3119187, 50.310537 ], [ 47.3138841, 50.3102743 ], [ 47.3155752, 50.3113543 ], [ 47.3158038, 50.3126094 ], [ 47.3170835, 50.3133099 ], [ 47.3170378, 50.314565 ], [ 47.3184547, 50.3150611 ], [ 47.3206486, 50.314565 ], [ 47.3215171, 50.3160535 ], [ 47.3223398, 50.3160243 ], [ 47.3232996, 50.3167247 ], [ 47.324945, 50.3173668 ], [ 47.3243509, 50.3180089 ], [ 47.3242595, 50.3191763 ], [ 47.3248993, 50.3196724 ], [ 47.326819, 50.3195557 ], [ 47.3267733, 50.3211607 ], [ 47.3280531, 50.3222405 ], [ 47.3286473, 50.3235829 ], [ 47.3316182, 50.3238163 ], [ 47.331801, 50.324662499999988 ], [ 47.3323038, 50.3251586 ], [ 47.3340406, 50.3250711 ], [ 47.3345891, 50.3254212 ], [ 47.334452, 50.3262675 ], [ 47.3351376, 50.326851 ], [ 47.3359146, 50.3270261 ], [ 47.3367761, 50.3273839 ], [ 47.3372013, 50.3281362 ], [ 47.3385939, 50.3285946 ], [ 47.3388768, 50.3291225 ], [ 47.3379629, 50.3300254 ], [ 47.3379629, 50.3306922 ], [ 47.3398778, 50.3319562 ], [ 47.341009299999989, 50.332234 ], [ 47.3417057, 50.3319979 ], [ 47.3418362, 50.3316229 ], [ 47.341139899999988, 50.3310533 ], [ 47.3409441, 50.330206 ], [ 47.3420538, 50.3297476 ], [ 47.3433812, 50.3297337 ], [ 47.3454702, 50.3290808 ], [ 47.3459707, 50.3283168 ], [ 47.3470587, 50.3280945 ], [ 47.3474722, 50.328414 ], [ 47.3473851, 50.3301782 ], [ 47.3489301, 50.3303727 ], [ 47.3513455, 50.3299837 ], [ 47.3519983, 50.3294281 ], [ 47.3535651, 50.3289002 ], [ 47.354936, 50.3290947 ], [ 47.3550013, 50.3301088 ], [ 47.3564592, 50.3304977 ], [ 47.3588909, 50.329824 ], [ 47.3603598, 50.329824 ], [ 47.3606862, 50.3294767 ], [ 47.3637326, 50.3290773 ], [ 47.3654462, 50.3290426 ], [ 47.3664255, 50.3295635 ], [ 47.3662351, 50.3308137 ], [ 47.3679215, 50.3308311 ], [ 47.3688735, 50.3316645 ], [ 47.3701617, 50.3325223 ], [ 47.371241, 50.3317666 ], [ 47.3725815, 50.3323667 ], [ 47.3729993, 50.3328779 ], [ 47.3736434, 50.3329223 ], [ 47.375715, 50.3298775 ], [ 47.3777256, 50.3284939 ], [ 47.3786178, 50.328605 ], [ 47.3799669, 50.327966 ], [ 47.3813596, 50.3281188 ], [ 47.3830569, 50.3281049 ], [ 47.3835139, 50.3288134 ], [ 47.3829481, 50.3295635 ], [ 47.383535599999988, 50.3302998 ], [ 47.3847977, 50.3301053 ], [ 47.3873981, 50.3312686 ], [ 47.3894381, 50.3313207 ], [ 47.3904446, 50.3317895 ], [ 47.3910974, 50.3336995 ], [ 47.3921854, 50.3338904 ], [ 47.3932734, 50.3336126 ], [ 47.3944158, 50.3341509 ], [ 47.3959391, 50.334203 ], [ 47.3971903, 50.3335953 ], [ 47.3988223, 50.3337515 ], [ 47.4002095, 50.3355919 ], [ 47.40176, 50.3356267 ], [ 47.4026032, 50.3351579 ], [ 47.4039632, 50.3350537 ], [ 47.405432, 50.3361996 ], [ 47.4066832, 50.3363732 ], [ 47.4070913, 50.3371892 ], [ 47.4070097, 50.3377795 ], [ 47.4059488, 50.3383697 ], [ 47.4055136, 50.3390294 ], [ 47.406248, 50.3394114 ], [ 47.4083969, 50.340453 ], [ 47.4095937, 50.3407655 ], [ 47.4099473, 50.3412342 ], [ 47.4098385, 50.3422584 ], [ 47.4113617, 50.3433173 ], [ 47.4116065, 50.3439943 ], [ 47.4107633, 50.3453482 ], [ 47.4114433, 50.3462161 ], [ 47.4126946, 50.3468931 ], [ 47.4131026, 50.3473791 ], [ 47.4131026, 50.3481776 ], [ 47.412508, 50.3491529 ], [ 47.4129517, 50.3502168 ], [ 47.4125334, 50.3515118 ], [ 47.4151671, 50.3528167 ], [ 47.4158178, 50.3540078 ], [ 47.4153607, 50.3545515 ], [ 47.415748, 50.3550457 ], [ 47.4152678, 50.3554411 ], [ 47.4155089, 50.35921 ], [ 47.4188617, 50.3649797 ], [ 47.4308404, 50.3770576 ], [ 47.4316374, 50.3778618 ], [ 47.452574399999989, 50.398985 ], [ 47.4650815, 50.4115738 ], [ 47.4723637, 50.4199281 ], [ 47.4736029, 50.4209535 ], [ 47.4749494, 50.421526 ], [ 47.4875531, 50.4256563 ], [ 47.5049445, 50.4327489 ], [ 47.5141579, 50.4389384 ], [ 47.5276226, 50.4499728 ], [ 47.534536, 50.4553916 ], [ 47.5416847, 50.4606519 ], [ 47.5681803, 50.4618993 ], [ 47.5937927, 50.4630945 ], [ 47.6107711, 50.4638799 ], [ 47.6125408, 50.4639626 ], [ 47.6110929, 50.4623534 ], [ 47.611098, 50.4618794 ], [ 47.6108351, 50.4597734 ], [ 47.6123687, 50.4581136 ], [ 47.6136679, 50.4575789 ], [ 47.6143087, 50.4574349 ], [ 47.6152763, 50.4574281 ], [ 47.6160419, 50.4575807 ], [ 47.6167161, 50.4579781 ], [ 47.6178824, 50.4582901 ], [ 47.6188089, 50.4587206 ], [ 47.6212247, 50.4593972 ], [ 47.6230533, 50.4598923 ], [ 47.6240674, 50.4600676 ], [ 47.6247286, 50.4600594 ], [ 47.6267342, 50.4590713 ], [ 47.6329568, 50.4566441 ], [ 47.6354296, 50.4558191 ], [ 47.6366816, 50.4557354 ], [ 47.637382699999989, 50.4552093 ], [ 47.6373709, 50.4546714 ], [ 47.6370134, 50.4543125 ], [ 47.6360783, 50.4536198 ], [ 47.6360677, 50.4529834 ], [ 47.6364716, 50.4524018 ], [ 47.637326, 50.4522341 ], [ 47.638089799999989, 50.4521424 ], [ 47.6394038, 50.4520521 ], [ 47.6401055, 50.4517877 ], [ 47.6406001, 50.4514528 ], [ 47.6409426, 50.4507284 ], [ 47.6405812, 50.4503193 ], [ 47.6393167, 50.4501255 ], [ 47.6376515, 50.4500019 ], [ 47.6347343, 50.4499461 ], [ 47.6334385, 50.4496152 ], [ 47.626139, 50.449221 ], [ 47.6251626, 50.4488165 ], [ 47.6248753, 50.4481936 ], [ 47.6253787, 50.4475072 ], [ 47.6278733, 50.4454455 ], [ 47.6303987, 50.4436912 ], [ 47.6314165, 50.4434707 ], [ 47.6325495, 50.4432833 ], [ 47.6337578, 50.4433351 ], [ 47.6351663, 50.4429923 ], [ 47.6388439, 50.4422361 ], [ 47.6397174, 50.4424102 ], [ 47.6406126, 50.4428687 ], [ 47.6413325, 50.4437577 ], [ 47.6417895, 50.4442122 ], [ 47.6423404, 50.444256 ], [ 47.6431605, 50.4443438 ], [ 47.6438251, 50.4446418 ], [ 47.6463013, 50.4479742 ], [ 47.6479098, 50.4483627 ], [ 47.6490191, 50.4481861 ], [ 47.6499066, 50.4469499 ], [ 47.6493519, 50.4441596 ], [ 47.6496623, 50.44181 ], [ 47.6486863, 50.4406272 ], [ 47.6450429, 50.4414756 ], [ 47.6423648, 50.4406701 ], [ 47.6427506, 50.4377815 ], [ 47.6403478, 50.435888 ], [ 47.6406182, 50.4348605 ], [ 47.6454138, 50.4334204 ], [ 47.6457466, 50.4308766 ], [ 47.6482981, 50.4296046 ], [ 47.652458, 50.4297459 ], [ 47.6550648, 50.4290039 ], [ 47.656396, 50.4273786 ], [ 47.652104, 50.4251385 ], [ 47.6514532, 50.4237691 ], [ 47.6517985, 50.4229253 ], [ 47.6533174, 50.4217563 ], [ 47.6544248, 50.4214659 ], [ 47.6552955, 50.4215569 ], [ 47.6586682, 50.4225089 ], [ 47.6619429, 50.4231059 ], [ 47.6654179, 50.4231742 ], [ 47.6694015, 50.4230357 ], [ 47.67149, 50.4225451 ], [ 47.6727064, 50.4220205 ], [ 47.6727639, 50.4216023 ], [ 47.6730477, 50.4214215 ], [ 47.6738089, 50.4211173 ], [ 47.6747571, 50.4208584 ], [ 47.675086, 50.4205749 ], [ 47.6751988, 50.4202758 ], [ 47.6748134, 50.4189096 ], [ 47.6729377, 50.4176152 ], [ 47.6722877, 50.4173329 ], [ 47.6691666, 50.4174067 ], [ 47.666213, 50.4172123 ], [ 47.6648405, 50.417452 ], [ 47.6630675, 50.4174776 ], [ 47.6621082, 50.4169442 ], [ 47.6612215, 50.41554 ], [ 47.6614821, 50.413444 ], [ 47.6614821, 50.4121472 ], [ 47.6618719, 50.4111329 ], [ 47.6627344, 50.4098528 ], [ 47.6633854, 50.4085547 ], [ 47.6658366, 50.4073406 ], [ 47.669968, 50.4046939 ], [ 47.6741682, 50.4028941 ], [ 47.6769676, 50.4007502 ], [ 47.6796126, 50.4002775 ], [ 47.6830029, 50.400428 ], [ 47.6855063, 50.4003072 ], [ 47.6865971, 50.399792 ], [ 47.6871804, 50.3992893 ], [ 47.6879167, 50.3974257 ], [ 47.6892466, 50.3958033 ], [ 47.6935073, 50.3941866 ], [ 47.6981401, 50.3921083 ], [ 47.6994485, 50.3917662 ], [ 47.7025831, 50.390887 ], [ 47.707073, 50.3904929 ], [ 47.710853, 50.3894262 ], [ 47.7151289, 50.3883594 ], [ 47.7198385, 50.3885175 ], [ 47.7256574, 50.3880668 ], [ 47.7281855, 50.3875196 ], [ 47.731718, 50.38599 ], [ 47.7332846, 50.3844732 ], [ 47.7339809, 50.3812174 ], [ 47.7360116, 50.3804404 ], [ 47.7375781, 50.3804404 ], [ 47.740073, 50.3799224 ], [ 47.7412794, 50.3793455 ], [ 47.7433222, 50.3783684 ], [ 47.7445986, 50.3770364 ], [ 47.7461652, 50.3746682 ], [ 47.7466294, 50.372892 ], [ 47.7459911, 50.3715598 ], [ 47.7443666, 50.3704126 ], [ 47.7409433, 50.3693394 ], [ 47.7396669, 50.3680441 ], [ 47.7397912, 50.3656837 ], [ 47.7405345, 50.3645688 ], [ 47.7414158, 50.3638847 ], [ 47.7443168, 50.3629964 ], [ 47.7451291, 50.3621451 ], [ 47.745013, 50.3604425 ], [ 47.7440847, 50.3577403 ], [ 47.7443748, 50.3556303 ], [ 47.7462834, 50.3540779 ], [ 47.753103, 50.3517879 ], [ 47.7583625, 50.3496464 ], [ 47.7605941, 50.3482224 ], [ 47.761624, 50.3464698 ], [ 47.7624506, 50.3409821 ], [ 47.7627193, 50.3407211 ], [ 47.7634344, 50.3400265 ], [ 47.7663367, 50.3394989 ], [ 47.7717293, 50.3393096 ], [ 47.7786606, 50.3397479 ], [ 47.7815788, 50.3396404 ], [ 47.78394, 50.3380341 ], [ 47.7851416, 50.3357332 ], [ 47.7866866, 50.33398 ], [ 47.7894332, 50.3331034 ], [ 47.7923514, 50.3327747 ], [ 47.7959563, 50.3333226 ], [ 47.8002478, 50.334747 ], [ 47.8019644, 50.3346375 ], [ 47.8040244, 50.3340896 ], [ 47.8060843, 50.3322268 ], [ 47.8078009, 50.330364 ], [ 47.8112342, 50.3295969 ], [ 47.8165557, 50.3300352 ], [ 47.8218477, 50.3314227 ], [ 47.8251934, 50.3313401 ], [ 47.8278887, 50.3303269 ], [ 47.8284003, 50.3277339 ], [ 47.8277137, 50.3267476 ], [ 47.826512, 50.3243366 ], [ 47.8258254, 50.3207198 ], [ 47.8246237, 50.3187469 ], [ 47.8223921, 50.317322 ], [ 47.819341, 50.3161307 ], [ 47.8186964, 50.3148299 ], [ 47.8194478, 50.3130201 ], [ 47.8222625, 50.311783 ], [ 47.8278853, 50.3122795 ], [ 47.8321768, 50.3117314 ], [ 47.8373267, 50.3104159 ], [ 47.8491713, 50.3042764 ], [ 47.8531195, 50.3018642 ], [ 47.8546645, 50.2979167 ], [ 47.8567244, 50.2950655 ], [ 47.859814299999989, 50.2924336 ], [ 47.8659941, 50.2893627 ], [ 47.870114, 50.2859626 ], [ 47.8718306, 50.2831108 ], [ 47.881787, 50.2743347 ], [ 47.8829886, 50.2722501 ], [ 47.8857352, 50.2685197 ], [ 47.8876235, 50.267203 ], [ 47.8915717, 50.265557 ], [ 47.8951766, 50.2647889 ], [ 47.8984381, 50.2628137 ], [ 47.9058196, 50.2585337 ], [ 47.9109694, 50.2544729 ], [ 47.913201, 50.252607 ], [ 47.9162544, 50.2520812 ], [ 47.9202507, 50.2514845 ], [ 47.925389, 50.2496433 ], [ 47.9319121, 50.247887 ], [ 47.9353453, 50.2461306 ], [ 47.9377486, 50.244484 ], [ 47.9387786, 50.2425079 ], [ 47.938091899999989, 50.2400926 ], [ 47.9362036, 50.2362498 ], [ 47.936032, 50.2342734 ], [ 47.9372336, 50.2326263 ], [ 47.9399226, 50.2316988 ], [ 47.9483916, 50.2295516 ], [ 47.9514815, 50.2280142 ], [ 47.9531981, 50.2263669 ], [ 47.9531981, 50.2242802 ], [ 47.952683099999987, 50.2224132 ], [ 47.9506232, 50.2199968 ], [ 47.9504515, 50.2164819 ], [ 47.9502799, 50.2130766 ], [ 47.9522578, 50.2109139 ], [ 47.957146, 50.2085113 ], [ 47.9608532, 50.2036734 ], [ 47.95412, 50.1972053 ], [ 47.9244844, 50.1730077 ], [ 47.8851328, 50.1496579 ], [ 47.9182358, 50.1173286 ], [ 47.9515419, 50.1544685 ], [ 47.9862504, 50.1737246 ], [ 47.98714, 50.17052 ], [ 47.98607, 50.16067 ], [ 47.9892743, 50.1509491 ], [ 47.9899302, 50.1489599 ], [ 47.9905121, 50.1485819 ], [ 47.9911, 50.1482 ], [ 47.9981375, 50.1436542 ], [ 48.00912, 50.13656 ], [ 48.0169297, 50.1332039 ], [ 48.02627, 50.12919 ], [ 48.0421615, 50.1103397 ], [ 48.08482, 50.10181 ], [ 48.09648, 50.09138 ], [ 48.097396, 50.0889247 ], [ 48.10844, 50.05932 ], [ 48.1161229, 50.0456454 ], [ 48.1168901, 50.0442796 ], [ 48.1183103, 50.0398061 ], [ 48.13017, 50.00245 ], [ 48.1299, 50.0 ], [ 48.1292602, 49.9942416 ], [ 48.14834, 49.98182 ], [ 48.15052, 49.97842 ], [ 48.1516, 49.96518 ], [ 48.16304, 49.9531 ], [ 48.1685829, 49.950449 ], [ 48.17569, 49.94705 ], [ 48.18972, 49.94033 ], [ 48.2118273, 49.915139 ], [ 48.21689, 49.90937 ], [ 48.2234, 49.89917 ], [ 48.2237973, 49.8942535 ], [ 48.22447, 49.88593 ], [ 48.21791, 49.87305 ], [ 48.23004, 49.86753 ], [ 48.2331484, 49.8683573 ], [ 48.2353, 49.86893 ], [ 48.23707, 49.8688486 ], [ 48.24291, 49.86858 ], [ 48.2706022, 49.8626803 ], [ 48.272810299999989, 49.8622102 ], [ 48.2730368, 49.862336299999988 ], [ 48.27563, 49.86378 ], [ 48.2774392, 49.8647911 ], [ 48.28098, 49.86677 ], [ 48.2888585, 49.8693327 ], [ 48.29423, 49.87108 ], [ 48.31181, 49.86859 ], [ 48.3251501, 49.85147 ], [ 48.3300065, 49.8512339 ], [ 48.33276, 49.8511 ], [ 48.3399989, 49.8474506 ], [ 48.3435598, 49.8340907 ], [ 48.34806, 49.82892 ], [ 48.3596677, 49.8311191 ], [ 48.36891, 49.83287 ], [ 48.37709, 49.83742 ], [ 48.3937, 49.82672 ], [ 48.3949, 49.81512 ], [ 48.39854, 49.81425 ], [ 48.42455, 49.80708 ], [ 48.4297737, 49.8099802 ], [ 48.43089, 49.8106 ], [ 48.43273, 49.81162 ], [ 48.42919, 49.82499 ], [ 48.43326, 49.83798 ], [ 48.57085, 49.87735 ], [ 48.6095223, 49.8883715 ], [ 48.64464, 49.89838 ], [ 48.7080066, 49.918275 ], [ 48.735, 49.92675 ], [ 48.74459, 49.93283 ], [ 48.85086, 50.0 ], [ 48.8628, 50.00754 ], [ 48.8706321, 50.0128988 ], [ 48.87401, 50.01521 ], [ 48.8751695, 50.0178762 ], [ 48.8775494, 50.0233511 ], [ 48.85479, 50.06572 ], [ 48.8532385, 50.0776188 ], [ 48.8521887, 50.0856603 ], [ 48.8413791, 50.0880149 ], [ 48.83222, 50.09001 ], [ 48.8052075, 50.0924469 ], [ 48.7891, 50.0939 ], [ 48.7773235, 50.0973667 ], [ 48.76189, 50.10191 ], [ 48.75526, 50.1105 ], [ 48.7575098, 50.1285386 ], [ 48.7625656, 50.1326535 ], [ 48.76894, 50.13784 ], [ 48.7706486, 50.142471099999987 ], [ 48.77671, 50.1589 ], [ 48.77938, 50.18021 ], [ 48.77906, 50.18076 ], [ 48.76458, 50.20572 ], [ 48.71683, 50.25602 ], [ 48.70043, 50.28986 ], [ 48.69914, 50.2945 ], [ 48.6962635, 50.3048614 ], [ 48.68974, 50.32836 ], [ 48.6882932, 50.3442745 ], [ 48.68537, 50.37643 ], [ 48.67368, 50.41891 ], [ 48.65863, 50.47348 ], [ 48.63606, 50.54227 ], [ 48.65021, 50.57291 ], [ 48.63875, 50.58503 ], [ 48.6380397, 50.5877222 ], [ 48.63522, 50.59841 ], [ 48.5706114, 50.621419499999988 ], [ 48.56747, 50.62524 ], [ 48.55932, 50.6351701 ], [ 48.55834, 50.64842 ], [ 48.5784, 50.66393 ], [ 48.59965, 50.66783 ], [ 48.62873, 50.66349 ], [ 48.6291027, 50.6634349 ], [ 48.63279, 50.66289 ], [ 48.67598, 50.63432 ], [ 48.70053, 50.62319 ], [ 48.72095, 50.6205 ], [ 48.7761689, 50.6192874 ], [ 48.7778699, 50.61925 ], [ 48.79558, 50.60975 ], [ 48.80932, 50.6023697 ], [ 48.81187, 50.601 ], [ 48.8200712, 50.6005798 ], [ 48.82475, 50.60034 ], [ 48.826812499999988, 50.6021036 ], [ 48.83931, 50.61279 ], [ 48.8678199, 50.6327699 ], [ 48.9036654, 50.6459275 ], [ 48.93868, 50.65878 ], [ 48.9420489, 50.6611092 ], [ 48.94866, 50.66568 ], [ 48.9558086, 50.6728488 ], [ 48.9606844, 50.6777393 ], [ 48.98306, 50.70018 ], [ 49.00157, 50.71241 ], [ 49.00968, 50.71897 ], [ 49.0548278, 50.7554636 ], [ 49.0715, 50.76894 ], [ 49.09297, 50.78347 ], [ 49.0959778, 50.7847284 ], [ 49.11919, 50.79444 ], [ 49.1260018, 50.796379 ], [ 49.14357, 50.80138 ], [ 49.1489686, 50.8021309 ], [ 49.15191, 50.80254 ], [ 49.2285817, 50.8132509 ], [ 49.24264, 50.82074 ], [ 49.2516417, 50.8293207 ], [ 49.27371, 50.83801 ], [ 49.2841789, 50.839175 ], [ 49.29357, 50.84022 ], [ 49.3078866, 50.840586 ], [ 49.33269, 50.84122 ], [ 49.33415, 50.84126 ], [ 49.37435, 50.84892 ], [ 49.3960715, 50.8545702 ], [ 49.41091, 50.85843 ], [ 49.4152866, 50.8616523 ], [ 49.4181901, 50.8637906 ], [ 49.4188267, 50.8664886 ], [ 49.42146, 50.87765 ], [ 49.4137616, 50.8934182 ], [ 49.41234, 50.89633 ], [ 49.39194, 50.92621 ], [ 49.37008, 50.95816 ], [ 49.3592512, 50.9691907 ], [ 49.35292, 50.97564 ], [ 49.3470866, 50.9773579 ], [ 49.3391, 50.97971 ], [ 49.3259686, 50.9887699 ], [ 49.32478, 50.98959 ], [ 49.3238871, 50.9946907 ], [ 49.32332, 50.99793 ], [ 49.3313, 51.00823 ], [ 49.35523, 51.03116 ], [ 49.3725347, 51.0477233 ], [ 49.37367, 51.04881 ], [ 49.3753446, 51.0512387 ], [ 49.3786, 51.05596 ], [ 49.37574, 51.06355 ], [ 49.37125, 51.09684 ], [ 49.3824353, 51.1040354 ], [ 49.38423, 51.10519 ], [ 49.4073474, 51.1088444 ], [ 49.4151, 51.11007 ], [ 49.41554, 51.12243 ], [ 49.4163401, 51.123585 ], [ 49.4204999, 51.1295898 ], [ 49.4209161, 51.1295307 ], [ 49.42618, 51.12878 ], [ 49.4426663, 51.1264413 ], [ 49.4591, 51.12411 ], [ 49.504079, 51.1083404 ], [ 49.52514, 51.10879 ], [ 49.54442, 51.11512 ], [ 49.5584785, 51.1177994 ], [ 49.59437, 51.12464 ], [ 49.6014575, 51.1242274 ], [ 49.61378, 51.12351 ], [ 49.6261766, 51.1227971 ], [ 49.63082, 51.12253 ], [ 49.69505, 51.113 ], [ 49.7359997, 51.11472 ], [ 49.7367597, 51.1150346 ], [ 49.74998, 51.12051 ], [ 49.79175, 51.14661 ], [ 49.8007, 51.1522 ], [ 49.8180507, 51.1615678 ], [ 49.83791, 51.17229 ], [ 49.8570876, 51.1880266 ], [ 49.86795, 51.19694 ], [ 49.93419, 51.23426 ], [ 49.95228, 51.2406 ], [ 49.9846806, 51.247635 ], [ 49.98498, 51.2477 ], [ 49.9851931, 51.2477488 ], [ 50.0, 51.25114 ], [ 50.040754, 51.2604622 ], [ 50.105483, 51.2752684 ], [ 50.1169, 51.27788 ], [ 50.15582, 51.28675 ], [ 50.1793877, 51.2900935 ], [ 50.19628, 51.29249 ], [ 50.2055961, 51.293184 ], [ 50.22031, 51.29428 ], [ 50.27008, 51.3085 ], [ 50.28851, 51.31642 ], [ 50.30326, 51.32088 ], [ 50.36764, 51.34031 ], [ 50.3697855, 51.3421135 ], [ 50.372218, 51.3441583 ], [ 50.364319, 51.3478572 ], [ 50.35382, 51.35277 ], [ 50.3467344, 51.3607357 ], [ 50.3460111, 51.3615487 ], [ 50.3456692, 51.3637904 ], [ 50.34474, 51.3699 ], [ 50.3377564, 51.3744861 ], [ 50.33638, 51.37539 ], [ 50.33379, 51.38382 ], [ 50.33748, 51.39021 ], [ 50.3633, 51.40261 ], [ 50.3652225, 51.4039103 ], [ 50.37223, 51.40865 ], [ 50.3713325, 51.4175268 ], [ 50.37122, 51.41864 ], [ 50.349803599999987, 51.433241 ], [ 50.36226, 51.43658 ], [ 50.3697181, 51.4366742 ], [ 50.41054, 51.43719 ], [ 50.44844, 51.43765 ], [ 50.46063, 51.43934 ], [ 50.4624844, 51.4428032 ], [ 50.46448, 51.44653 ], [ 50.4661096, 51.456351 ], [ 50.46236, 51.46569 ], [ 50.46386, 51.47469 ], [ 50.48668, 51.47652 ], [ 50.5115794, 51.4749 ], [ 50.5121261, 51.4781697 ], [ 50.51404, 51.48963 ], [ 50.5135556, 51.4903269 ], [ 50.50558, 51.5018 ], [ 50.4978169, 51.5129468 ], [ 50.49053, 51.52341 ], [ 50.4907306, 51.5324914 ], [ 50.4916749, 51.5345713 ], [ 50.49912, 51.55097 ], [ 50.4998373, 51.5657548 ], [ 50.5002, 51.57323 ], [ 50.5065944, 51.5860462 ], [ 50.51419, 51.60127 ], [ 50.5166218, 51.6022386 ], [ 50.52132, 51.60411 ], [ 50.5284586, 51.603648 ], [ 50.5292, 51.6036 ], [ 50.53875, 51.59719 ], [ 50.5425946, 51.5991265 ], [ 50.54282, 51.59924 ], [ 50.54746, 51.60158 ], [ 50.55741, 51.61333 ], [ 50.5582017, 51.6180169 ], [ 50.5612816, 51.6362416 ], [ 50.56765, 51.64244 ], [ 50.59187, 51.64416 ], [ 50.62343, 51.64208 ], [ 50.6349874, 51.6383718 ], [ 50.64612, 51.6348 ], [ 50.6665141, 51.632 ], [ 50.6695, 51.63159 ], [ 50.6759866, 51.6311586 ], [ 50.68965, 51.63025 ], [ 50.7070205, 51.6290928 ], [ 50.7168184, 51.6284401 ], [ 50.7173509, 51.6137603 ], [ 50.71751, 51.6093609 ], [ 50.69021, 51.58967 ], [ 50.6729552, 51.5816002 ], [ 50.66855, 51.57954 ], [ 50.6669423, 51.5781516 ], [ 50.66232, 51.57416 ], [ 50.6658394, 51.5714404 ], [ 50.6703939, 51.5714533 ], [ 50.68974, 51.57151 ], [ 50.72415, 51.57492 ], [ 50.7346201, 51.5759522 ], [ 50.7545815, 51.5779218 ], [ 50.76299, 51.58811 ], [ 50.7723727, 51.5908128 ], [ 50.776977, 51.5921391 ], [ 50.78074, 51.5985 ], [ 50.7881098, 51.6484784 ], [ 50.79333, 51.65557 ], [ 50.7931563, 51.6588306 ], [ 50.79302, 51.66139 ], [ 50.7825079, 51.6666109 ], [ 50.77955, 51.66808 ], [ 50.77337, 51.66961 ], [ 50.75658, 51.67376 ], [ 50.73766, 51.68744 ], [ 50.7368465, 51.689764 ], [ 50.7341, 51.69761 ], [ 50.73102, 51.72594 ], [ 50.73541, 51.75129 ], [ 50.7431, 51.76485 ], [ 50.747486, 51.7655497 ], [ 50.75407, 51.7666 ], [ 50.7586964, 51.7665089 ], [ 50.7713424, 51.7662589 ], [ 50.791486399999989, 51.7603472 ], [ 50.80422, 51.75661 ], [ 50.832101, 51.7484046 ], [ 50.86263, 51.73942 ], [ 50.8664041, 51.733729 ], [ 50.86895, 51.72989 ], [ 50.872108, 51.7223572 ], [ 50.87645, 51.712 ], [ 50.88456, 51.68248 ], [ 50.88954, 51.68049 ], [ 50.9065583, 51.6804626 ], [ 50.9268, 51.68043 ], [ 50.96407, 51.68035 ], [ 51.0063, 51.67826 ], [ 51.0095303, 51.679713 ], [ 51.0222399, 51.68543 ], [ 51.031, 51.68234 ], [ 51.04779, 51.67207 ], [ 51.058149, 51.6688734 ], [ 51.0616612, 51.6677902 ], [ 51.0626212, 51.6679618 ], [ 51.07358, 51.66992 ], [ 51.10157, 51.67493 ], [ 51.117515, 51.6762571 ], [ 51.1177901, 51.67628 ], [ 51.1207591, 51.6743532 ], [ 51.12494, 51.67164 ], [ 51.14818, 51.67497 ], [ 51.1483737, 51.6748188 ], [ 51.15401, 51.67042 ], [ 51.1631022, 51.6708981 ], [ 51.17417, 51.67148 ], [ 51.17537, 51.67802 ], [ 51.2466, 51.68869 ], [ 51.2507171, 51.6889038 ], [ 51.25565, 51.68916 ], [ 51.2585253, 51.6893098 ], [ 51.26678, 51.68974 ], [ 51.2829108, 51.6814425 ], [ 51.2911, 51.67723 ], [ 51.2950909, 51.6628697 ], [ 51.30646, 51.65957 ], [ 51.34573, 51.65591 ], [ 51.3585604, 51.6533276 ], [ 51.36582, 51.61388 ], [ 51.36565, 51.60991 ], [ 51.3642, 51.57673 ], [ 51.36035, 51.57038 ], [ 51.35157, 51.56605 ], [ 51.3388285, 51.5660064 ], [ 51.3077, 51.5659 ], [ 51.2784337, 51.5639424 ], [ 51.26599, 51.56311 ], [ 51.2500087, 51.5614579 ], [ 51.24703, 51.56115 ], [ 51.24204, 51.55571 ], [ 51.2428676, 51.5530077 ], [ 51.24415, 51.54882 ], [ 51.2456289, 51.5439992 ], [ 51.24619, 51.54217 ], [ 51.2574718, 51.5375771 ], [ 51.26842, 51.53312 ], [ 51.27404, 51.5259081 ], [ 51.27594, 51.52347 ], [ 51.2756889, 51.5040825 ], [ 51.2756404, 51.5003098 ], [ 51.2763293, 51.4999792 ], [ 51.28783, 51.49446 ], [ 51.3018924, 51.4920935 ], [ 51.31356, 51.49013 ], [ 51.36159, 51.49162 ], [ 51.37861, 51.49038 ], [ 51.38099, 51.49075 ], [ 51.38954, 51.49207 ], [ 51.428889, 51.4825702 ], [ 51.51914, 51.51071 ], [ 51.5331, 51.52128 ], [ 51.5355471, 51.5252994 ], [ 51.5369613, 51.5276209 ], [ 51.5445997, 51.5328515 ], [ 51.54406, 51.53618 ], [ 51.54216, 51.54795 ], [ 51.5437219, 51.5561109 ], [ 51.55399, 51.56115 ], [ 51.56594, 51.56109 ], [ 51.5670164, 51.5600111 ], [ 51.57486, 51.55215 ], [ 51.58599, 51.53392 ], [ 51.58976, 51.53281 ], [ 51.61459, 51.53759 ], [ 51.627211, 51.534159 ], [ 51.64601, 51.51452 ], [ 51.63807, 51.50611 ], [ 51.62265, 51.48976 ], [ 51.6201868, 51.4844881 ], [ 51.61816, 51.48015 ], [ 51.6282, 51.47029 ], [ 51.64912, 51.46872 ], [ 51.67, 51.47378 ], [ 51.71141, 51.48888 ], [ 51.7290144, 51.4997508 ], [ 51.74009, 51.50659 ], [ 51.74438, 51.50726 ], [ 51.7535474, 51.5086986 ], [ 51.75789, 51.50938 ], [ 51.7812742, 51.5159868 ], [ 51.79024, 51.51852 ], [ 51.7931998, 51.52131 ], [ 51.79512, 51.52312 ], [ 51.7940037, 51.5303237 ], [ 51.79395, 51.53067 ], [ 51.7841689, 51.5436062 ], [ 51.75805, 51.57815 ], [ 51.7574103, 51.5833969 ], [ 51.75652, 51.5907 ], [ 51.76154, 51.60275 ], [ 51.7616519, 51.6028824 ], [ 51.7647, 51.60649 ], [ 51.77539, 51.6191 ], [ 51.7883786, 51.6309099 ], [ 51.79809, 51.63974 ], [ 51.85734, 51.68329 ], [ 51.8581803, 51.6832556 ], [ 51.90451, 51.68136 ], [ 51.9355147, 51.6800698 ], [ 51.94993, 51.67947 ], [ 51.97142, 51.67366 ], [ 51.9940617, 51.6647075 ], [ 51.9948907, 51.6643796 ], [ 52.0, 51.66163 ], [ 52.0020858, 51.6613631 ], [ 52.00758, 51.66066 ], [ 52.0143351, 51.6569135 ], [ 52.01939, 51.65411 ], [ 52.0223732, 51.6533724 ], [ 52.02752, 51.6521 ], [ 52.0328947, 51.6524983 ], [ 52.03791, 51.65287 ], [ 52.05649, 51.65864 ], [ 52.0599597, 51.6589011 ], [ 52.06619, 51.65937 ], [ 52.0696141, 51.6588589 ], [ 52.07088, 51.65867 ], [ 52.0772119, 51.6577345 ], [ 52.09369, 51.6553 ], [ 52.1061445, 51.6562256 ], [ 52.10755, 51.65633 ], [ 52.11962, 51.65941 ], [ 52.1272189, 51.6624425 ], [ 52.14117, 51.66801 ], [ 52.16093, 51.68609 ], [ 52.1650969, 51.6904536 ], [ 52.16856, 51.69408 ], [ 52.16964, 51.71427 ], [ 52.17359, 51.71937 ], [ 52.1849, 51.72283 ], [ 52.20671, 51.72358 ], [ 52.20728, 51.7236 ], [ 52.24881, 51.71615 ], [ 52.26123, 51.71749 ], [ 52.2733572, 51.7219601 ], [ 52.279, 51.72404 ], [ 52.30344, 51.73631 ], [ 52.3037972, 51.7433592 ], [ 52.30404, 51.74815 ], [ 52.3014, 51.75845 ], [ 52.31441, 51.7642 ], [ 52.32815, 51.76607 ], [ 52.3542992, 51.7597802 ], [ 52.3621603, 51.7536693 ], [ 52.3659142, 51.7451749 ], [ 52.3670301, 51.7426489 ], [ 52.3697703, 51.705259 ], [ 52.38299, 51.65682 ], [ 52.39184, 51.64697 ], [ 52.3965892, 51.6433134 ], [ 52.40049, 51.64031 ], [ 52.4417888, 51.6085109 ], [ 52.4485952, 51.5954536 ], [ 52.4573918, 51.5785784 ], [ 52.4602686, 51.5759283 ], [ 52.46944, 51.56748 ], [ 52.4786228, 51.5628848 ], [ 52.49406, 51.55516 ], [ 52.4971682, 51.5536019 ], [ 52.4979485, 51.5532107 ], [ 52.50427, 51.5469998 ], [ 52.5076048, 51.5338839 ], [ 52.51398, 51.50881 ], [ 52.5179867, 51.5049732 ], [ 52.51846, 51.50452 ], [ 52.55015, 51.49462 ], [ 52.55433, 51.49193 ], [ 52.55743, 51.48709 ], [ 52.5554931, 51.4833167 ], [ 52.55473, 51.48183 ], [ 52.54592, 51.47774 ], [ 52.54563, 51.4673613 ], [ 52.5485307, 51.4656841 ], [ 52.5497491, 51.4649795 ], [ 52.55058, 51.4645 ], [ 52.5594372, 51.4623907 ], [ 52.57061, 51.45973 ], [ 52.57235, 51.46423 ], [ 52.584551, 51.4698395 ], [ 52.59136, 51.47297 ], [ 52.6003149, 51.4745422 ], [ 52.60241, 51.47491 ], [ 52.60434, 51.47045 ], [ 52.5999614, 51.4641828 ], [ 52.59706, 51.46003 ], [ 52.5982666, 51.4592506 ], [ 52.60124, 51.45733 ], [ 52.61403, 51.45779 ], [ 52.63315, 51.45594 ], [ 52.63402, 51.45923 ], [ 52.6270326, 51.4661553 ], [ 52.62276, 51.47039 ], [ 52.6258104, 51.47383 ], [ 52.6269944, 51.4737782 ], [ 52.63175, 51.47357 ], [ 52.6381359, 51.4694473 ], [ 52.64219, 51.46683 ], [ 52.6427529, 51.4664691 ], [ 52.64428, 51.46549 ], [ 52.6521496, 51.4667399 ], [ 52.65222, 51.48446 ], [ 52.6554188, 51.4911376 ], [ 52.6644608, 51.4920094 ], [ 52.66702, 51.49012 ], [ 52.670637, 51.4794039 ], [ 52.67506, 51.4663 ], [ 52.6783428, 51.463762599999988 ], [ 52.6810523, 51.4616695 ], [ 52.6841122, 51.4610781 ], [ 52.6932599, 51.4593119 ], [ 52.6931008, 51.4629629 ], [ 52.69291, 51.46734 ], [ 52.68577, 51.4742 ], [ 52.68595, 51.47927 ], [ 52.6869395, 51.4795868 ], [ 52.69151, 51.48105 ], [ 52.70812, 51.48085 ], [ 52.71814, 51.48248 ], [ 52.72685, 51.48724 ], [ 52.73435, 51.48846 ], [ 52.749123, 51.4857065 ], [ 52.75227, 51.48512 ], [ 52.75582, 51.4879 ], [ 52.7491349, 51.4983151 ], [ 52.74607, 51.50309 ], [ 52.74703, 51.50709 ], [ 52.75846, 51.50493 ], [ 52.767227, 51.5005393 ], [ 52.77056, 51.49887 ], [ 52.770569, 51.4996271 ], [ 52.77076, 51.51561 ], [ 52.7719607, 51.5171004 ], [ 52.77884, 51.52564 ], [ 52.7833614, 51.5210622 ], [ 52.78606, 51.51833 ], [ 52.7828744, 51.512031 ], [ 52.78253, 51.51135 ], [ 52.7825983, 51.5112406 ], [ 52.7842595, 51.5085807 ], [ 52.7875892, 51.5101973 ], [ 52.79412, 51.51337 ], [ 52.7966756, 51.5123392 ], [ 52.7971184, 51.5121606 ], [ 52.79773, 51.50672 ], [ 52.8021, 51.50496 ], [ 52.8029543, 51.5052458 ], [ 52.8159996, 51.5096099 ], [ 52.81646, 51.50091 ], [ 52.8178744, 51.499305 ], [ 52.81876, 51.4983 ], [ 52.822362399999989, 51.4987634 ], [ 52.82669, 51.49932 ], [ 52.8275353, 51.4997374 ], [ 52.83481, 51.50333 ], [ 52.84406, 51.50513 ], [ 52.86161, 51.49761 ], [ 52.8663631, 51.4971562 ], [ 52.87135, 51.49668 ], [ 52.88578, 51.50251 ], [ 52.89783, 51.50312 ], [ 52.899609, 51.4993291 ], [ 52.8980767, 51.4979943 ], [ 52.8967388, 51.4968297 ], [ 52.8958146, 51.4965691 ], [ 52.88482, 51.49347 ], [ 52.8754629, 51.4893365 ], [ 52.86877, 51.48638 ], [ 52.8686505, 51.4808494 ], [ 52.87375, 51.4749901 ], [ 52.88255, 51.47514 ], [ 52.89536, 51.48385 ], [ 52.8992478, 51.4811905 ], [ 52.90207, 51.47926 ], [ 52.90845, 51.47855 ], [ 52.91035, 51.4814 ], [ 52.9110186, 51.4865562 ], [ 52.91198, 51.49397 ], [ 52.91562, 51.49836 ], [ 52.9228837, 51.4999926 ], [ 52.9230501, 51.50003 ], [ 52.9314993, 51.4980802 ], [ 52.92931, 51.48551 ], [ 52.9333094, 51.4816406 ], [ 52.9342781, 51.4813052 ], [ 52.93863, 51.4798 ], [ 52.9419348, 51.4786526 ], [ 52.9427186, 51.4783805 ], [ 52.9458755, 51.4743921 ], [ 52.95739, 51.45984 ], [ 52.96398, 51.46006 ], [ 52.96516, 51.46383 ], [ 52.9602543, 51.4695062 ], [ 52.95822, 51.47186 ], [ 52.9585487, 51.4762324 ], [ 52.9624629, 51.47625 ], [ 52.96518, 51.47625 ], [ 52.98031, 51.4697 ], [ 52.9858493, 51.46962 ], [ 52.98776, 51.47343 ], [ 52.9828051, 51.47923 ], [ 52.98219, 51.47995 ], [ 52.9820016, 51.4852199 ], [ 52.99089, 51.48491 ], [ 53.003421, 51.4786235 ], [ 53.00582, 51.47742 ], [ 53.0073864, 51.4772086 ], [ 53.0103412, 51.4768104 ], [ 53.0434611, 51.4876151 ], [ 53.0450687, 51.4881396 ], [ 53.06098, 51.49038 ], [ 53.0635158, 51.4913164 ], [ 53.06859, 51.49319 ], [ 53.0768272, 51.4998061 ], [ 53.0786008, 51.50123 ], [ 53.087324, 51.5016479 ], [ 53.09029, 51.50179 ], [ 53.0939601, 51.4997399 ], [ 53.09914, 51.49319 ], [ 53.10746, 51.48984 ], [ 53.11799, 51.48848 ], [ 53.1302985, 51.4904369 ], [ 53.14057, 51.49207 ], [ 53.1518328, 51.4909798 ], [ 53.15741, 51.49044 ], [ 53.1642401, 51.491360199999988 ], [ 53.1658348, 51.4940242 ], [ 53.16682, 51.49567 ], [ 53.1656704, 51.4987166 ], [ 53.16479, 51.50105 ], [ 53.1581289, 51.504729399999988 ], [ 53.1477, 51.51049 ], [ 53.1451451, 51.5142751 ], [ 53.14473, 51.51489 ], [ 53.1484313, 51.5254798 ], [ 53.1697627, 51.5219713 ], [ 53.175058, 51.5211003 ], [ 53.1847985, 51.5285931 ], [ 53.19462, 51.53615 ], [ 53.2019391, 51.5332102 ], [ 53.20306, 51.53276 ], [ 53.20108, 51.52575 ], [ 53.1994188, 51.5242807 ], [ 53.19147, 51.51725 ], [ 53.19695, 51.5127 ], [ 53.2010047, 51.5115446 ], [ 53.20632, 51.51003 ], [ 53.2133434, 51.5088239 ], [ 53.21884, 51.50788 ], [ 53.23276, 51.50834 ], [ 53.2423376, 51.5102326 ], [ 53.25199, 51.51214 ], [ 53.26554, 51.50821 ], [ 53.2674113, 51.5067675 ], [ 53.27021, 51.50461 ], [ 53.27195, 51.499 ], [ 53.2742596, 51.4915414 ], [ 53.2772342, 51.4897999 ], [ 53.28202, 51.487 ], [ 53.29495, 51.4867 ], [ 53.2985098, 51.4961295 ], [ 53.30628, 51.50239 ], [ 53.3116621, 51.5036937 ], [ 53.31722, 51.50504 ], [ 53.3266211, 51.5092423 ], [ 53.33156, 51.51145 ], [ 53.35759, 51.51357 ], [ 53.36009, 51.51527 ], [ 53.3628903, 51.5171722 ], [ 53.36352, 51.5176 ], [ 53.3705341, 51.5159488 ], [ 53.37877, 51.51401 ], [ 53.3791851, 51.5134271 ], [ 53.37971, 51.51269 ], [ 53.3824258, 51.5089352 ], [ 53.3835, 51.50745 ], [ 53.3978098, 51.4960101 ], [ 53.41318, 51.49607 ], [ 53.4183954, 51.4944152 ], [ 53.42399, 51.49264 ], [ 53.4309211, 51.4884691 ], [ 53.44669, 51.47898 ], [ 53.44561, 51.46749 ], [ 53.4472162, 51.4652667 ], [ 53.4475092, 51.4648611 ], [ 53.4515616, 51.4629366 ], [ 53.46274, 51.45763 ], [ 53.48575, 51.45405 ], [ 53.4925305, 51.450809 ], [ 53.493817, 51.4480211 ], [ 53.49768, 51.43965 ], [ 53.5018916, 51.4380912 ], [ 53.50511, 51.4369 ], [ 53.5138328, 51.437301 ], [ 53.51751, 51.43747 ], [ 53.52695, 51.43141 ], [ 53.531416899999989, 51.4306565 ], [ 53.53359, 51.43029 ], [ 53.55259, 51.43189 ], [ 53.5590938, 51.431798 ], [ 53.57026, 51.43164 ], [ 53.5761833, 51.4295209 ], [ 53.57845, 51.42871 ], [ 53.5793309, 51.4216918 ], [ 53.57968, 51.41891 ], [ 53.5830007, 51.4148558 ], [ 53.5838, 51.41388 ], [ 53.6049821, 51.398679599999987 ], [ 53.62748, 51.39426 ], [ 53.6346003, 51.3890093 ], [ 53.6361477, 51.3855716 ], [ 53.63997, 51.37708 ], [ 53.6380144, 51.3754738 ], [ 53.63191, 51.37046 ], [ 53.6263102, 51.3682492 ], [ 53.62269, 51.36682 ], [ 53.6029636, 51.3677898 ], [ 53.6085268, 51.3641431 ], [ 53.61624, 51.35909 ], [ 53.622133, 51.3556233 ], [ 53.62853, 51.35186 ], [ 53.6296491, 51.3479008 ], [ 53.63011, 51.34627 ], [ 53.6288488, 51.3399688 ], [ 53.62736, 51.33253 ], [ 53.62347, 51.32617 ], [ 53.6115599, 51.3219294 ], [ 53.6106662, 51.3175291 ], [ 53.6084103, 51.3064197 ], [ 53.6112563, 51.3035786 ], [ 53.6142, 51.30064 ], [ 53.6143588, 51.2983337 ], [ 53.61474, 51.2928 ], [ 53.6299806, 51.2834251 ], [ 53.63867, 51.27808 ], [ 53.64827, 51.27473 ], [ 53.6487596, 51.2743047 ], [ 53.65391, 51.26983 ], [ 53.6540658, 51.2667368 ], [ 53.65424, 51.26328 ], [ 53.6567872, 51.2606609 ], [ 53.66204, 51.25526 ], [ 53.66305, 51.25423 ], [ 53.6618423, 51.2522707 ], [ 53.6577, 51.24555 ], [ 53.6581573, 51.2440967 ], [ 53.65905, 51.24126 ], [ 53.668933, 51.2335702 ], [ 53.6773, 51.22706 ], [ 53.68572, 51.2267 ], [ 53.6883321, 51.2275484 ], [ 53.69899, 51.23101 ], [ 53.7061228, 51.2292945 ], [ 53.70768, 51.22892 ], [ 53.7129881, 51.226662499999989 ], [ 53.73378, 51.21782 ], [ 53.74014, 51.2175966 ], [ 53.7428905, 51.2174993 ], [ 53.74892, 51.20999 ], [ 53.74738, 51.20639 ], [ 53.7492677, 51.2042347 ], [ 53.74992, 51.20349 ], [ 53.76493, 51.21009 ], [ 53.7757546, 51.2090672 ], [ 53.78472, 51.20822 ], [ 53.7936897, 51.2114342 ], [ 53.79605, 51.21228 ], [ 53.7961434, 51.2123134 ], [ 53.79714, 51.21267 ], [ 53.80898, 51.21362 ], [ 53.8169267, 51.2101101 ], [ 53.81944, 51.209 ], [ 53.8358775, 51.1953221 ], [ 53.8385603, 51.19309 ], [ 53.85062, 51.19162 ], [ 53.86361, 51.19328 ], [ 53.87012, 51.19629 ], [ 53.8861, 51.19592 ], [ 53.89607, 51.20241 ], [ 53.90625, 51.19712 ], [ 53.90731, 51.1968963 ], [ 53.94032, 51.18993 ], [ 53.94945, 51.1852 ], [ 53.96541, 51.18111 ], [ 53.9709315, 51.176811099999988 ], [ 53.97792, 51.17137 ], [ 54.028255, 51.1637306 ], [ 54.0335283, 51.1629303 ], [ 54.04016, 51.15529 ], [ 54.05245, 51.1512 ], [ 54.05391, 51.14876 ], [ 54.04842, 51.14407 ], [ 54.0489, 51.14088 ], [ 54.05926, 51.13507 ], [ 54.0686293, 51.1323206 ], [ 54.07681, 51.12992 ], [ 54.10125, 51.12747 ], [ 54.12017, 51.12285 ], [ 54.1239907, 51.1211968 ], [ 54.12953, 51.1188 ], [ 54.1326153, 51.1163183 ], [ 54.13367, 51.11547 ], [ 54.1355892, 51.1139217 ], [ 54.13988, 51.11046 ], [ 54.15038, 51.09868 ], [ 54.15081, 51.0972466 ], [ 54.15179, 51.09398 ], [ 54.1524218, 51.0918557 ], [ 54.15328, 51.08897 ], [ 54.1527833, 51.085964 ], [ 54.15194, 51.08086 ], [ 54.13871, 51.06446 ], [ 54.1380804, 51.0589133 ], [ 54.1415692, 51.0534283 ], [ 54.1418795, 51.0529407 ], [ 54.1464106, 51.051831 ], [ 54.15404, 51.06422 ], [ 54.1541875, 51.0643116 ], [ 54.15771, 51.0665 ], [ 54.16207, 51.06653 ], [ 54.1635944, 51.0658384 ], [ 54.1652, 51.06511 ], [ 54.17332, 51.05204 ], [ 54.1878482, 51.0421542 ], [ 54.19072, 51.0402 ], [ 54.1931367, 51.0369777 ], [ 54.19435, 51.03536 ], [ 54.1922553, 51.0314541 ], [ 54.1920607, 51.0310913 ], [ 54.1910502, 51.0305973 ], [ 54.18833, 51.02927 ], [ 54.17436, 51.02776 ], [ 54.1684, 51.02398 ], [ 54.16603, 51.02015 ], [ 54.16916, 51.0162 ], [ 54.1727177, 51.0147359 ], [ 54.18233, 51.01078 ], [ 54.1831067, 51.0072565 ], [ 54.18343, 51.00579 ], [ 54.1828094, 51.0045192 ], [ 54.18008, 50.99893 ], [ 54.1805771, 50.9980876 ], [ 54.18152, 50.99649 ], [ 54.1947005, 50.9955794 ], [ 54.1958505, 50.9954997 ], [ 54.1981522, 50.9943849 ], [ 54.20642, 50.99038 ], [ 54.2071009, 50.9894387 ], [ 54.20961, 50.98597 ], [ 54.20158, 50.97632 ], [ 54.2016017, 50.975126 ], [ 54.20163, 50.97357 ], [ 54.2086365, 50.9680893 ], [ 54.21311, 50.96459 ], [ 54.2260055, 50.9596406 ], [ 54.23781, 50.95511 ], [ 54.25372, 50.93684 ], [ 54.261454, 50.924496 ], [ 54.27256, 50.90677 ], [ 54.27349, 50.90529 ], [ 54.28473, 50.89341 ], [ 54.2920521, 50.8884709 ], [ 54.29742, 50.88485 ], [ 54.31551, 50.87861 ], [ 54.40574, 50.87155 ], [ 54.437000399999988, 50.8719331 ], [ 54.44328, 50.87201 ], [ 54.44962, 50.87075 ], [ 54.45442, 50.8698 ], [ 54.4572274, 50.8683088 ], [ 54.46886, 50.86213 ], [ 54.50432, 50.85439 ], [ 54.5126185, 50.8485074 ], [ 54.51277, 50.8484 ], [ 54.5169099, 50.8413601 ], [ 54.5171302, 50.8397404 ], [ 54.51778, 50.83496 ], [ 54.5160997, 50.8305448 ], [ 54.5158998, 50.8300198 ], [ 54.4961682, 50.8110858 ], [ 54.4731, 50.78895 ], [ 54.46771, 50.77894 ], [ 54.4643291, 50.7694888 ], [ 54.46287, 50.76541 ], [ 54.456652, 50.748504 ], [ 54.45227, 50.73659 ], [ 54.4592946, 50.7151634 ], [ 54.46422, 50.70014 ], [ 54.4608242, 50.6939554 ], [ 54.45303, 50.67976 ], [ 54.4493342, 50.6767746 ], [ 54.44892, 50.67644 ], [ 54.4444585, 50.6728383 ], [ 54.441203, 50.6691046 ], [ 54.42635, 50.65207 ], [ 54.42263, 50.63291 ], [ 54.42326, 50.62366 ], [ 54.42575, 50.61936 ], [ 54.44, 50.60322 ], [ 54.4511, 50.59617 ], [ 54.46375, 50.58235 ], [ 54.4836, 50.56721 ], [ 54.488352799999987, 50.5635848 ], [ 54.48988, 50.56242 ], [ 54.5080982, 50.5400322 ], [ 54.5173539, 50.5390136 ], [ 54.5203, 50.53869 ], [ 54.5212142, 50.5388187 ], [ 54.5263797, 50.5395483 ], [ 54.53893, 50.54132 ], [ 54.5472612, 50.5451268 ], [ 54.56099, 50.5514 ], [ 54.57304, 50.55125 ], [ 54.5886881, 50.5425836 ], [ 54.59626, 50.53839 ], [ 54.6004743, 50.5387622 ], [ 54.60815, 50.53944 ], [ 54.6085954, 50.5396559 ], [ 54.61469, 50.54261 ], [ 54.62499, 50.55083 ], [ 54.6277674, 50.5539546 ], [ 54.62979, 50.55623 ], [ 54.6393964, 50.5670099 ], [ 54.64649, 50.57497 ], [ 54.6728893, 50.6005793 ], [ 54.70922, 50.6134 ], [ 54.7182671, 50.621601 ], [ 54.7262208, 50.628812 ], [ 54.72864, 50.63459 ], [ 54.72346, 50.65487 ], [ 54.7229365, 50.6559985 ], [ 54.72269, 50.65653 ], [ 54.714587, 50.6738154 ], [ 54.71203, 50.67927 ], [ 54.7008473, 50.6941676 ], [ 54.67973, 50.7223 ], [ 54.6760519, 50.7297175 ], [ 54.67194, 50.73801 ], [ 54.6692894, 50.7453521 ], [ 54.66494, 50.7574 ], [ 54.66173, 50.77522 ], [ 54.6610088, 50.7792226 ], [ 54.65537, 50.81052 ], [ 54.6580492, 50.8165196 ], [ 54.6598, 50.82044 ], [ 54.6670765, 50.8291099 ], [ 54.68565, 50.85124 ], [ 54.6900492, 50.8631441 ], [ 54.69082, 50.86523 ], [ 54.7063, 50.89424 ], [ 54.71193, 50.89149 ], [ 54.7164781, 50.8914816 ], [ 54.72825, 50.89146 ], [ 54.73638, 50.88754 ], [ 54.7475747, 50.8883514 ], [ 54.7608, 50.88931 ], [ 54.78637, 50.87967 ], [ 54.7918412, 50.8782916 ], [ 54.79538, 50.8774 ], [ 54.8044, 50.87766 ], [ 54.8093996, 50.8777637 ], [ 54.81163, 50.87781 ], [ 54.8165069, 50.8812486 ], [ 54.8197, 50.8835 ], [ 54.823089599999989, 50.8835344 ], [ 54.82463, 50.88355 ], [ 54.8312434, 50.8796922 ], [ 54.8332702, 50.8785093 ], [ 54.8357364, 50.8698843 ], [ 54.8387, 50.85952 ], [ 54.8435585, 50.8556512 ], [ 54.86178, 50.85478 ], [ 54.8648114, 50.8530705 ], [ 54.86921, 50.85059 ], [ 54.87839, 50.83869 ], [ 54.8893515, 50.84339 ], [ 54.8994501, 50.8436909 ], [ 54.8999464, 50.8473535 ], [ 54.90111, 50.85594 ], [ 54.8990383, 50.8600895 ], [ 54.89765, 50.86287 ], [ 54.90263, 50.86635 ], [ 54.9111231, 50.8664674 ], [ 54.92071, 50.8666 ], [ 54.9231909, 50.8699963 ], [ 54.9271622, 50.8754307 ], [ 54.9276826, 50.875605299999989 ], [ 54.93202, 50.87706 ], [ 54.94359, 50.87446 ], [ 54.95203, 50.88201 ], [ 54.9701053, 50.8827809 ], [ 54.97618, 50.88304 ], [ 54.9764892, 50.8830543 ], [ 54.97726, 50.88309 ], [ 54.9802264, 50.8828289 ], [ 54.98385, 50.88251 ], [ 54.99008, 50.87916 ], [ 55.0, 50.8856 ], [ 55.0018133, 50.8867847 ], [ 55.003, 50.88756 ], [ 55.0078224, 50.892575699999988 ], [ 55.01398, 50.89898 ], [ 55.01423, 50.90266 ], [ 55.00646, 50.91511 ], [ 55.0065201, 50.9151869 ], [ 55.00926, 50.91869 ], [ 55.0171201, 50.9194258 ], [ 55.02037, 50.91973 ], [ 55.03193, 50.92285 ], [ 55.0439903, 50.9305701 ], [ 55.0473294, 50.9312265 ], [ 55.05162, 50.93207 ], [ 55.0841, 50.92004 ], [ 55.09365, 50.91299 ], [ 55.1030301, 50.9060595 ], [ 55.10783, 50.88252 ], [ 55.102396, 50.8728221 ], [ 55.1015595, 50.8713294 ], [ 55.09373, 50.86248 ], [ 55.06907, 50.84554 ], [ 55.0643831, 50.8379348 ], [ 55.06112, 50.83264 ], [ 55.06186, 50.82664 ], [ 55.0667277, 50.822221 ], [ 55.06902, 50.82014 ], [ 55.09228, 50.80661 ], [ 55.09711, 50.8038 ], [ 55.11355, 50.79937 ], [ 55.14521, 50.78481 ], [ 55.1791183, 50.7645543 ], [ 55.19384, 50.75576 ], [ 55.1962804, 50.7540675 ], [ 55.21394, 50.74182 ], [ 55.24302, 50.72625 ], [ 55.2663892, 50.7137213 ], [ 55.29258, 50.69968 ], [ 55.35495, 50.65994 ], [ 55.3707472, 50.6561507 ], [ 55.37321, 50.65556 ], [ 55.3798604, 50.6582903 ], [ 55.3818836, 50.659878199999987 ], [ 55.39069, 50.66679 ], [ 55.3951765, 50.670315599999988 ], [ 55.39788, 50.67244 ], [ 55.4021445, 50.6734715 ], [ 55.40404, 50.67393 ], [ 55.43522, 50.67297 ], [ 55.45851, 50.67446 ], [ 55.48549, 50.67128 ], [ 55.49122, 50.6655 ], [ 55.4990809, 50.6465292 ], [ 55.5003382, 50.6454329 ], [ 55.50611, 50.6404 ], [ 55.5187552, 50.6348 ], [ 55.53411, 50.628 ], [ 55.5412945, 50.6258701 ], [ 55.54315, 50.62532 ], [ 55.5515356, 50.6228382 ], [ 55.5518, 50.62276 ], [ 55.57056, 50.61919 ], [ 55.61184, 50.60092 ], [ 55.66372, 50.57224 ], [ 55.6662108, 50.5712367 ], [ 55.67365, 50.56824 ], [ 55.6796046, 50.5677609 ], [ 55.68322, 50.56747 ], [ 55.6875392, 50.5676576 ], [ 55.69266, 50.56788 ], [ 55.6999832, 50.5706404 ], [ 55.70359, 50.572 ], [ 55.7075, 50.5747 ], [ 55.7120745, 50.577857 ], [ 55.71418, 50.57931 ], [ 55.7208606, 50.5876614 ], [ 55.721924, 50.5902084 ], [ 55.7284, 50.60572 ], [ 55.73435, 50.6092 ], [ 55.75418, 50.6150825 ], [ 55.76624, 50.61866 ], [ 55.7909459, 50.6289673 ], [ 55.81473, 50.63889 ], [ 55.846428, 50.644888 ], [ 55.85537, 50.64658 ], [ 55.8571041, 50.6469065 ], [ 55.8644, 50.64828 ], [ 55.90942, 50.66591 ], [ 55.9255662, 50.6702084 ], [ 55.9407281, 50.6742448 ], [ 55.95258, 50.6774 ], [ 55.97333, 50.68512 ], [ 56.02064, 50.71317 ], [ 56.02592, 50.7163 ], [ 56.0829, 50.7424 ], [ 56.111890699999989, 50.7495463 ], [ 56.12006, 50.75156 ], [ 56.1272, 50.75627 ], [ 56.13312, 50.76054 ], [ 56.1384, 50.7712201 ], [ 56.13288, 50.79882 ], [ 56.132587, 50.8002882 ], [ 56.13196, 50.80343 ], [ 56.1334527, 50.8219059 ], [ 56.13461, 50.83623 ], [ 56.1390406, 50.8430085 ], [ 56.14697, 50.85514 ], [ 56.1649852, 50.8975768 ], [ 56.17391, 50.9186 ], [ 56.17578, 50.92027 ], [ 56.1823256, 50.9261175 ], [ 56.18975, 50.93275 ], [ 56.1996288, 50.9360111 ], [ 56.2001103, 50.93617 ], [ 56.21071, 50.93734 ], [ 56.22832, 50.93353 ], [ 56.25704, 50.91963 ], [ 56.2713055, 50.916007 ], [ 56.29421, 50.91019 ], [ 56.31999, 50.90781 ], [ 56.34138, 50.90788 ], [ 56.3434194, 50.9081756 ], [ 56.35104, 50.90928 ], [ 56.3537752, 50.9096778 ], [ 56.35544, 50.90992 ], [ 56.37539, 50.91895 ], [ 56.38363, 50.92603 ], [ 56.3849166, 50.9344532 ], [ 56.38767, 50.95248 ], [ 56.3915627, 50.9627319 ], [ 56.39433, 50.97002 ], [ 56.4035, 50.97375 ], [ 56.4074112, 50.9741706 ], [ 56.4088, 50.97432 ], [ 56.4552, 50.96818 ], [ 56.4632643, 50.9698666 ], [ 56.46395, 50.97001 ], [ 56.47285, 50.97559 ], [ 56.4731334, 50.975766 ], [ 56.47351, 50.976 ], [ 56.4752839, 50.9777495 ], [ 56.47787, 50.9803 ], [ 56.4788465, 50.988611 ], [ 56.4792, 50.99162 ], [ 56.4780745, 51.0004879 ], [ 56.47697, 51.00919 ], [ 56.47303, 51.01956 ], [ 56.46395, 51.03388 ], [ 56.46178, 51.04431 ], [ 56.4624232, 51.0517821 ], [ 56.4635, 51.06429 ], [ 56.4743, 51.06995 ], [ 56.497068, 51.0880784 ], [ 56.4997117, 51.0885532 ], [ 56.50081, 51.08875 ], [ 56.5011391, 51.0888098 ], [ 56.50235, 51.08903 ], [ 56.5086547, 51.0842256 ], [ 56.5094082, 51.0836513 ], [ 56.51373, 51.07555 ], [ 56.5190229, 51.0729903 ], [ 56.52746, 51.06891 ], [ 56.5293517, 51.0668417 ], [ 56.53078, 51.06528 ], [ 56.5316986, 51.0595621 ], [ 56.53216, 51.05669 ], [ 56.53648, 51.04858 ], [ 56.5428, 51.04468 ], [ 56.5517278, 51.0428717 ], [ 56.56951, 51.03927 ], [ 56.5894, 51.03023 ], [ 56.6054258, 51.0157628 ], [ 56.62405, 50.99895 ], [ 56.63023, 50.99338 ], [ 56.6314396, 50.992699 ], [ 56.6365, 50.98985 ], [ 56.6401952, 50.9891607 ], [ 56.64497, 50.98827 ], [ 56.67104, 50.98958 ], [ 56.68426, 50.98817 ], [ 56.71154, 50.97561 ], [ 56.73151, 50.9718 ], [ 56.737037, 50.9733739 ], [ 56.73906, 50.97395 ], [ 56.7407615, 50.9754192 ], [ 56.74404, 50.97825 ], [ 56.7478771, 50.9915539 ], [ 56.75181, 51.00519 ], [ 56.7487201, 51.0133498 ], [ 56.74696, 51.0153 ], [ 56.7423136, 51.0204327 ], [ 56.7388398, 51.0242704 ], [ 56.7320607, 51.0389354 ], [ 56.73149, 51.04017 ], [ 56.72296, 51.06954 ], [ 56.7224321, 51.075531 ], [ 56.7236427, 51.0760796 ], [ 56.72874, 51.07839 ], [ 56.73872, 51.08024 ], [ 56.74701, 51.0809 ], [ 56.76695, 51.07784 ], [ 56.7793453, 51.0787399 ], [ 56.78651, 51.07926 ], [ 56.800981, 51.0826849 ], [ 56.80696, 51.0841 ], [ 56.8166861, 51.0832433 ], [ 56.8182, 51.08311 ], [ 56.83159, 51.08193 ], [ 56.83952, 51.07995 ], [ 56.861247, 51.0680041 ], [ 56.8832792, 51.0558904 ], [ 56.89238, 51.05394 ], [ 56.90373, 51.05357 ], [ 56.9186232, 51.0580206 ], [ 56.93629, 51.0633 ], [ 56.9378556, 51.06439 ], [ 56.94024, 51.06605 ], [ 56.94281, 51.07102 ], [ 56.9479656, 51.0732669 ], [ 56.95029, 51.07428 ], [ 56.95795, 51.07528 ], [ 56.97691, 51.06952 ], [ 56.9837109, 51.0649731 ], [ 56.98391, 51.06484 ], [ 56.99834, 51.05519 ], [ 57.02304, 51.05187 ], [ 57.0308831, 51.0531261 ], [ 57.05245, 51.05658 ], [ 57.07684, 51.0645 ], [ 57.1039476, 51.0709408 ], [ 57.12423, 51.07576 ], [ 57.16256, 51.0886 ], [ 57.1631123, 51.088953 ], [ 57.16353, 51.08922 ], [ 57.16881, 51.09256 ], [ 57.1772864, 51.0941169 ], [ 57.18351, 51.09526 ], [ 57.1882681, 51.09338 ], [ 57.1896612, 51.0928289 ], [ 57.20245, 51.08158 ], [ 57.2039614, 51.0784368 ], [ 57.20672, 51.0727 ], [ 57.21116, 51.05369 ], [ 57.21329, 51.04925 ], [ 57.22029, 51.04346 ], [ 57.2525, 51.02717 ], [ 57.2628709, 51.0237423 ], [ 57.2702, 51.02132 ], [ 57.2809038, 51.01922 ], [ 57.2912, 51.0172 ], [ 57.3015316, 51.0062055 ], [ 57.31707, 50.98967 ], [ 57.3161855, 50.9798642 ], [ 57.315910099999989, 50.9768109 ], [ 57.3177214, 50.9743502 ], [ 57.322, 50.96854 ], [ 57.31896, 50.95499 ], [ 57.3333984, 50.9440902 ], [ 57.34691, 50.93389 ], [ 57.3484867, 50.9317877 ], [ 57.35021, 50.92949 ], [ 57.3772825, 50.9185198 ], [ 57.39241, 50.91239 ], [ 57.3989713, 50.9097338 ], [ 57.40896, 50.90569 ], [ 57.4269, 50.8957 ], [ 57.44093, 50.89047 ], [ 57.46389, 50.88475 ], [ 57.4901473, 50.8807983 ], [ 57.51007, 50.8778 ], [ 57.5153824, 50.8790136 ], [ 57.52701, 50.88167 ], [ 57.5283784, 50.8848943 ], [ 57.53007, 50.88888 ], [ 57.519, 50.90284 ], [ 57.518234299999989, 50.9048177 ], [ 57.5161, 50.91033 ], [ 57.51579, 50.91476 ], [ 57.518338, 50.9167374 ], [ 57.5203, 50.91826 ], [ 57.5292483, 50.9231499 ], [ 57.53117, 50.9242 ], [ 57.5469802, 50.9291517 ], [ 57.55617, 50.93203 ], [ 57.56666, 50.93495 ], [ 57.5751047, 50.9360018 ], [ 57.58609, 50.93737 ], [ 57.60293, 50.94309 ], [ 57.63367, 50.94543 ], [ 57.642872, 50.945149 ], [ 57.64677, 50.94503 ], [ 57.6493812, 50.9442937 ], [ 57.65404, 50.94298 ], [ 57.6616661, 50.9359989 ], [ 57.6648, 50.93313 ], [ 57.6698192, 50.920142 ], [ 57.6705399, 50.9182703 ], [ 57.68171, 50.91106 ], [ 57.6861143, 50.9109688 ], [ 57.686915, 50.9109523 ], [ 57.68944, 50.9109 ], [ 57.71623, 50.91874 ], [ 57.7189713, 50.9201895 ], [ 57.7237, 50.92269 ], [ 57.7292748, 50.9284869 ], [ 57.73148, 50.93078 ], [ 57.7392, 50.95801 ], [ 57.7441634, 50.99647 ], [ 57.74513, 51.00396 ], [ 57.745146399999989, 51.004206 ], [ 57.74518, 51.00471 ], [ 57.74881, 51.05698 ], [ 57.7472359, 51.0715577 ], [ 57.74582, 51.08467 ], [ 57.75203, 51.0991 ], [ 57.7522491, 51.1020707 ], [ 57.754291, 51.1297403 ], [ 57.769849799999989, 51.1347929 ], [ 57.77834, 51.13755 ], [ 57.80833, 51.1402 ], [ 57.81819, 51.13955 ], [ 57.82565, 51.13677 ], [ 57.8299, 51.133 ], [ 57.8308901, 51.1315785 ], [ 57.84117, 51.11682 ], [ 57.84649, 51.1133 ], [ 57.8559996, 51.11241 ], [ 57.86123, 51.11026 ], [ 57.87228, 51.10255 ], [ 57.88065, 51.10231 ], [ 57.8819258, 51.1026158 ], [ 57.88816, 51.10411 ], [ 57.89423, 51.10908 ], [ 57.90056, 51.11427 ], [ 57.9145, 51.11761 ], [ 57.9210265, 51.1177845 ], [ 57.92647, 51.11793 ], [ 57.926759, 51.1177277 ], [ 57.92837, 51.1166 ], [ 57.9304089, 51.1106928 ], [ 57.93197, 51.10617 ], [ 57.9447092, 51.0946007 ], [ 57.946263399999978, 51.0941611 ], [ 57.95285, 51.0923 ], [ 57.9632143, 51.0921435 ], [ 57.9641105, 51.0921301 ], [ 57.9648388, 51.0922901 ], [ 57.97385, 51.09427 ], [ 57.98058, 51.09575 ], [ 57.9886, 51.09527 ], [ 57.9903337, 51.0931689 ], [ 57.99766, 51.08429 ], [ 58.0013384, 51.0834704 ], [ 58.01315, 51.09177 ], [ 58.0491334, 51.1113085 ], [ 58.05072, 51.11217 ], [ 58.0559927, 51.1125492 ], [ 58.06518, 51.11321 ], [ 58.0806107, 51.1235255 ], [ 58.0833105, 51.1253301 ], [ 58.0839003, 51.1254151 ], [ 58.0890713, 51.1261593 ], [ 58.0925805, 51.1242815 ], [ 58.09847, 51.12113 ], [ 58.0998616, 51.1173638 ], [ 58.10065, 51.11523 ], [ 58.0965401, 51.0936294 ], [ 58.09841, 51.08552 ], [ 58.10578, 51.07921 ], [ 58.1106141, 51.0779261 ], [ 58.11685, 51.07627 ], [ 58.14205, 51.07368 ], [ 58.17035, 51.06773 ], [ 58.1755934, 51.0679699 ], [ 58.18084, 51.06821 ], [ 58.1864597, 51.0713198 ], [ 58.1853326, 51.0732855 ], [ 58.1803854, 51.0819423 ], [ 58.18155, 51.08676 ], [ 58.1822138, 51.0874645 ], [ 58.1853, 51.09074 ], [ 58.1894335, 51.0921643 ], [ 58.19241, 51.09319 ], [ 58.20817, 51.0945236 ], [ 58.2111994, 51.0947799 ], [ 58.2143108, 51.097350899999988 ], [ 58.22157, 51.10335 ], [ 58.22188, 51.10804 ], [ 58.2152401, 51.1214469 ], [ 58.213, 51.12597 ], [ 58.21425, 51.1323899 ], [ 58.2365608, 51.1388486 ], [ 58.2385, 51.13941 ], [ 58.25001, 51.14903 ], [ 58.2529173, 51.1498379 ], [ 58.25566, 51.1506 ], [ 58.2638492, 51.1475303 ], [ 58.26981, 51.15154 ], [ 58.2716082, 51.1527576 ], [ 58.27269, 51.15349 ], [ 58.2740472, 51.152923 ], [ 58.2809004, 51.1500604 ], [ 58.28693, 51.15524 ], [ 58.287901, 51.1585005 ], [ 58.2882116, 51.1586579 ], [ 58.292361299999989, 51.1607596 ], [ 58.2961898, 51.1596577 ], [ 58.30518, 51.15707 ], [ 58.3109968, 51.1576823 ], [ 58.3137296, 51.15797 ], [ 58.32127, 51.15633 ], [ 58.3238823, 51.1540279 ], [ 58.32607, 51.1521 ], [ 58.3345152, 51.1380035 ], [ 58.33801, 51.13217 ], [ 58.34115, 51.12545 ], [ 58.3479022, 51.1109822 ], [ 58.35734, 51.09076 ], [ 58.3593738, 51.0882572 ], [ 58.36224, 51.08473 ], [ 58.3717194, 51.0784404 ], [ 58.3833085, 51.0770669 ], [ 58.3976293, 51.0753701 ], [ 58.4113679, 51.0781284 ], [ 58.43558, 51.08299 ], [ 58.4434288, 51.083430199999988 ], [ 58.45555, 51.08411 ], [ 58.4663755, 51.0833115 ], [ 58.48673, 51.08181 ], [ 58.50552, 51.08042 ], [ 58.54583, 51.07507 ], [ 58.5558, 51.06985 ], [ 58.5584906, 51.0673675 ], [ 58.56537, 51.06102 ], [ 58.5774286, 51.0474008 ], [ 58.5996, 51.02236 ], [ 58.6034476, 51.012529 ], [ 58.60432, 51.0103 ], [ 58.60468, 51.00243 ], [ 58.6038533, 51.0006899 ], [ 58.60268, 50.99822 ], [ 58.6021272, 50.9970684 ], [ 58.60184, 50.99647 ], [ 58.5921416, 50.9882098 ], [ 58.58134, 50.97901 ], [ 58.56649, 50.94098 ], [ 58.5673591, 50.9374428 ], [ 58.56906, 50.93052 ], [ 58.56819, 50.9049 ], [ 58.5700432, 50.895052 ], [ 58.57319, 50.87833 ], [ 58.57373, 50.8754601 ], [ 58.5744703, 50.8736854 ], [ 58.58541, 50.84746 ], [ 58.59224, 50.83446 ], [ 58.5983823, 50.8272162 ], [ 58.59882, 50.8267 ], [ 58.60941, 50.82165 ], [ 58.6135777, 50.8204281 ], [ 58.62203, 50.81795 ], [ 58.65321, 50.8159 ], [ 58.6587501, 50.8164273 ], [ 58.67023, 50.81752 ], [ 58.69434, 50.82288 ], [ 58.700797799999989, 50.8248205 ], [ 58.70459, 50.82596 ], [ 58.7202215, 50.8306439 ], [ 58.7409, 50.83684 ], [ 58.7501023, 50.8372226 ], [ 58.76832, 50.83798 ], [ 58.7736264, 50.8364859 ], [ 58.77933, 50.83488 ], [ 58.7839493, 50.8324642 ], [ 58.78782, 50.83044 ], [ 58.79119, 50.82426 ], [ 58.79099, 50.8167 ], [ 58.7877496, 50.8100588 ], [ 58.77908, 50.79229 ], [ 58.78186, 50.77735 ], [ 58.7872903, 50.7709198 ], [ 58.79502, 50.76701 ], [ 58.79563, 50.7667 ], [ 58.8179261, 50.761963099999988 ], [ 58.8229289, 50.7609002 ], [ 58.8503, 50.75292 ], [ 58.8525761, 50.751758 ], [ 58.856, 50.75001 ], [ 58.8609399, 50.7446502 ], [ 58.8713, 50.72195 ], [ 58.8730181, 50.7196539 ], [ 58.87674, 50.71468 ], [ 58.8787589, 50.712979399999988 ], [ 58.8834, 50.70907 ], [ 58.8868222, 50.7076892 ], [ 58.90868, 50.69887 ], [ 58.93827, 50.69473 ], [ 58.9392243, 50.6945952 ], [ 58.94188, 50.69422 ], [ 58.949666, 50.6941583 ], [ 58.96461, 50.69404 ], [ 58.9772094, 50.6952061 ], [ 58.99281, 50.69665 ], [ 58.99794, 50.69843 ], [ 59.00762, 50.70178 ], [ 59.03124, 50.70105 ], [ 59.10299, 50.68468 ], [ 59.1278861, 50.6831622 ], [ 59.12907, 50.68309 ], [ 59.14981, 50.68182 ], [ 59.1614614, 50.6818595 ], [ 59.17638, 50.68191 ], [ 59.198265, 50.679074799999988 ], [ 59.21814, 50.6765 ], [ 59.228092599999989, 50.6747223 ], [ 59.23236, 50.67396 ], [ 59.2381999, 50.6717308 ], [ 59.2440714, 50.6694882 ], [ 59.2476702, 50.6647408 ], [ 59.25347, 50.65709 ], [ 59.26133, 50.65229 ], [ 59.2677864, 50.6501559 ], [ 59.27086, 50.64914 ], [ 59.2803, 50.64845 ], [ 59.29455, 50.65871 ], [ 59.296203, 50.6591658 ], [ 59.29912, 50.65997 ], [ 59.30389, 50.66128 ], [ 59.3124569, 50.6610112 ], [ 59.31632, 50.66089 ], [ 59.3880611, 50.6485061 ], [ 59.3899478, 50.6481804 ], [ 59.3981128, 50.648941 ], [ 59.41344, 50.65037 ], [ 59.4270378, 50.653342 ], [ 59.45814, 50.66014 ], [ 59.4734898, 50.6596808 ], [ 59.47786, 50.65955 ], [ 59.4811525, 50.6577977 ], [ 59.48438, 50.65608 ], [ 59.4860306, 50.6544695 ], [ 59.48685, 50.65367 ], [ 59.51384, 50.62728 ], [ 59.53739, 50.61065 ], [ 59.5392448, 50.6072823 ], [ 59.54097, 50.60415 ], [ 59.54117, 50.59653 ], [ 59.51952, 50.59004 ], [ 59.51668, 50.58429 ], [ 59.5172727, 50.5617975 ], [ 59.51763, 50.54824 ], [ 59.51827, 50.52386 ], [ 59.5190912, 50.5204697 ], [ 59.5194286, 50.5190801 ], [ 59.5201813, 50.5159796 ], [ 59.5202611, 50.5159553 ], [ 59.52362, 50.51493 ], [ 59.5299778, 50.5145507 ], [ 59.5313295, 50.51447 ], [ 59.5320816, 50.5146757 ], [ 59.54065, 50.51702 ], [ 59.58976, 50.53442 ], [ 59.61013, 50.54007 ], [ 59.6258913, 50.5431419 ], [ 59.64543, 50.54695 ], [ 59.65472, 50.54802 ], [ 59.6554057, 50.5480986 ], [ 59.67654, 50.55052 ], [ 59.6994844, 50.5553312 ], [ 59.71865, 50.55935 ], [ 59.7486463, 50.5634965 ], [ 59.786, 50.56866 ], [ 59.80642, 50.57319 ], [ 59.82171, 50.57849 ], [ 59.8279264, 50.5817678 ], [ 59.83271, 50.58429 ], [ 59.83618, 50.58931 ], [ 59.8388111, 50.5931238 ], [ 59.84103, 50.59634 ], [ 59.86917, 50.62461 ], [ 59.88269, 50.6337 ], [ 59.89817, 50.65369 ], [ 59.9081864, 50.6702521 ], [ 59.91107, 50.67502 ], [ 59.92919, 50.69936 ], [ 59.9321499, 50.7033387 ], [ 59.9341, 50.70596 ], [ 59.95075, 50.73548 ], [ 59.96814, 50.77345 ], [ 59.973613199999988, 50.7825931 ], [ 59.99072, 50.81117 ], [ 59.99549, 50.81768 ], [ 60.0, 50.82383 ], [ 60.00376, 50.82896 ], [ 60.02322, 50.84923 ], [ 60.0266839, 50.8515577 ], [ 60.03386, 50.85638 ], [ 60.047089, 50.8598435 ], [ 60.069, 50.86558 ], [ 60.0796007, 50.8656445 ], [ 60.08707, 50.86569 ], [ 60.13706, 50.85944 ], [ 60.1466394, 50.8562659 ], [ 60.15381, 50.85389 ], [ 60.1681086, 50.849151299999988 ], [ 60.1815413, 50.8446988 ], [ 60.1857186, 50.8409643 ], [ 60.19154, 50.8357594 ], [ 60.1913156, 50.8324399 ], [ 60.18935, 50.80335 ], [ 60.1898698, 50.7991363 ], [ 60.19029, 50.79573 ], [ 60.1929563, 50.79169 ], [ 60.19423, 50.78976 ], [ 60.23238, 50.75727 ], [ 60.2351212, 50.755138 ], [ 60.24021, 50.75118 ], [ 60.30847, 50.69797 ], [ 60.31623, 50.6931 ], [ 60.3266026, 50.6895591 ], [ 60.33987, 50.68503 ], [ 60.3410961, 50.6842574 ], [ 60.3459, 50.68123 ], [ 60.35492, 50.67936 ], [ 60.3662592, 50.6783487 ], [ 60.38867, 50.67635 ], [ 60.43424, 50.67227 ], [ 60.4548764, 50.6711151 ], [ 60.47623, 50.66992 ], [ 60.4939715, 50.669966 ], [ 60.50708, 50.67 ], [ 60.5460592, 50.6671957 ], [ 60.58464, 50.66442 ], [ 60.58535, 50.66443 ], [ 60.63989, 50.66504 ], [ 60.648417099999989, 50.6661506 ], [ 60.6673, 50.66861 ], [ 60.68915, 50.66808 ], [ 60.75083, 50.66048 ], [ 60.7743573, 50.6606418 ], [ 60.78137, 50.66069 ], [ 60.8105968, 50.6608846 ], [ 60.82793, 50.661 ], [ 60.92739, 50.6835 ], [ 60.97301, 50.68496 ], [ 61.00797, 50.68607 ], [ 61.0266219, 50.691301 ], [ 61.03974, 50.69498 ], [ 61.11532, 50.71165 ], [ 61.15893, 50.72468 ], [ 61.1646869, 50.7264001 ], [ 61.18112, 50.73131 ], [ 61.1937553, 50.7329878 ], [ 61.19701, 50.73342 ], [ 61.25597, 50.74979 ], [ 61.3173824, 50.7641494 ], [ 61.34326, 50.7702 ], [ 61.3452058, 50.7706528 ], [ 61.35757, 50.77353 ], [ 61.3722601, 50.7787293 ], [ 61.37958, 50.78132 ], [ 61.42701, 50.79439 ], [ 61.45084, 50.80732 ], [ 61.46226, 50.82304 ], [ 61.46256, 50.8238264 ], [ 61.4663, 50.83363 ], [ 61.4685183, 50.8439262 ], [ 61.4704, 50.85266 ], [ 61.4774509, 50.8852917 ], [ 61.48366, 50.89642 ], [ 61.48851, 50.92933 ], [ 61.4923576, 50.9434264 ], [ 61.4963, 50.95787 ], [ 61.4997491, 50.968545 ], [ 61.5023, 50.97644 ], [ 61.54218, 51.09961 ], [ 61.5438183, 51.1046709 ], [ 61.54555, 51.11002 ], [ 61.5484726, 51.1244482 ], [ 61.54935, 51.12878 ], [ 61.56769, 51.18529 ], [ 61.5772993, 51.2223239 ], [ 61.57755, 51.22329 ], [ 61.57982, 51.23204 ], [ 61.5840529, 51.2401765 ], [ 61.5870193, 51.2458786 ], [ 61.5891588, 51.246925 ], [ 61.5914, 51.24802 ], [ 61.624713, 51.2546042 ], [ 61.6752474, 51.2645912 ], [ 61.6763465, 51.2648093 ], [ 61.6271626, 51.2926116 ], [ 61.62552, 51.29354 ], [ 61.5952582, 51.3106138 ], [ 61.5934703, 51.3116225 ], [ 61.58401, 51.31696 ], [ 61.5770846, 51.3221286 ], [ 61.55271, 51.34032 ], [ 61.5441101, 51.355305 ], [ 61.52021, 51.39695 ], [ 61.5158783, 51.404481499999989 ], [ 61.51049, 51.41385 ], [ 61.5074714, 51.4168064 ], [ 61.50321, 51.42098 ], [ 61.49573, 51.4234796 ], [ 61.48328, 51.42764 ], [ 61.4698426, 51.4305305 ], [ 61.45985, 51.43268 ], [ 61.4579442, 51.4328113 ], [ 61.45114, 51.43328 ], [ 61.4269118, 51.4238502 ], [ 61.40908, 51.41691 ], [ 61.39104, 51.40394 ], [ 61.38229, 51.40099 ], [ 61.3724844, 51.4006145 ], [ 61.36662, 51.40039 ], [ 61.35137, 51.3998 ], [ 61.30748, 51.40546 ], [ 61.2918328, 51.4094074 ], [ 61.28881, 51.41017 ], [ 61.2699931, 51.4182479 ], [ 61.21513, 51.4418 ], [ 61.18742, 51.45106 ], [ 61.1861199, 51.452220499999989 ], [ 61.18118, 51.45663 ], [ 61.1658689, 51.4564954 ], [ 61.1607, 51.45645 ], [ 61.14316, 51.45877 ], [ 61.13438, 51.45833 ], [ 61.12082, 51.45309 ], [ 61.1178184, 51.4532933 ], [ 61.11388, 51.45356 ], [ 61.1124167, 51.4550205 ], [ 61.10332, 51.4641 ], [ 61.0976123, 51.4663343 ], [ 61.0974716, 51.4663894 ], [ 61.0907797, 51.4667272 ], [ 61.07882, 51.46733 ], [ 61.03821, 51.46463 ], [ 61.0344185, 51.4646824 ], [ 61.0027322, 51.46512 ], [ 61.00192, 51.47158 ], [ 60.9972801, 51.4879895 ], [ 60.9969497, 51.4883711 ], [ 60.99253, 51.49347 ], [ 60.98742, 51.49553 ], [ 60.9785416, 51.4946537 ], [ 60.97131, 51.49394 ], [ 60.96326, 51.49646 ], [ 60.95924, 51.50057 ], [ 60.95595, 51.51566 ], [ 60.9512, 51.52344 ], [ 60.93618, 51.53533 ], [ 60.9311656, 51.5412594 ], [ 60.92922, 51.54356 ], [ 60.9207868, 51.5610267 ], [ 60.91517, 51.57266 ], [ 60.9150561, 51.5728944 ], [ 60.9134509, 51.576202 ], [ 60.9176233, 51.5855318 ], [ 60.92565, 51.60348 ], [ 60.9250992, 51.6041456 ], [ 60.92234, 51.60748 ], [ 60.9195604, 51.6108396 ], [ 60.9174802, 51.6113131 ], [ 60.90514, 51.61412 ], [ 60.83823, 51.61609 ], [ 60.82555, 51.61474 ], [ 60.8142617, 51.6150583 ], [ 60.78619, 51.61585 ], [ 60.76563, 51.61449 ], [ 60.739436899999987, 51.6159472 ], [ 60.73633, 51.61612 ], [ 60.7352041, 51.61612 ], [ 60.72518, 51.61612 ], [ 60.6991044, 51.6161038 ], [ 60.69303, 51.6161 ], [ 60.6877907, 51.6158342 ], [ 60.65499, 51.61417 ], [ 60.6316839, 51.6141407 ], [ 60.61519, 51.61412 ], [ 60.59857, 51.61519 ], [ 60.53904, 51.62626 ], [ 60.52672, 51.62878 ], [ 60.5143095, 51.6313329 ], [ 60.50883, 51.63246 ], [ 60.4999331, 51.635615 ], [ 60.49129, 51.63868 ], [ 60.4787809, 51.6440433 ], [ 60.4755, 51.64545 ], [ 60.4579235, 51.6549233 ], [ 60.40212, 51.685 ], [ 60.39375, 51.69178 ], [ 60.39063, 51.69831 ], [ 60.39192, 51.70158 ], [ 60.40461, 51.7083 ], [ 60.45351, 51.73416 ], [ 60.51032, 51.77241 ], [ 60.5224956, 51.7821783 ], [ 60.52256, 51.78223 ], [ 60.5231528, 51.7876961 ], [ 60.5238285, 51.7939416 ], [ 60.51941, 51.79856 ], [ 60.51283, 51.79987 ], [ 60.5036926, 51.8016782 ], [ 60.47589, 51.80718 ], [ 60.4718431, 51.8071288 ], [ 60.44822, 51.80683 ], [ 60.42229, 51.80976 ], [ 60.4128989, 51.8116707 ], [ 60.40381, 51.81352 ], [ 60.3527, 51.83187 ], [ 60.3379773, 51.8393807 ], [ 60.33151, 51.84268 ], [ 60.3279, 51.84378 ], [ 60.3146324, 51.8478321 ], [ 60.31035, 51.84914 ], [ 60.2998213, 51.8541687 ], [ 60.25158, 51.87721 ], [ 60.2009463, 51.8960858 ], [ 60.18087, 51.90357 ], [ 60.1774716, 51.9031287 ], [ 60.17648, 51.903 ], [ 60.17303, 51.89727 ], [ 60.1768546, 51.8916839 ], [ 60.17785, 51.89023 ], [ 60.1811414, 51.8854301 ], [ 60.18289, 51.88288 ], [ 60.185689399999987, 51.8695589 ], [ 60.1844441, 51.8674497 ], [ 60.1831087, 51.8651898 ], [ 60.16642, 51.86293 ], [ 60.15234, 51.8634 ], [ 60.14087, 51.86661 ], [ 60.10195, 51.88219 ], [ 60.08227, 51.90413 ], [ 60.0698363, 51.9124312 ], [ 60.06169, 51.91787 ], [ 60.0615369, 51.917973 ], [ 60.06004, 51.91898 ], [ 60.0550858, 51.9289119 ], [ 60.05368, 51.93173 ], [ 60.0530215, 51.9503571 ], [ 60.05291, 51.95351 ], [ 60.0563148, 51.9689813 ], [ 60.05951, 51.9835 ], [ 60.06558, 51.99061 ], [ 60.07303, 51.99338 ], [ 60.0783413, 51.9940433 ], [ 60.08448, 51.99481 ], [ 60.1325, 51.99862 ], [ 60.14589, 51.9993 ], [ 60.1689946, 52.0004737 ], [ 60.17837, 52.00095 ], [ 60.178718599999989, 52.000968 ], [ 60.18011, 52.00104 ], [ 60.21674, 51.99958 ], [ 60.227626, 52.0003469 ], [ 60.22909, 52.00045 ], [ 60.24007, 52.00458 ], [ 60.2687751, 52.0114622 ], [ 60.27131, 52.01207 ], [ 60.2739834, 52.0132041 ], [ 60.29592, 52.02251 ], [ 60.32489, 52.0395 ], [ 60.326257899999987, 52.0407468 ], [ 60.32715, 52.04156 ], [ 60.3368512, 52.0503835 ], [ 60.35644, 52.0682 ], [ 60.3694877, 52.0778797 ], [ 60.37488, 52.08188 ], [ 60.3858422, 52.0869416 ], [ 60.40219, 52.09449 ], [ 60.4651, 52.13316 ], [ 60.4878302, 52.1471139 ], [ 60.48986, 52.14836 ], [ 60.4914164, 52.1491946 ], [ 60.5031, 52.15546 ], [ 60.5247845, 52.1635683 ], [ 60.53094, 52.16587 ], [ 60.54111, 52.16807 ], [ 60.55616, 52.16864 ], [ 60.60223, 52.16163 ], [ 60.64756, 52.15701 ], [ 60.649002599999989, 52.1577987 ], [ 60.65398, 52.16052 ], [ 60.65675, 52.16117 ], [ 60.66584, 52.16329 ], [ 60.68108, 52.16218 ], [ 60.69886, 52.16291 ], [ 60.7033972, 52.1640438 ], [ 60.72191, 52.16867 ], [ 60.75306, 52.18449 ], [ 60.76937, 52.19526 ], [ 60.78307, 52.21219 ], [ 60.7857747, 52.2165769 ], [ 60.79037, 52.22403 ], [ 60.7933227, 52.2288297 ], [ 60.794911, 52.2314098 ], [ 60.79976, 52.23027 ], [ 60.8083625, 52.2303835 ], [ 60.81947, 52.23053 ], [ 60.8338908, 52.2327523 ], [ 60.8403, 52.23374 ], [ 60.84705, 52.23662 ], [ 60.88307, 52.25022 ], [ 60.92848, 52.26189 ], [ 60.9338987, 52.2636619 ], [ 60.96423, 52.27358 ], [ 60.99144, 52.29434 ], [ 60.9944317, 52.2980029 ], [ 60.99719, 52.30138 ], [ 61.0319449, 52.3175566 ], [ 61.0327904, 52.3179501 ], [ 61.06343, 52.32962 ], [ 61.07188, 52.33768 ], [ 61.0690429, 52.3418943 ], [ 61.05441, 52.36363 ], [ 61.02082, 52.41343 ], [ 60.9945395, 52.4358807 ], [ 60.9916014, 52.4399921 ], [ 60.97904, 52.45757 ], [ 60.97915, 52.47809 ], [ 60.9792108, 52.4884655 ], [ 60.97926, 52.49686 ], [ 60.97388, 52.50348 ], [ 60.9687427, 52.5053209 ], [ 60.96668, 52.50606 ], [ 60.9565085, 52.505826799999987 ], [ 60.93659, 52.50537 ], [ 60.89388, 52.50799 ], [ 60.8782243, 52.5101633 ], [ 60.86982, 52.51133 ], [ 60.8631259, 52.5132557 ], [ 60.84938, 52.51721 ], [ 60.8473154, 52.5186601 ], [ 60.84518, 52.52016 ], [ 60.84339, 52.5264 ], [ 60.843449, 52.5306398 ], [ 60.84354, 52.53718 ], [ 60.84411, 52.57596 ], [ 60.84113, 52.58991 ], [ 60.8412, 52.61891 ], [ 60.8393546, 52.6207438 ], [ 60.83639, 52.62369 ], [ 60.8321528, 52.6255325 ], [ 60.82795, 52.62736 ], [ 60.787642399999989, 52.6323975 ], [ 60.77658, 52.63378 ], [ 60.770936299999988, 52.634481 ], [ 60.748319, 52.6372924 ], [ 60.7440992, 52.6479402 ], [ 60.7201832, 52.6526862 ], [ 60.71452, 52.65381 ], [ 60.7162109, 52.679878 ], [ 60.71752, 52.70006 ], [ 60.7174129, 52.707341 ], [ 60.71705, 52.73202 ], [ 60.7169, 52.74154 ], [ 60.7234991, 52.7469502 ], [ 60.729, 52.75146 ], [ 60.8238154, 52.7622322 ], [ 60.8258202, 52.7624601 ], [ 60.8292621, 52.763744 ], [ 60.85429, 52.77308 ], [ 60.8572234, 52.7748546 ], [ 60.86763, 52.78115 ], [ 60.8755284, 52.7881186 ], [ 60.87801, 52.79172 ], [ 60.8962293, 52.8181989 ], [ 60.9037046, 52.8217166 ], [ 60.92112, 52.82991 ], [ 60.9288557, 52.8322404 ], [ 60.95146, 52.83905 ], [ 61.003333, 52.8638186 ], [ 61.01653, 52.87012 ], [ 61.0221786, 52.8737681 ], [ 61.02469, 52.87539 ], [ 61.05736, 52.89646 ], [ 61.0708027, 52.909268 ], [ 61.07388, 52.9122 ], [ 61.0738486, 52.9125039 ], [ 61.0733101, 52.9177091 ], [ 61.06185, 52.92765 ], [ 61.03703, 52.94056 ], [ 61.03342, 52.94497 ], [ 61.0339632, 52.9504901 ], [ 61.03472, 52.95818 ], [ 61.0251921, 52.97999 ], [ 61.03479, 52.97982 ], [ 61.0472894, 52.9827799 ], [ 61.06772, 52.98162 ], [ 61.07793, 52.98001 ], [ 61.09456, 52.97359 ], [ 61.1110394, 52.9709352 ], [ 61.1161006, 52.9701211 ], [ 61.1187622, 52.9751581 ], [ 61.12298, 52.98314 ], [ 61.1262024, 52.9862175 ], [ 61.12943, 52.9893 ], [ 61.1401478, 52.9945792 ], [ 61.14423, 52.99659 ], [ 61.1658014, 53.0034391 ], [ 61.18215, 53.00863 ], [ 61.20989, 53.02434 ], [ 61.2173287, 53.0264019 ], [ 61.23684, 53.03181 ], [ 61.2636912, 53.0273348 ], [ 61.2714009, 53.0260493 ], [ 61.31118, 52.9954 ], [ 61.3197812, 52.9920717 ], [ 61.32268, 52.99095 ], [ 61.3337985, 52.9899708 ], [ 61.37128, 52.98667 ], [ 61.38043, 52.98809 ], [ 61.3939448, 52.9943234 ], [ 61.40248, 52.99826 ], [ 61.4053292, 53.0000304 ], [ 61.408, 53.00169 ], [ 61.43936, 53.02118 ], [ 61.4424035, 53.0235798 ], [ 61.45416, 53.03285 ], [ 61.4577071, 53.034238 ], [ 61.45968, 53.03501 ], [ 61.47731, 53.0338 ], [ 61.50216, 53.02705 ], [ 61.5136, 53.01963 ], [ 61.5355, 53.01876 ], [ 61.5447723, 53.0152088 ], [ 61.56571, 53.00719 ], [ 61.57575, 53.00232 ], [ 61.58259, 52.999 ], [ 61.62404, 52.97228 ], [ 61.6378642, 52.9649002 ], [ 61.64148, 52.96297 ], [ 61.6496822, 52.9618069 ], [ 61.65784, 52.96065 ], [ 61.66272, 52.96135 ], [ 61.6685378, 52.9647689 ], [ 61.66888, 52.96497 ], [ 61.6790746, 52.9741088 ], [ 61.68066, 52.97553 ], [ 61.6842148, 52.9769902 ], [ 61.69293, 52.98057 ], [ 61.71494, 52.99728 ], [ 61.7163968, 52.9965956 ], [ 61.71958, 52.9951 ], [ 61.74113, 52.99336 ], [ 61.75978, 52.99895 ], [ 61.77796, 52.99905 ], [ 61.78891, 52.9976 ], [ 61.800293, 52.9979824 ], [ 61.80558, 52.99816 ], [ 61.8147, 52.99992 ], [ 61.82786, 52.99548 ], [ 61.8377209, 52.9965505 ], [ 61.8398251, 52.9976015 ], [ 61.858, 53.00668 ], [ 61.864811, 53.0090789 ], [ 61.86754, 53.01004 ], [ 61.8706432, 53.0103866 ], [ 61.87703, 53.0111 ], [ 61.89292, 53.01052 ], [ 61.9216753, 52.9874235 ], [ 61.93906, 52.97346 ], [ 61.9509013, 52.9662525 ], [ 61.9574713, 52.9622542 ], [ 61.960600799999987, 52.9603497 ], [ 61.9649765, 52.9587226 ], [ 61.97523, 52.95491 ], [ 61.9783953, 52.9544583 ], [ 61.99268, 52.95242 ], [ 61.9976727, 52.9521524 ], [ 62.00798, 52.9516 ], [ 62.01791, 52.95414 ], [ 62.04001, 52.96207 ], [ 62.05998, 52.96923 ], [ 62.0825293, 52.9799106 ], [ 62.09889, 52.98766 ], [ 62.1096074, 52.991241 ], [ 62.11993, 52.99469 ], [ 62.1279149, 52.9997784 ], [ 62.1302737, 53.0012815 ], [ 62.13727, 53.00574 ], [ 62.1379798, 53.0278452 ], [ 62.13894, 53.0578 ], [ 62.13917, 53.0649 ], [ 62.133627, 53.0805618 ], [ 62.13212, 53.08482 ], [ 62.12472, 53.0938299 ], [ 62.1246026, 53.0940689 ], [ 62.1149177, 53.1137716 ], [ 62.11062, 53.1168 ], [ 62.0783004, 53.1204599 ], [ 62.03253, 53.13351 ], [ 62.01081, 53.13436 ], [ 62.01002, 53.1343954 ], [ 62.00947, 53.13442 ], [ 61.98744, 53.13332 ], [ 61.9833083, 53.1328982 ], [ 61.9461, 53.1291 ], [ 61.9385135, 53.1296721 ], [ 61.92581, 53.13063 ], [ 61.90228, 53.13482 ], [ 61.8831693, 53.1396434 ], [ 61.81139, 53.15776 ], [ 61.79902, 53.16087 ], [ 61.786584499999989, 53.1670282 ], [ 61.77184, 53.17433 ], [ 61.7640771, 53.1805878 ], [ 61.75941, 53.18435 ], [ 61.7367004, 53.2153753 ], [ 61.7343395, 53.2186005 ], [ 61.7257, 53.2266 ], [ 61.7182671, 53.2309198 ], [ 61.71646, 53.23197 ], [ 61.7076896, 53.2343609 ], [ 61.69401, 53.23809 ], [ 61.6895828, 53.240904 ], [ 61.67716, 53.2488 ], [ 61.66731, 53.25185 ], [ 61.6635514, 53.2516778 ], [ 61.64854, 53.25099 ], [ 61.6413, 53.24675 ], [ 61.6387148, 53.2439361 ], [ 61.63678, 53.24183 ], [ 61.6354981, 53.2296429 ], [ 61.6347288, 53.2223391 ], [ 61.632115, 53.2205016 ], [ 61.62914, 53.21841 ], [ 61.62194, 53.21648 ], [ 61.6098, 53.21524 ], [ 61.58117, 53.21577 ], [ 61.5178, 53.21387 ], [ 61.51198, 53.21492 ], [ 61.4942449, 53.2181252 ], [ 61.4629, 53.22379 ], [ 61.45315, 53.23343 ], [ 61.43191, 53.24942 ], [ 61.41608, 53.25876 ], [ 61.4063071, 53.2626889 ], [ 61.39526, 53.26713 ], [ 61.36943, 53.27255 ], [ 61.3518, 53.27363 ], [ 61.33893, 53.27275 ], [ 61.3033815, 53.2703164 ], [ 61.3021203, 53.27023 ], [ 61.26463, 53.27039 ], [ 61.24261, 53.27312 ], [ 61.21842, 53.28016 ], [ 61.19975, 53.2875 ], [ 61.18274, 53.29615 ], [ 61.17126, 53.30644 ], [ 61.16805, 53.31703 ], [ 61.1679911, 53.3182587 ], [ 61.16798, 53.31849 ], [ 61.1678812, 53.3204742 ], [ 61.16621, 53.35405 ], [ 61.15706, 53.37887 ], [ 61.15769, 53.38647 ], [ 61.1587615, 53.3882484 ], [ 61.16107, 53.39208 ], [ 61.1734864, 53.4009462 ], [ 61.17443, 53.40162 ], [ 61.1789799, 53.4041652 ], [ 61.21728, 53.42559 ], [ 61.218337, 53.4262929 ], [ 61.22128, 53.42825 ], [ 61.2279453, 53.432663 ], [ 61.23513, 53.43742 ], [ 61.24572, 53.49059 ], [ 61.250799, 53.4985084 ], [ 61.2538595, 53.5007533 ], [ 61.25751, 53.50343 ], [ 61.2712121, 53.505985 ], [ 61.2714001, 53.50602 ], [ 61.30135, 53.50721 ], [ 61.3134047, 53.5008074 ], [ 61.32432, 53.49501 ], [ 61.32832, 53.49288 ], [ 61.3688, 53.49467 ], [ 61.3753153, 53.4936614 ], [ 61.37765, 53.4933 ], [ 61.3785605, 53.4929484 ], [ 61.38371, 53.49096 ], [ 61.38914, 53.48299 ], [ 61.3896, 53.47672 ], [ 61.3949795, 53.4664409 ], [ 61.41867, 53.45871 ], [ 61.441358, 53.4580124 ], [ 61.44469, 53.45791 ], [ 61.4463095, 53.4582047 ], [ 61.45524, 53.45983 ], [ 61.4813, 53.46133 ], [ 61.49465, 53.46539 ], [ 61.5069082, 53.4691197 ], [ 61.51861, 53.47268 ], [ 61.53651, 53.48215 ], [ 61.541262, 53.4864924 ], [ 61.5444, 53.48936 ], [ 61.5643934, 53.4957334 ], [ 61.57897, 53.50038 ], [ 61.58516, 53.50464 ], [ 61.5881, 53.51353 ], [ 61.5882633, 53.5215112 ], [ 61.58833, 53.52477 ], [ 61.5874313, 53.5277348 ], [ 61.58572, 53.53338 ], [ 61.56676, 53.55697 ], [ 61.56595, 53.5594 ], [ 61.56256, 53.56956 ], [ 61.5577025, 53.573506699999989 ], [ 61.556, 53.57489 ], [ 61.51683, 53.58869 ], [ 61.503359, 53.5913472 ], [ 61.50299, 53.59142 ], [ 61.4921166, 53.5914832 ], [ 61.43078, 53.59184 ], [ 61.4279, 53.59132 ], [ 61.4261916, 53.5910149 ], [ 61.41463, 53.58895 ], [ 61.4097846, 53.5861205 ], [ 61.4079, 53.58502 ], [ 61.4033857, 53.5806493 ], [ 61.39533, 53.57285 ], [ 61.3710257, 53.5645142 ], [ 61.35524, 53.5591 ], [ 61.350483499999989, 53.5593265 ], [ 61.33991, 53.55983 ], [ 61.3191518, 53.5626406 ], [ 61.29663, 53.56569 ], [ 61.25867, 53.56717 ], [ 61.21725, 53.56659 ], [ 61.19254, 53.5701 ], [ 61.17224, 53.56787 ], [ 61.1567, 53.56891 ], [ 61.1548009, 53.5696246 ], [ 61.14785, 53.57224 ], [ 61.1350898, 53.5853872 ], [ 61.1346597, 53.5858302 ], [ 61.1225, 53.5938 ], [ 61.1184351, 53.5952692 ], [ 61.1142, 53.5968 ], [ 61.1100068, 53.597684799999989 ], [ 61.10311, 53.59914 ], [ 61.0954349, 53.5988391 ], [ 61.08755, 53.59853 ], [ 61.0823, 53.5990028 ], [ 61.07256, 53.59988 ], [ 61.04985, 53.60853 ], [ 61.0404407, 53.610558399999988 ], [ 61.03431, 53.61188 ], [ 61.01668, 53.61338 ], [ 61.011748399999988, 53.6137982 ], [ 61.01043, 53.61391 ], [ 60.96596, 53.613 ], [ 60.93373, 53.61437 ], [ 60.9159598, 53.6167102 ], [ 60.9093114, 53.6226687 ], [ 60.91054, 53.65174 ], [ 60.91393, 53.66298 ], [ 60.91895, 53.66694 ], [ 60.94011, 53.66988 ], [ 60.98742, 53.6708 ], [ 60.9991, 53.66945 ], [ 61.00409, 53.66713 ], [ 61.01017, 53.66084 ], [ 61.01512, 53.6519 ], [ 61.01563, 53.64463 ], [ 61.0182406, 53.6417591 ], [ 61.01894, 53.64099 ], [ 61.02893, 53.63733 ], [ 61.03449, 53.63798 ], [ 61.04063, 53.64094 ], [ 61.04401, 53.64721 ], [ 61.04628, 53.68402 ], [ 61.04717, 53.69842 ], [ 61.05723, 53.70468 ], [ 61.09125, 53.70988 ], [ 61.1108, 53.7161 ], [ 61.1378388, 53.7480786 ], [ 61.1430321, 53.7526399 ], [ 61.1524599, 53.7609199 ], [ 61.17592, 53.77122 ], [ 61.2017688, 53.7825595 ], [ 61.2046022, 53.7850141 ], [ 61.2181, 53.79671 ], [ 61.2188865, 53.8011797 ], [ 61.2199, 53.80694 ], [ 61.2190645, 53.8116619 ], [ 61.21832, 53.81587 ], [ 61.20678, 53.83243 ], [ 61.19125, 53.8424 ], [ 61.1623, 53.85307 ], [ 61.14618, 53.86171 ], [ 61.1452154, 53.8635834 ], [ 61.14341, 53.86709 ], [ 61.1389622, 53.8757232 ], [ 61.1362906, 53.8809088 ], [ 61.1272921, 53.8838457 ], [ 61.12403, 53.88491 ], [ 61.0972, 53.88796 ], [ 61.090671, 53.8864768 ], [ 61.07946, 53.88393 ], [ 61.07423, 53.88274 ], [ 61.05913, 53.88212 ], [ 61.0517672, 53.8845547 ], [ 61.04909, 53.88544 ], [ 61.0481324, 53.8861374 ], [ 61.03908, 53.89273 ], [ 61.02903, 53.89606 ], [ 61.01561, 53.89741 ], [ 60.98988, 53.89713 ], [ 60.98717, 53.8993827 ], [ 60.98431, 53.90176 ], [ 60.9839929, 53.9044624 ], [ 60.98299, 53.91301 ], [ 60.99904, 53.93147 ], [ 61.0144352, 53.9424328 ], [ 61.02773, 53.9519 ], [ 61.0367105, 53.95419 ], [ 61.0680899, 53.95511 ], [ 61.0682546, 53.955101 ], [ 61.1, 53.95337 ], [ 61.1129433, 53.9559429 ], [ 61.12133, 53.95761 ], [ 61.12531, 53.95805 ], [ 61.1553347, 53.9613508 ], [ 61.1575079, 53.9615898 ], [ 61.163023699999989, 53.957636 ], [ 61.1655691, 53.9558106 ], [ 61.174609599999989, 53.9405498 ], [ 61.18263, 53.92701 ], [ 61.18707, 53.92369 ], [ 61.195801300000014, 53.920040899999989 ], [ 61.19822, 53.91903 ], [ 61.2125153, 53.9160632 ], [ 61.2144105, 53.91567 ], [ 61.2369993, 53.9150974 ], [ 61.2451804, 53.9148901 ], [ 61.25641, 53.91749 ], [ 61.2603687, 53.9207789 ], [ 61.26097, 53.92408 ], [ 61.256, 53.92972 ], [ 61.25225, 53.94361 ], [ 61.2563, 53.95416 ], [ 61.25734, 53.95527 ], [ 61.2739, 53.97292 ], [ 61.27679, 53.97952 ], [ 61.2757298, 53.9848101 ], [ 61.26181, 53.99279 ], [ 61.2479692, 54.0067219 ], [ 61.2477417, 54.007245 ], [ 61.24523, 54.01302 ], [ 61.24758, 54.0216 ], [ 61.25615, 54.03412 ], [ 61.27988, 54.0469 ], [ 61.2841075, 54.0498383 ], [ 61.29972, 54.06069 ], [ 61.30534, 54.0714023 ], [ 61.30643, 54.07348 ], [ 61.3093528, 54.0730971 ], [ 61.31185, 54.07277 ], [ 61.33132, 54.07979 ], [ 61.36235, 54.0774 ], [ 61.37051, 54.07851 ], [ 61.3735772, 54.0806117 ], [ 61.37715, 54.08306 ], [ 61.3862424, 54.0862221 ], [ 61.39469, 54.08916 ], [ 61.40787, 54.08751 ], [ 61.42185, 54.08814 ], [ 61.43811, 54.08442 ], [ 61.4485292, 54.084224799999987 ], [ 61.46106, 54.08399 ], [ 61.4649524, 54.0806785 ], [ 61.4751292, 54.0720207 ], [ 61.4917098, 54.0250106 ], [ 61.4928131, 54.0233842 ], [ 61.49553, 54.01938 ], [ 61.5107705, 54.0115181 ], [ 61.51887, 54.00734 ], [ 61.54013, 54.0039 ], [ 61.55472, 54.00447 ], [ 61.5582843, 54.0036811 ], [ 61.56353, 54.00252 ], [ 61.567, 54.00175 ], [ 61.58146, 53.99538 ], [ 61.587902299999989, 53.9875563 ], [ 61.59186, 53.98275 ], [ 61.59705, 53.96223 ], [ 61.60088, 53.95758 ], [ 61.6033431, 53.9566636 ], [ 61.60811, 53.95489 ], [ 61.6105398, 53.9545519 ], [ 61.61314, 53.95419 ], [ 61.6170518, 53.956221899999989 ], [ 61.6188, 53.95713 ], [ 61.6204026, 53.9594098 ], [ 61.63035, 53.97356 ], [ 61.6341464, 53.9818424 ], [ 61.64092, 53.99662 ], [ 61.65864, 54.01202 ], [ 61.6873996, 54.016254399999987 ], [ 61.70204, 54.01841 ], [ 61.7120255, 54.0208006 ], [ 61.71879, 54.02242 ], [ 61.7325891, 54.0275158 ], [ 61.7376077, 54.0293692 ], [ 61.7458466, 54.016295 ], [ 61.75002, 54.00967 ], [ 61.77042, 53.99496 ], [ 61.79202, 53.98421 ], [ 61.793469, 53.9843993 ], [ 61.80159, 53.98546 ], [ 61.8041879, 53.9866715 ], [ 61.80783, 53.98837 ], [ 61.8114997, 53.992839 ], [ 61.81187, 53.99329 ], [ 61.8137237, 53.9962404 ], [ 61.8224, 54.01005 ], [ 61.82044, 54.02282 ], [ 61.82853, 54.0244 ], [ 61.84613, 54.03204 ], [ 61.8532796, 54.0323909 ], [ 61.8542802, 54.0324398 ], [ 61.85997, 54.02669 ], [ 61.8505566, 54.019204599999988 ], [ 61.844593, 54.0144624 ], [ 61.8480263, 54.0116095 ], [ 61.85069, 54.0094 ], [ 61.8547158, 54.0092582 ], [ 61.85921, 54.0091 ], [ 61.86944, 54.01633 ], [ 61.87994, 54.01808 ], [ 61.9079998, 54.0083501 ], [ 61.907143, 54.0072804 ], [ 61.89482, 53.9919 ], [ 61.8819489, 53.9805647 ], [ 61.87588, 53.97522 ], [ 61.87295, 53.97029 ], [ 61.87451, 53.96598 ], [ 61.8748091, 53.9658819 ], [ 61.89006, 53.96088 ], [ 61.93141, 53.95686 ], [ 61.9365945, 53.9537031 ], [ 61.94959, 53.94579 ], [ 61.98208, 53.9458 ], [ 61.99217, 53.94636 ], [ 62.02752, 53.94831 ], [ 62.04229, 53.9551 ], [ 62.0443291, 53.9590247 ], [ 62.04468, 53.9597 ], [ 62.04221, 53.97063 ], [ 62.03742, 53.97894 ], [ 62.02772, 53.99193 ], [ 62.01247, 54.00695 ], [ 62.00498, 54.01925 ], [ 62.0038702, 54.0244724 ], [ 62.0030104, 54.0285207 ], [ 62.00653, 54.03377 ], [ 62.01264, 54.03695 ], [ 62.0129199, 54.0370954 ], [ 62.01828, 54.03988 ], [ 62.03086, 54.03853 ], [ 62.0312008, 54.0385603 ], [ 62.04019, 54.03936 ], [ 62.05005, 54.04589 ], [ 62.07314, 54.05566 ], [ 62.08839, 54.05787 ], [ 62.0964255, 54.0565796 ], [ 62.10346, 54.05545 ], [ 62.1118972, 54.0529568 ], [ 62.12346, 54.04954 ], [ 62.13378, 54.04419 ], [ 62.13792, 54.03958 ], [ 62.1484024, 54.0389287 ], [ 62.1685, 54.03768 ], [ 62.18272, 54.0332 ], [ 62.20559, 54.03297 ], [ 62.21819, 54.03946 ], [ 62.2248016, 54.0400693 ], [ 62.225435, 54.0397928 ], [ 62.23284, 54.03656 ], [ 62.2339001, 54.0364581 ], [ 62.23825, 54.03604 ], [ 62.2406157, 54.036807 ], [ 62.24374, 54.03782 ], [ 62.2514292, 54.0379587 ], [ 62.2514991, 54.03796 ], [ 62.2593193, 54.0371983 ], [ 62.2646405, 54.03668 ], [ 62.28484, 54.0376 ], [ 62.3066882, 54.0363772 ], [ 62.33594, 54.03474 ], [ 62.3447418, 54.0356367 ], [ 62.34605, 54.03577 ], [ 62.3544235, 54.0390107 ], [ 62.37486, 54.04692 ], [ 62.3819737, 54.0495063 ], [ 62.38809, 54.05173 ], [ 62.4027, 54.04767 ], [ 62.40394, 54.0482483 ], [ 62.42084, 54.05613 ], [ 62.4266871, 54.0557582 ], [ 62.43751, 54.05507 ], [ 62.4619321, 54.0423295 ], [ 62.48733, 54.02908 ], [ 62.4889391, 54.0268611 ], [ 62.48952, 54.02606 ], [ 62.4869341, 54.0230215 ], [ 62.48175, 54.01693 ], [ 62.47141, 54.01218 ], [ 62.4159, 53.99771 ], [ 62.4140394, 53.9960362 ], [ 62.4135101, 53.9955601 ], [ 62.4134124, 53.9951719 ], [ 62.41133, 53.98689 ], [ 62.42081, 53.96969 ], [ 62.4226031, 53.9664306 ], [ 62.42295, 53.9658 ], [ 62.44161, 53.93645 ], [ 62.4431281, 53.9351727 ], [ 62.45409, 53.92595 ], [ 62.49879, 53.91499 ], [ 62.53134, 53.90039 ], [ 62.5351442, 53.8998609 ], [ 62.54004, 53.89918 ], [ 62.5458392, 53.8995404 ], [ 62.55066, 53.89984 ], [ 62.55725, 53.90328 ], [ 62.5587913, 53.906346199999987 ], [ 62.56102, 53.91078 ], [ 62.562279599999989, 53.913269199999988 ], [ 62.56027, 53.92009 ], [ 62.54844, 53.93441 ], [ 62.5509696, 53.9398092 ], [ 62.55819, 53.94705 ], [ 62.57812, 53.96035 ], [ 62.582654, 53.9702636 ], [ 62.58627, 53.97817 ], [ 62.5895558, 53.981036 ], [ 62.59394, 53.98486 ], [ 62.61061, 53.98711 ], [ 62.6183867, 53.9899173 ], [ 62.62809, 53.99342 ], [ 62.63449, 53.99442 ], [ 62.6367772, 53.9960494 ], [ 62.64047, 53.99868 ], [ 62.64105, 54.00347 ], [ 62.6415982, 54.0037093 ], [ 62.6481503, 54.0065716 ], [ 62.648529, 54.0088685 ], [ 62.64969, 54.01591 ], [ 62.66232, 54.02203 ], [ 62.6685862, 54.0254531 ], [ 62.67107, 54.02681 ], [ 62.6811996, 54.02804 ], [ 62.69511, 54.03629 ], [ 62.7011935, 54.0362078 ], [ 62.70325, 54.03618 ], [ 62.71031, 54.03813 ], [ 62.71836, 54.0451 ], [ 62.7217425, 54.0503106 ], [ 62.72541, 54.05596 ], [ 62.7308079, 54.0602182 ], [ 62.7322306, 54.0613402 ], [ 62.73933, 54.06398 ], [ 62.75216, 54.06448 ], [ 62.7566508, 54.0658144 ], [ 62.76828, 54.06927 ], [ 62.7784034, 54.0767465 ], [ 62.7807091, 54.0784493 ], [ 62.7889843, 54.0795356 ], [ 62.79946, 54.08091 ], [ 62.8094409, 54.087381 ], [ 62.8110411, 54.089187 ], [ 62.81714, 54.09607 ], [ 62.81803, 54.09707 ], [ 62.8166938, 54.0997611 ], [ 62.81517, 54.10283 ], [ 62.81116, 54.10883 ], [ 62.815472799999988, 54.1149009 ], [ 62.816138699999989, 54.1158382 ], [ 62.82316, 54.11642 ], [ 62.8317142, 54.1143387 ], [ 62.83623, 54.11324 ], [ 62.85134, 54.11232 ], [ 62.8565072, 54.1133938 ], [ 62.86467, 54.11509 ], [ 62.8737773, 54.1133253 ], [ 62.8762306, 54.1128502 ], [ 62.88922, 54.11653 ], [ 62.90734, 54.1135 ], [ 62.914794099999988, 54.1155382 ], [ 62.91758, 54.1163 ], [ 62.921175, 54.116595 ], [ 62.92928, 54.11726 ], [ 62.9373911, 54.1163535 ], [ 62.94127, 54.11592 ], [ 62.9415841, 54.1157956 ], [ 62.9569, 54.10973 ], [ 62.97081, 54.1079 ], [ 62.976787699999988, 54.108576 ], [ 62.98487, 54.10949 ], [ 62.98983, 54.10758 ], [ 62.993994, 54.1072384 ], [ 62.99495, 54.10716 ], [ 62.9965888, 54.1070247 ], [ 63.00028, 54.10672 ], [ 63.00734, 54.1082 ], [ 63.0094504, 54.1081889 ], [ 63.01871, 54.10814 ], [ 63.04007, 54.10217 ], [ 63.0490452, 54.1014539 ], [ 63.06213, 54.10041 ], [ 63.0794, 54.104 ], [ 63.12116, 54.10783 ], [ 63.1300469, 54.1100192 ], [ 63.13415, 54.11103 ], [ 63.14762, 54.11582 ], [ 63.1617894, 54.1267596 ], [ 63.161932199999988, 54.1294926 ], [ 63.16217, 54.13406 ], [ 63.1634409, 54.1376966 ], [ 63.16939, 54.15472 ], [ 63.1671082, 54.1613913 ], [ 63.159068, 54.1671885 ], [ 63.15736, 54.16842 ], [ 63.1538401, 54.1755697 ], [ 63.1546322, 54.177038 ], [ 63.16031, 54.18756 ], [ 63.16835, 54.19244 ], [ 63.2035907, 54.1963704 ], [ 63.2092044, 54.1996751 ], [ 63.21526, 54.20324 ], [ 63.22733, 54.20324 ], [ 63.2326804, 54.2046035 ], [ 63.2340417, 54.2049499 ], [ 63.2429694, 54.20432 ], [ 63.244634399999988, 54.2019738 ], [ 63.24839, 54.19668 ], [ 63.25294, 54.19431 ], [ 63.2553989, 54.19395 ], [ 63.26182, 54.19301 ], [ 63.27717, 54.19614 ], [ 63.28951, 54.20113 ], [ 63.29391, 54.20291 ], [ 63.3014832, 54.2031324 ], [ 63.30753, 54.20331 ], [ 63.30795, 54.20332 ], [ 63.3091054, 54.2028369 ], [ 63.31137, 54.20189 ], [ 63.3249922, 54.201734 ], [ 63.34018, 54.20156 ], [ 63.3812, 54.1971 ], [ 63.3936367, 54.194550899999989 ], [ 63.39852, 54.19355 ], [ 63.403685, 54.1935383 ], [ 63.41176, 54.19352 ], [ 63.43001, 54.19932 ], [ 63.45415, 54.19929 ], [ 63.4700189, 54.202232599999988 ], [ 63.4840808, 54.2048408 ], [ 63.49068, 54.21081 ], [ 63.4927313, 54.21266 ], [ 63.50091, 54.21249 ], [ 63.51645, 54.20554 ], [ 63.5197721, 54.2073548 ], [ 63.52088, 54.20796 ], [ 63.5228745, 54.210743 ], [ 63.52685, 54.21629 ], [ 63.5296146, 54.2159387 ], [ 63.5311, 54.21575 ], [ 63.53318, 54.2140547 ], [ 63.53629, 54.21152 ], [ 63.54292, 54.21161 ], [ 63.5560893, 54.2165898 ], [ 63.5598108, 54.217214 ], [ 63.5826294, 54.2210405 ], [ 63.5902, 54.22231 ], [ 63.5983619, 54.2256982 ], [ 63.60475, 54.22835 ], [ 63.6175697, 54.2286965 ], [ 63.61881, 54.22873 ], [ 63.62842, 54.23286 ], [ 63.64102, 54.23487 ], [ 63.6528, 54.24238 ], [ 63.69367, 54.24719 ], [ 63.7019156, 54.250634 ], [ 63.7077, 54.25305 ], [ 63.71912, 54.25485 ], [ 63.73004, 54.259 ], [ 63.7316146, 54.2595955 ], [ 63.73673, 54.26153 ], [ 63.74601, 54.26041 ], [ 63.78733, 54.26799 ], [ 63.80326, 54.27052 ], [ 63.8082095, 54.2755318 ], [ 63.81121, 54.27857 ], [ 63.8171, 54.27912 ], [ 63.8266217, 54.2772104 ], [ 63.8352, 54.27549 ], [ 63.84416, 54.27528 ], [ 63.85234, 54.27767 ], [ 63.88041, 54.28585 ], [ 63.8881, 54.2843 ], [ 63.9001425, 54.2766496 ], [ 63.9075396, 54.2719503 ], [ 63.92277, 54.27775 ], [ 63.9371517, 54.2769512 ], [ 63.9441313, 54.2818098 ], [ 63.95147, 54.28071 ], [ 63.9531287, 54.2790247 ], [ 63.95584, 54.27627 ], [ 63.9597755, 54.2754498 ], [ 63.9608304, 54.2752303 ], [ 63.962112899999987, 54.2760435 ], [ 63.96534, 54.27809 ], [ 63.9751195, 54.2785334 ], [ 63.9738919, 54.286731 ], [ 63.9797285, 54.2898568 ], [ 63.9826082, 54.291399 ], [ 63.97954, 54.29649 ], [ 63.98766, 54.30634 ], [ 63.99621, 54.31116 ], [ 64.00001, 54.3097 ], [ 64.0022602, 54.3072343 ], [ 64.0047118, 54.304550299999988 ], [ 64.01893, 54.30671 ], [ 64.018921, 54.3017992 ], [ 64.01892, 54.3012216 ], [ 64.01017, 54.28819 ], [ 64.0133298, 54.2833103 ], [ 64.03076, 54.2815 ], [ 64.0335674, 54.2825356 ], [ 64.04239, 54.28579 ], [ 64.0571767, 54.2944479 ], [ 64.0603408, 54.2963012 ], [ 64.07001, 54.31092 ], [ 64.0779667, 54.3169028 ], [ 64.0791187, 54.317769 ], [ 64.0851559, 54.3169236 ], [ 64.0911, 54.31609 ], [ 64.1048104, 54.3114002 ], [ 64.107906, 54.3129194 ], [ 64.1145499, 54.31618 ], [ 64.12192, 54.31554 ], [ 64.14235, 54.30678 ], [ 64.1466505, 54.3066661 ], [ 64.15405, 54.30647 ], [ 64.1627564, 54.308488 ], [ 64.16915, 54.30997 ], [ 64.182338, 54.3077192 ], [ 64.18497, 54.30727 ], [ 64.1899901, 54.3088597 ], [ 64.19097, 54.30917 ], [ 64.1983879, 54.3135915 ], [ 64.21226, 54.32186 ], [ 64.21866, 54.32375 ], [ 64.24146, 54.3204 ], [ 64.2453572, 54.3214197 ], [ 64.24704, 54.32186 ], [ 64.25985, 54.32083 ], [ 64.2753108, 54.3254701 ], [ 64.29267, 54.33068 ], [ 64.3054531, 54.3308432 ], [ 64.31382, 54.33095 ], [ 64.3189012, 54.3310086 ], [ 64.32162, 54.33104 ], [ 64.3305, 54.32965 ], [ 64.346117600000014, 54.3330707 ], [ 64.35278, 54.33453 ], [ 64.3612172, 54.3342216 ], [ 64.3785, 54.33359 ], [ 64.41555, 54.32775 ], [ 64.4236286, 54.3277102 ], [ 64.4257, 54.3277 ], [ 64.43439, 54.32883 ], [ 64.44932, 54.33435 ], [ 64.4536875, 54.3350639 ], [ 64.45764, 54.33571 ], [ 64.46160350000001, 54.3399101 ], [ 64.46836, 54.34707 ], [ 64.4680699, 54.3517286 ], [ 64.46769, 54.35783 ], [ 64.47594, 54.36285 ], [ 64.4841052, 54.3647791 ], [ 64.48631, 54.3653 ], [ 64.4866405, 54.3652803 ], [ 64.48715, 54.36525 ], [ 64.4937087, 54.3648601 ], [ 64.4957897, 54.3638971 ], [ 64.50764, 54.35841 ], [ 64.5128866, 54.3588264 ], [ 64.51709, 54.35916 ], [ 64.5199536, 54.3577417 ], [ 64.52347, 54.356 ], [ 64.52895, 54.35607 ], [ 64.54765, 54.36444 ], [ 64.5671602, 54.3654622 ], [ 64.5673082, 54.3654699 ], [ 64.5689292, 54.3668847 ], [ 64.57111, 54.36879 ], [ 64.5742129, 54.3698699 ], [ 64.5804265, 54.3720324 ], [ 64.582, 54.37258 ], [ 64.5918, 54.37275 ], [ 64.5942102, 54.3737287 ], [ 64.59707, 54.37489 ], [ 64.60114, 54.38574 ], [ 64.6206616, 54.3950226 ], [ 64.62196, 54.39564 ], [ 64.63555, 54.39432 ], [ 64.640055, 54.396545 ], [ 64.64211, 54.39756 ], [ 64.648, 54.39784 ], [ 64.6546188, 54.3937401 ], [ 64.65654, 54.39255 ], [ 64.66047, 54.39266 ], [ 64.670856300000011, 54.3953142 ], [ 64.68074, 54.39784 ], [ 64.6829, 54.39839 ], [ 64.70665, 54.40133 ], [ 64.7243, 54.40171 ], [ 64.73354, 54.40417 ], [ 64.74258, 54.40458 ], [ 64.74982, 54.39795 ], [ 64.74468, 54.39352 ], [ 64.7461258, 54.3883994 ], [ 64.74719, 54.38463 ], [ 64.7448809, 54.3602498 ], [ 64.7507797, 54.3589692 ], [ 64.7550621, 54.3580403 ], [ 64.755855, 54.3581679 ], [ 64.7654571, 54.3597122 ], [ 64.80965, 54.36682 ], [ 64.8574, 54.38223 ], [ 64.8872223, 54.3955387 ], [ 64.906689, 54.400694 ], [ 64.930787, 54.412756 ], [ 64.956087, 54.417224 ], [ 64.9656538, 54.4207808 ], [ 64.968655, 54.4204973 ], [ 64.97794, 54.41962 ], [ 64.9793089, 54.419033 ], [ 64.982881, 54.414965 ], [ 64.98831, 54.412139 ], [ 64.993787, 54.41035 ], [ 64.999177, 54.406953 ], [ 65.035747, 54.387298 ], [ 65.055519, 54.375683 ], [ 65.070199, 54.365518 ], [ 65.086838, 54.348455 ], [ 65.104243, 54.334534 ], [ 65.121107, 54.330386 ], [ 65.150025, 54.337163 ], [ 65.1827939, 54.341728599999989 ], [ 65.197614800000011, 54.3410163 ], [ 65.221956, 54.334286 ], [ 65.234131, 54.342205 ], [ 65.262715, 54.362419 ], [ 65.239194, 54.37575 ], [ 65.22907, 54.414858 ], [ 65.222007, 54.436988 ], [ 65.200908, 54.452181 ], [ 65.201278, 54.465849 ], [ 65.218309, 54.470354 ], [ 65.214483, 54.47715 ], [ 65.223337, 54.49007 ], [ 65.212465, 54.531772 ], [ 65.2128095, 54.5334387 ], [ 65.21376, 54.53414 ], [ 65.2486471, 54.5482429 ], [ 65.263608, 54.54662 ], [ 65.306026, 54.568396 ], [ 65.328632, 54.570013 ], [ 65.357903, 54.577404 ], [ 65.373148, 54.57613 ], [ 65.379398, 54.573395 ], [ 65.4049329, 54.5776923 ], [ 65.4082819, 54.5770786 ], [ 65.44609, 54.57015 ], [ 65.4524616, 54.5696784 ], [ 65.457111, 54.5693342 ], [ 65.464698, 54.566447 ], [ 65.481093, 54.565744 ], [ 65.50383, 54.570918 ], [ 65.495718, 54.578441 ], [ 65.494825, 54.596653 ], [ 65.456451, 54.624375 ], [ 65.4643591, 54.6412474 ], [ 65.46808, 54.64369 ], [ 65.49101, 54.65029 ], [ 65.4943006, 54.6505743 ], [ 65.50131, 54.65118 ], [ 65.5395502, 54.6436687 ], [ 65.550026, 54.636886 ], [ 65.553747, 54.636156 ], [ 65.570385, 54.636959 ], [ 65.594484, 54.637117 ], [ 65.6091187, 54.6395252 ], [ 65.62154, 54.6388 ], [ 65.6251192, 54.6385891 ], [ 65.63206, 54.63818 ], [ 65.6471688, 54.6344865 ], [ 65.67088, 54.62869 ], [ 65.6793392, 54.6258016 ], [ 65.69305, 54.62112 ], [ 65.7046767, 54.6154914 ], [ 65.71445, 54.61076 ], [ 65.72976, 54.60526 ], [ 65.7363593, 54.6040152 ], [ 65.7419, 54.60297 ], [ 65.75526, 54.60347 ], [ 65.7636802, 54.6051779 ], [ 65.76798, 54.60605 ], [ 65.7703978, 54.6070843 ], [ 65.77733, 54.61005 ], [ 65.7928898, 54.621536 ], [ 65.7964786, 54.6241851 ], [ 65.799704, 54.624024 ], [ 65.830768, 54.6531561 ], [ 65.844608, 54.6951859 ], [ 65.84616, 54.6957892 ], [ 65.8524845, 54.6982479 ], [ 65.8695727, 54.7006328 ], [ 65.905806, 54.7061444 ], [ 65.9481655, 54.7122197 ], [ 65.96053, 54.71042 ], [ 65.96719, 54.7068 ], [ 65.9699727, 54.702500799999989 ], [ 65.9713, 54.70045 ], [ 65.9707193, 54.6922389 ], [ 65.95133, 54.65778 ], [ 65.9506599, 54.6509276 ], [ 65.94965, 54.6406 ], [ 65.95244, 54.63096 ], [ 65.95843, 54.62556 ], [ 65.96719, 54.62108 ], [ 65.98354, 54.61622 ], [ 65.9843, 54.61599 ], [ 66.0034054, 54.6171123 ], [ 66.02005, 54.61809 ], [ 66.0446349, 54.6242918 ], [ 66.05763, 54.62757 ], [ 66.0759729, 54.630606899999989 ], [ 66.12564, 54.63883 ], [ 66.1402584, 54.6431927 ], [ 66.14226, 54.64379 ], [ 66.1534031, 54.6461892 ], [ 66.18838, 54.65372 ], [ 66.30266, 54.67824 ], [ 66.3143404, 54.681241 ], [ 66.34454, 54.689 ], [ 66.3613296, 54.69121 ], [ 66.39225, 54.69528 ], [ 66.51523, 54.7114 ], [ 66.5598363, 54.718326 ], [ 66.60282, 54.725 ], [ 66.65714, 54.7334 ], [ 66.68729, 54.73249 ], [ 66.71873, 54.72508 ], [ 66.7274373, 54.7250694 ], [ 66.7352, 54.72506 ], [ 66.7554553, 54.7419273 ], [ 66.75744, 54.74358 ], [ 66.78169, 54.76045 ], [ 66.7828761, 54.7608325 ], [ 66.78445, 54.76134 ], [ 66.7965597, 54.7652782 ], [ 66.7975811, 54.7656102 ], [ 66.7996533, 54.765882 ], [ 66.8421, 54.77145 ], [ 66.95193, 54.7787 ], [ 66.9751332, 54.7786812 ], [ 66.98893, 54.77867 ], [ 66.99758, 54.77762 ], [ 67.0322702, 54.77342 ], [ 67.0347072, 54.7735301 ], [ 67.04843, 54.77415 ], [ 67.0548131, 54.7772522 ], [ 67.0594984, 54.7795292 ], [ 67.06293, 54.78451 ], [ 67.0735321, 54.7919476 ], [ 67.07938, 54.79605 ], [ 67.08926, 54.79942 ], [ 67.0972288, 54.8008988 ], [ 67.09799, 54.80104 ], [ 67.1430008, 54.8031793 ], [ 67.1609, 54.80403 ], [ 67.1729364, 54.8058966 ], [ 67.19198, 54.80885 ], [ 67.23589, 54.81565 ], [ 67.26015, 54.81671 ], [ 67.2695004, 54.818605 ], [ 67.28043, 54.82082 ], [ 67.29174, 54.82745 ], [ 67.29552, 54.84581 ], [ 67.30163, 54.85915 ], [ 67.30832, 54.86473 ], [ 67.3106811, 54.8655753 ], [ 67.31399, 54.86676 ], [ 67.33612, 54.86535 ], [ 67.34715, 54.861 ], [ 67.3579986, 54.856720499999987 ], [ 67.3591187, 54.8565415 ], [ 67.36759, 54.85519 ], [ 67.3767673, 54.8518082 ], [ 67.38067, 54.85037 ], [ 67.40721, 54.84871 ], [ 67.43855, 54.84911 ], [ 67.48646, 54.85248 ], [ 67.49918, 54.85103 ], [ 67.5302, 54.84111 ], [ 67.5525305, 54.8383601 ], [ 67.55375, 54.83858 ], [ 67.5771419, 54.8427312 ], [ 67.5792206, 54.8431003 ], [ 67.5819481, 54.844340499999987 ], [ 67.59998, 54.85254 ], [ 67.60958, 54.85382 ], [ 67.6221092, 54.8533724 ], [ 67.63757, 54.85282 ], [ 67.71964, 54.87047 ], [ 67.75233, 54.87871 ], [ 67.7537633, 54.8792961 ], [ 67.75502, 54.87981 ], [ 67.7562779, 54.8803247 ], [ 67.76289, 54.88303 ], [ 67.7681299, 54.8862788 ], [ 67.77089, 54.88799 ], [ 67.7749377, 54.8947524 ], [ 67.77836, 54.90047 ], [ 67.7797608, 54.9035497 ], [ 67.7805833, 54.9053597 ], [ 67.78122, 54.90676 ], [ 67.7811, 54.91399 ], [ 67.79347, 54.94218 ], [ 67.8086891, 54.9552592 ], [ 67.82358, 54.96113 ], [ 67.84188, 54.97119 ], [ 67.86753, 54.97698 ], [ 67.8685331, 54.9770685 ], [ 67.8695387, 54.9771654 ], [ 67.8844, 54.9786 ], [ 67.8954812, 54.9773862 ], [ 67.90905, 54.9759 ], [ 67.93317, 54.97015 ], [ 68.0066639, 54.9455556 ], [ 68.00943, 54.94463 ], [ 68.02305, 54.94308 ], [ 68.0417118, 54.9441654 ], [ 68.04523, 54.94437 ], [ 68.0462998, 54.9446599 ], [ 68.057, 54.94756 ], [ 68.06987, 54.94963 ], [ 68.09944, 54.95438 ], [ 68.20141, 54.95794 ], [ 68.2098581, 54.9600195 ], [ 68.21647, 54.96685 ], [ 68.2164586, 54.9670086 ], [ 68.21621, 54.97048 ], [ 68.20628, 54.9801 ], [ 68.2061025, 54.9831292 ], [ 68.20584, 54.98761 ], [ 68.2074866, 54.9967998 ], [ 68.20806, 55.0 ], [ 68.20826, 55.00111 ], [ 68.20836, 55.00165 ], [ 68.2100624, 55.0049151 ], [ 68.21932, 55.02267 ], [ 68.2357956, 55.0371603 ], [ 68.24654, 55.04661 ], [ 68.2804339, 55.0621968 ], [ 68.28529, 55.06443 ], [ 68.28795, 55.06917 ], [ 68.2867287, 55.0723407 ], [ 68.2814, 55.07524 ], [ 68.25907, 55.08353 ], [ 68.24718, 55.0974 ], [ 68.2456641, 55.0983386 ], [ 68.24395, 55.0994 ], [ 68.21479, 55.11738 ], [ 68.20299, 55.12684 ], [ 68.2002061, 55.1301343 ], [ 68.19519, 55.13607 ], [ 68.1952182, 55.1368991 ], [ 68.1954, 55.14225 ], [ 68.2032529, 55.1525843 ], [ 68.2036588, 55.1531184 ], [ 68.20245, 55.15887 ], [ 68.1982162, 55.1642054 ], [ 68.1973, 55.16536 ], [ 68.17691, 55.18229 ], [ 68.1770645, 55.1831511 ], [ 68.17778, 55.18714 ], [ 68.183549, 55.1891297 ], [ 68.19582, 55.1897 ], [ 68.21626, 55.18913 ], [ 68.25415, 55.18807 ], [ 68.29149, 55.19746 ], [ 68.3038622, 55.1955844 ], [ 68.30554, 55.19533 ], [ 68.33326, 55.17922 ], [ 68.3388272, 55.1784663 ], [ 68.34338, 55.17785 ], [ 68.35607, 55.1807 ], [ 68.3596741, 55.1836655 ], [ 68.37097, 55.19296 ], [ 68.387338, 55.1961295 ], [ 68.38827, 55.19631 ], [ 68.3904874, 55.1963213 ], [ 68.40001, 55.19637 ], [ 68.4022579, 55.1960562 ], [ 68.40617, 55.19551 ], [ 68.4195153, 55.1936271 ], [ 68.43211, 55.19185 ], [ 68.4677565, 55.1906 ], [ 68.4823, 55.19009 ], [ 68.51849, 55.19304 ], [ 68.55744, 55.20097 ], [ 68.573122, 55.2017028 ], [ 68.57884, 55.20197 ], [ 68.5805864, 55.2015659 ], [ 68.58489, 55.20057 ], [ 68.5944987, 55.1917112 ], [ 68.5981011, 55.1904725 ], [ 68.6, 55.18982 ], [ 68.602347, 55.1897097 ], [ 68.6117, 55.18927 ], [ 68.61744, 55.189 ], [ 68.62149, 55.19133 ], [ 68.6292902, 55.2004547 ], [ 68.6305732, 55.2019555 ], [ 68.63427, 55.20628 ], [ 68.6411692, 55.2218298 ], [ 68.6414, 55.22235 ], [ 68.6414, 55.229776 ], [ 68.6414, 55.2412 ], [ 68.64732, 55.2509 ], [ 68.654198, 55.257439 ], [ 68.65726, 55.26035 ], [ 68.6700423, 55.2637067 ], [ 68.68582, 55.26785 ], [ 68.6970916, 55.2751859 ], [ 68.70392, 55.27963 ], [ 68.7045641, 55.281347599999989 ], [ 68.70827, 55.29123 ], [ 68.7097988, 55.2953256 ], [ 68.71232, 55.30208 ], [ 68.7225239, 55.3106711 ], [ 68.72801, 55.31529 ], [ 68.7243314, 55.3260146 ], [ 68.72222, 55.33217 ], [ 68.72469, 55.34028 ], [ 68.7439394, 55.352795 ], [ 68.7475, 55.35511 ], [ 68.7568055, 55.3570004 ], [ 68.76591, 55.35885 ], [ 68.79097, 55.35727 ], [ 68.7975106, 55.3560567 ], [ 68.81415, 55.35297 ], [ 68.8345226, 55.3464611 ], [ 68.83534, 55.3462 ], [ 68.8360465, 55.3459746 ], [ 68.85252, 55.34072 ], [ 68.89145, 55.32455 ], [ 68.90644, 55.32023 ], [ 68.9510227, 55.301618 ], [ 68.97375, 55.29213 ], [ 68.98619, 55.28874 ], [ 68.9887727, 55.2885755 ], [ 68.99467, 55.2882 ], [ 69.00628, 55.29416 ], [ 69.0112709, 55.2995356 ], [ 69.0114701, 55.2997503 ], [ 69.01205, 55.3013 ], [ 69.0144, 55.30757 ], [ 69.01097, 55.32432 ], [ 68.99943, 55.34134 ], [ 68.9880967, 55.3500195 ], [ 68.98175, 55.35488 ], [ 68.9792537, 55.3560355 ], [ 68.97138, 55.35968 ], [ 68.95807, 55.3611895 ], [ 68.95542, 55.36149 ], [ 68.9447552, 55.3585321 ], [ 68.93047, 55.35457 ], [ 68.924375, 55.3571926 ], [ 68.92129, 55.35852 ], [ 68.9192791, 55.3656401 ], [ 68.91676, 55.37456 ], [ 68.91658, 55.38607 ], [ 68.91635, 55.39989 ], [ 68.92468, 55.41898 ], [ 68.93907, 55.42967 ], [ 68.9478, 55.43139 ], [ 68.9483372, 55.431495 ], [ 68.94995, 55.43181 ], [ 68.98661, 55.43125 ], [ 69.0252678, 55.4250506 ], [ 69.02708, 55.42476 ], [ 69.0275783, 55.424665 ], [ 69.05594, 55.41926 ], [ 69.08641, 55.41056 ], [ 69.1097822, 55.4012111 ], [ 69.13971, 55.38924 ], [ 69.1530966, 55.378845 ], [ 69.16007, 55.37343 ], [ 69.18211, 55.34399 ], [ 69.1838234, 55.3417055 ], [ 69.18571, 55.33919 ], [ 69.19145, 55.33623 ], [ 69.19849, 55.33524 ], [ 69.231273, 55.3402099 ], [ 69.26353, 55.3451 ], [ 69.3302, 55.36258 ], [ 69.3543192, 55.3645801 ], [ 69.37313, 55.36614 ], [ 69.38484, 55.36499 ], [ 69.40691, 55.36281 ], [ 69.4406572, 55.3528238 ], [ 69.47051, 55.34399 ], [ 69.48896, 55.34117 ], [ 69.51807, 55.34795 ], [ 69.58997, 55.35045 ], [ 69.5914524, 55.350507 ], [ 69.59257, 55.35055 ], [ 69.5929647, 55.3505221 ], [ 69.59342, 55.35049 ], [ 69.61586, 55.34918 ], [ 69.66804, 55.34294 ], [ 69.68643, 55.3357 ], [ 69.73094, 55.32558 ], [ 69.77091, 55.31344 ], [ 69.7844758, 55.3109721 ], [ 69.79812, 55.30849 ], [ 69.8315, 55.3024 ], [ 69.8488411, 55.295792 ], [ 69.8616, 55.29093 ], [ 69.8630882, 55.2900834 ], [ 69.87408, 55.28383 ], [ 69.8808734, 55.2778029 ], [ 69.88392, 55.2751 ], [ 69.8953045, 55.2529169 ], [ 69.90005, 55.24367 ], [ 69.9196211, 55.2156194 ], [ 69.9199153, 55.2154561 ], [ 69.92135, 55.21466 ], [ 69.94179, 55.2034 ], [ 69.9497245, 55.2011429 ], [ 69.96007, 55.1982 ], [ 69.99265, 55.1922 ], [ 70.0, 55.19343 ], [ 70.0025646, 55.1929996 ], [ 70.00286, 55.19295 ], [ 70.0049792, 55.1927919 ], [ 70.03718, 55.19039 ], [ 70.0507, 55.18788 ], [ 70.0508924, 55.1878426 ], [ 70.05142, 55.18774 ], [ 70.08345, 55.17006 ], [ 70.0984547, 55.1599555 ], [ 70.11551, 55.14847 ], [ 70.1333, 55.13872 ], [ 70.15029, 55.13442 ], [ 70.1698474, 55.1335965 ], [ 70.19684, 55.13246 ], [ 70.2108251, 55.133004 ], [ 70.21792, 55.13328 ], [ 70.2212801, 55.1342461 ], [ 70.22978, 55.13669 ], [ 70.2347779, 55.138125 ], [ 70.2349, 55.13816 ], [ 70.2379274, 55.1403089 ], [ 70.26619, 55.16037 ], [ 70.28666, 55.17147 ], [ 70.2985344, 55.175508 ], [ 70.30798, 55.17872 ], [ 70.314168, 55.1801043 ], [ 70.32291, 55.18206 ], [ 70.36949, 55.18946 ], [ 70.3890403, 55.196163 ], [ 70.3964375, 55.1986991 ], [ 70.4048868, 55.2045822 ], [ 70.40586, 55.20526 ], [ 70.4091256, 55.2075343 ], [ 70.4114601, 55.2091601 ], [ 70.4144113, 55.21493 ], [ 70.43217, 55.24965 ], [ 70.44607, 55.26554 ], [ 70.4591894, 55.2755878 ], [ 70.46025, 55.2764 ], [ 70.4710307, 55.2805901 ], [ 70.49111, 55.28266 ], [ 70.51012, 55.28029 ], [ 70.517673700000017, 55.2773194 ], [ 70.52853, 55.27305 ], [ 70.5313804, 55.272178 ], [ 70.53461, 55.27119 ], [ 70.5660583, 55.26151 ], [ 70.57496, 55.25877 ], [ 70.5789757, 55.2583809 ], [ 70.59302, 55.25702 ], [ 70.62814, 55.25825 ], [ 70.64769, 55.26279 ], [ 70.67847, 55.283 ], [ 70.6899887, 55.2858107 ], [ 70.70183, 55.2887 ], [ 70.7079524, 55.2895499 ], [ 70.72798, 55.29233 ], [ 70.75619, 55.29624 ], [ 70.7903228, 55.2990231 ], [ 70.80169, 55.29995 ], [ 70.8068689, 55.2996427 ], [ 70.81635, 55.29908 ], [ 70.82019, 55.29796 ], [ 70.8203465, 55.2976907 ], [ 70.827, 55.28624 ], [ 70.8273003, 55.2764656 ], [ 70.82757, 55.26769 ], [ 70.8288211, 55.263216099999987 ], [ 70.83047, 55.25732 ], [ 70.85374, 55.23003 ], [ 70.89009, 55.18894 ], [ 70.90534, 55.17892 ], [ 70.9195318, 55.1742176 ], [ 70.9220912, 55.1733692 ], [ 70.93128, 55.16754 ], [ 70.93718, 55.14612 ], [ 70.94482, 55.13193 ], [ 70.95419, 55.12313 ], [ 70.98018, 55.11128 ], [ 70.9861021, 55.1056049 ], [ 71.0044, 55.08807 ], [ 71.0123431, 55.0767174 ], [ 71.015, 55.07292 ], [ 71.0219, 55.04812 ], [ 71.01738, 55.00995 ], [ 71.0168832, 55.0057608 ], [ 71.0162, 55.0 ], [ 71.01382, 54.97988 ], [ 71.0187274, 54.953511 ], [ 71.0204899, 54.944040799999989 ], [ 71.0179317, 54.9404019 ], [ 71.00971, 54.92871 ], [ 70.99858, 54.91369 ], [ 70.998098700000014, 54.9119921 ], [ 70.9968, 54.90741 ], [ 70.9957606, 54.8955327 ], [ 70.99516, 54.88867 ], [ 70.996233, 54.8862365 ], [ 70.99949, 54.87885 ], [ 71.0166413, 54.8628544 ], [ 71.01997, 54.85975 ], [ 71.03489, 54.85062 ], [ 71.0395483, 54.8463376 ], [ 71.04654, 54.83991 ], [ 71.0484861, 54.8351889 ], [ 71.05032, 54.83074 ], [ 71.0508421, 54.8245275 ], [ 71.05151, 54.81658 ], [ 71.05051, 54.79126 ], [ 71.05832, 54.7736301 ], [ 71.09187, 54.73586 ], [ 71.1103666, 54.7245097 ], [ 71.13688, 54.70824 ], [ 71.1403193, 54.706939 ], [ 71.14415, 54.70549 ], [ 71.1570629, 54.7030801 ], [ 71.1606, 54.70242 ], [ 71.18093, 54.70128 ], [ 71.1882607, 54.7008671 ], [ 71.20827, 54.69974 ], [ 71.23645, 54.69327 ], [ 71.255449, 54.6871403 ], [ 71.2666242, 54.6796536 ], [ 71.2736, 54.67498 ], [ 71.2914052, 54.6677915 ], [ 71.29718, 54.66546 ], [ 71.2991833, 54.6619765 ], [ 71.30189, 54.65727 ], [ 71.30711, 54.62546 ], [ 71.30418, 54.61958 ], [ 71.3030902, 54.617400499999988 ], [ 71.29571, 54.61463 ], [ 71.24287, 54.6076 ], [ 71.22473, 54.60323 ], [ 71.2065401, 54.594940099999988 ], [ 71.1989, 54.58528 ], [ 71.18819, 54.54004 ], [ 71.1887321, 54.5372435 ], [ 71.18926, 54.53452 ], [ 71.1940157, 54.5095871 ], [ 71.1947398, 54.5057908 ], [ 71.1946752, 54.5048435 ], [ 71.19422, 54.49819 ], [ 71.20818, 54.44352 ], [ 71.21828, 54.4173 ], [ 71.22218, 54.41081 ], [ 71.2252681, 54.4056684 ], [ 71.23209, 54.39431 ], [ 71.2318235, 54.3877993 ], [ 71.2316, 54.38234 ], [ 71.2277144, 54.368594599999987 ], [ 71.2236, 54.35404 ], [ 71.2196373, 54.3459168 ], [ 71.21539, 54.33721 ], [ 71.2102382, 54.3313875 ], [ 71.2031, 54.32332 ], [ 71.1940896, 54.31907 ], [ 71.17822, 54.31988 ], [ 71.14768, 54.32337 ], [ 71.1252775, 54.325919 ], [ 71.09108, 54.32981 ], [ 71.0819965, 54.3317648 ], [ 71.07305, 54.33369 ], [ 71.0297, 54.34852 ], [ 71.02894, 54.34845 ], [ 71.02159, 54.34776 ], [ 71.01515, 54.34044 ], [ 71.01392, 54.3144 ], [ 71.0159, 54.30227 ], [ 71.0159523, 54.3019562 ], [ 71.0159999, 54.3016708 ], [ 71.0169487, 54.3005449 ], [ 71.02315, 54.29319 ], [ 71.04084, 54.28494 ], [ 71.0929702, 54.2771098 ], [ 71.099419, 54.2710652 ], [ 71.1035003, 54.2672394 ], [ 71.1104198, 54.2516104 ], [ 71.10975, 54.24491 ], [ 71.10215, 54.23545 ], [ 71.07301, 54.21609 ], [ 71.06954, 54.20735 ], [ 71.0718868, 54.2033427 ], [ 71.07304, 54.20138 ], [ 71.0762794, 54.199415699999989 ], [ 71.08056, 54.19682 ], [ 71.11076, 54.1864 ], [ 71.1176776, 54.1814935 ], [ 71.12617, 54.17547 ], [ 71.14037, 54.15641 ], [ 71.1416505, 54.1454776 ], [ 71.14288, 54.13498 ], [ 71.1460527, 54.1250531 ], [ 71.14676, 54.12284 ], [ 71.15341, 54.11868 ], [ 71.16195, 54.11487 ], [ 71.1636771, 54.1144857 ], [ 71.16595, 54.11398 ], [ 71.1827862, 54.1102549 ], [ 71.18439, 54.1099 ], [ 71.19871, 54.10853 ], [ 71.21039, 54.1109 ], [ 71.28601, 54.14954 ], [ 71.308552, 54.1772952 ], [ 71.30923, 54.17813 ], [ 71.31684, 54.18137 ], [ 71.3181254, 54.1814438 ], [ 71.3205, 54.18158 ], [ 71.35402, 54.18351 ], [ 71.40167, 54.17551 ], [ 71.45552, 54.16352 ], [ 71.4685401, 54.1620102 ], [ 71.49148, 54.15935 ], [ 71.50142, 54.1563 ], [ 71.5037741, 54.1546752 ], [ 71.50723, 54.15229 ], [ 71.5094, 54.1472752 ], [ 71.51125, 54.143 ], [ 71.508638, 54.1344431 ], [ 71.50415, 54.11974 ], [ 71.50737, 54.11281 ], [ 71.51473, 54.10891 ], [ 71.5249201, 54.10863 ], [ 71.55552, 54.11444 ], [ 71.5764683, 54.1160641 ], [ 71.5848, 54.11671 ], [ 71.59938, 54.116 ], [ 71.6177, 54.11185 ], [ 71.64309, 54.10308 ], [ 71.6496259, 54.1028875 ], [ 71.65565, 54.10271 ], [ 71.65816, 54.10385 ], [ 71.6724504, 54.1103392 ], [ 71.67842, 54.11305 ], [ 71.71468, 54.11778 ], [ 71.7172884, 54.118708 ], [ 71.72092, 54.12 ], [ 71.7292949, 54.1245464 ], [ 71.73947, 54.13007 ], [ 71.74657, 54.13853 ], [ 71.7473576, 54.142519 ], [ 71.74781, 54.14481 ], [ 71.7456, 54.15729 ], [ 71.72879, 54.17945 ], [ 71.7277406, 54.1833575 ], [ 71.72539, 54.19211 ], [ 71.72646, 54.19627 ], [ 71.72887, 54.20562 ], [ 71.7370034, 54.2181203 ], [ 71.74364, 54.22832 ], [ 71.76711, 54.24855 ], [ 71.8568945, 54.2419086 ], [ 71.88121, 54.24011 ], [ 71.89764, 54.23889 ], [ 72.00944, 54.22617 ], [ 72.0175767, 54.2241008 ], [ 72.02336, 54.22263 ], [ 72.05914, 54.20543 ], [ 72.0600935, 54.1980064 ], [ 72.06082, 54.19235 ], [ 72.061660500000016, 54.1858498 ], [ 72.09691, 54.17389 ], [ 72.099137, 54.1707361 ], [ 72.10049, 54.16882 ], [ 72.0942304, 54.1549299 ], [ 72.16413, 54.13164 ], [ 72.1660238, 54.1319743 ], [ 72.17172, 54.13298 ], [ 72.1810413, 54.1400739 ], [ 72.18281, 54.14142 ], [ 72.184247, 54.143296 ], [ 72.18795, 54.14813 ], [ 72.18894, 54.15355 ], [ 72.1937445, 54.1799579 ], [ 72.1947, 54.18521 ], [ 72.18382, 54.19423 ], [ 72.1723468, 54.2000905 ], [ 72.1616, 54.20558 ], [ 72.1439565, 54.2112899 ], [ 72.12727, 54.21669 ], [ 72.09176, 54.22543 ], [ 72.0896318, 54.2265645 ], [ 72.0836, 54.22978 ], [ 72.08218, 54.23589 ], [ 72.085722, 54.241263 ], [ 72.08661, 54.24261 ], [ 72.0901619, 54.2479811 ], [ 72.09809, 54.25997 ], [ 72.12732, 54.28894 ], [ 72.11245, 54.30506 ], [ 72.10214, 54.31273 ], [ 72.097859200000016, 54.3153582 ], [ 72.08507, 54.32321 ], [ 72.06737, 54.32816 ], [ 72.05537, 54.33412 ], [ 72.04838, 54.34333 ], [ 72.03819, 54.35675 ], [ 72.0429, 54.36138 ], [ 72.0544718, 54.3629079 ], [ 72.06441, 54.36422 ], [ 72.090314, 54.3640896 ], [ 72.13789, 54.36385 ], [ 72.16293, 54.36206 ], [ 72.1748721, 54.3592855 ], [ 72.1772197, 54.3587401 ], [ 72.21168, 54.34232 ], [ 72.22282, 54.33701 ], [ 72.26328, 54.32002 ], [ 72.28334, 54.28377 ], [ 72.2829642, 54.2826959 ], [ 72.27614, 54.2631876 ], [ 72.27613, 54.25608 ], [ 72.2817, 54.25318 ], [ 72.2902099, 54.2507336 ], [ 72.30845, 54.24549 ], [ 72.3150922, 54.2435832 ], [ 72.32113, 54.24185 ], [ 72.3223887, 54.2389381 ], [ 72.31321, 54.22559 ], [ 72.3027103, 54.2041612 ], [ 72.29854, 54.19565 ], [ 72.30821, 54.18908 ], [ 72.33932, 54.17568 ], [ 72.3734109, 54.1635199 ], [ 72.39382, 54.15624 ], [ 72.3951304, 54.1557756 ], [ 72.39777, 54.15484 ], [ 72.41814, 54.14954 ], [ 72.4729658, 54.1420369 ], [ 72.4923799, 54.13938 ], [ 72.4925461, 54.1379584 ], [ 72.4956799, 54.1111304 ], [ 72.4910838, 54.1103777 ], [ 72.48731, 54.10976 ], [ 72.45151, 54.11904 ], [ 72.43684, 54.11902 ], [ 72.43434, 54.11902 ], [ 72.4293086, 54.1170249 ], [ 72.42627, 54.11582 ], [ 72.4223, 54.10895 ], [ 72.41763, 54.1064 ], [ 72.36912, 54.10487 ], [ 72.3661401, 54.0966665 ], [ 72.36317, 54.08849 ], [ 72.3649778, 54.0853747 ], [ 72.3658789, 54.0838218 ], [ 72.3693905, 54.0824267 ], [ 72.37296, 54.08101 ], [ 72.38223, 54.07189 ], [ 72.3809201, 54.0605806 ], [ 72.3973391, 54.0531259 ], [ 72.41874, 54.04341 ], [ 72.4187768, 54.0432561 ], [ 72.41923, 54.04136 ], [ 72.4194936, 54.0402938 ], [ 72.4199, 54.03865 ], [ 72.40304, 53.99553 ], [ 72.3926517, 53.9783397 ], [ 72.3775224, 53.9532982 ], [ 72.40043, 53.93645 ], [ 72.41538, 53.92807 ], [ 72.4233026, 53.9236184 ], [ 72.42944, 53.92017 ], [ 72.468328, 53.9121621 ], [ 72.48043, 53.90967 ], [ 72.4832004, 53.9105592 ], [ 72.49336, 53.91382 ], [ 72.508322, 53.9349572 ], [ 72.53438, 53.97177 ], [ 72.54438, 53.98078 ], [ 72.5541486, 53.9895787 ], [ 72.64799, 53.96619 ], [ 72.6531251, 53.9646777 ], [ 72.68096, 53.95648 ], [ 72.6959226, 53.9539347 ], [ 72.72205, 53.94949 ], [ 72.72318, 53.95482 ], [ 72.72259, 53.95747 ], [ 72.71814, 53.9777 ], [ 72.71157, 53.99271 ], [ 72.7011132, 54.0019021 ], [ 72.6909, 54.01088 ], [ 72.6852007, 54.0228362 ], [ 72.68344, 54.02653 ], [ 72.66519, 54.04642 ], [ 72.65645, 54.05008 ], [ 72.61813, 54.05199 ], [ 72.61642, 54.05207 ], [ 72.57515, 54.05075 ], [ 72.5746404, 54.0507351 ], [ 72.57378, 54.05071 ], [ 72.56367, 54.0481 ], [ 72.5560518, 54.0433789 ], [ 72.55515, 54.04282 ], [ 72.5206298, 54.0469108 ], [ 72.5197743, 54.0499482 ], [ 72.51974, 54.05007 ], [ 72.5293474, 54.0761701 ], [ 72.53421, 54.08938 ], [ 72.5378372, 54.0963062 ], [ 72.54471, 54.10943 ], [ 72.54557, 54.10962 ], [ 72.5632361, 54.1135953 ], [ 72.56619, 54.11426 ], [ 72.567729900000018, 54.1148206 ], [ 72.58907, 54.12259 ], [ 72.5974842, 54.1306781 ], [ 72.600941600000013, 54.1339999 ], [ 72.71051, 54.1295 ], [ 72.7340906, 54.1278926 ], [ 72.74249, 54.12732 ], [ 72.78265, 54.12457 ], [ 72.81631, 54.12127 ], [ 72.822895, 54.1164857 ], [ 72.83251, 54.1095 ], [ 72.84153, 54.10653 ], [ 72.9329253, 54.1020096 ], [ 72.94424, 54.10145 ], [ 72.96445, 54.10044 ], [ 72.98114, 54.0983 ], [ 72.9811185, 54.0955914 ], [ 72.98094, 54.07309 ], [ 72.97758, 54.06146 ], [ 72.9779503, 54.05369 ], [ 73.04269, 54.04755 ], [ 73.0491812, 54.0330486 ], [ 73.05145, 54.02798 ], [ 73.05994, 54.009 ], [ 73.0696004, 53.9959599 ], [ 73.072315, 53.9949596 ], [ 73.08439, 53.99051 ], [ 73.16761, 53.98202 ], [ 73.20109, 53.9761 ], [ 73.2066049, 53.9744224 ], [ 73.21779, 53.97102 ], [ 73.2182371, 53.9708833 ], [ 73.22057, 53.97017 ], [ 73.2726573, 53.9618836 ], [ 73.28016, 53.96069 ], [ 73.2823348, 53.9589469 ], [ 73.28933, 53.95334 ], [ 73.32179, 53.95169 ], [ 73.35937, 53.95234 ], [ 73.363468900000015, 53.952668 ], [ 73.40161, 53.95572 ], [ 73.40952, 53.96319 ], [ 73.4088131, 53.9653646 ], [ 73.4086, 53.96602 ], [ 73.4028703, 53.983489 ], [ 73.4051511, 53.9895501 ], [ 73.4061752, 53.9896501 ], [ 73.40976, 53.99 ], [ 73.42155, 53.98895 ], [ 73.44179, 53.98303 ], [ 73.449032700000018, 53.980283 ], [ 73.45202, 53.97915 ], [ 73.462593, 53.9734675 ], [ 73.48259, 53.96272 ], [ 73.51166, 53.95147 ], [ 73.52742, 53.94968 ], [ 73.53567, 53.95189 ], [ 73.5377, 53.96 ], [ 73.53633, 53.9633 ], [ 73.53369, 53.96966 ], [ 73.51154, 53.99589 ], [ 73.5100643, 54.0014524 ], [ 73.50998, 54.00177 ], [ 73.5112691, 54.0048361 ], [ 73.51175, 54.00598 ], [ 73.5475144, 54.0130246 ], [ 73.58902, 54.0212 ], [ 73.60053, 54.02539 ], [ 73.62968, 54.04144 ], [ 73.63135, 54.04235 ], [ 73.6375765, 54.0484627 ], [ 73.64065, 54.05148 ], [ 73.6416, 54.0561 ], [ 73.6279105, 54.0715103 ], [ 73.63332, 54.07473 ], [ 73.69258, 54.07098 ], [ 73.6936713, 54.0663823 ], [ 73.69516, 54.06011 ], [ 73.7154217, 54.0566012 ], [ 73.72461, 54.05501 ], [ 73.75037, 54.05432 ], [ 73.7495686, 54.048746 ], [ 73.74926, 54.0466 ], [ 73.74811, 54.03865 ], [ 73.7289962, 53.968306 ], [ 73.72412, 53.95036 ], [ 73.7204026, 53.940371899999988 ], [ 73.71387, 53.92282 ], [ 73.69131, 53.8621 ], [ 73.6321584, 53.867089799999988 ], [ 73.6294303, 53.86732 ], [ 73.6291322, 53.867359 ], [ 73.58568, 53.87305 ], [ 73.5805163, 53.8737214 ], [ 73.57622, 53.87428 ], [ 73.5312413, 53.8780672 ], [ 73.47432, 53.88286 ], [ 73.4689971, 53.8826065 ], [ 73.46508, 53.88242 ], [ 73.45516, 53.87554 ], [ 73.43471, 53.85191 ], [ 73.43173, 53.84536 ], [ 73.4336336, 53.8406697 ], [ 73.4352, 53.83681 ], [ 73.43712, 53.83468 ], [ 73.4561475, 53.8135128 ], [ 73.42221, 53.80413 ], [ 73.4120951, 53.8025996 ], [ 73.38923, 53.79914 ], [ 73.35774, 53.79741 ], [ 73.34877, 53.79515 ], [ 73.34754, 53.7928 ], [ 73.35887, 53.77501 ], [ 73.36047, 53.76615 ], [ 73.35918, 53.76178 ], [ 73.3579015, 53.757448 ], [ 73.35519, 53.74826 ], [ 73.32948, 53.68792 ], [ 73.32065, 53.68474 ], [ 73.2713849, 53.6834398 ], [ 73.2683594, 53.6833598 ], [ 73.25942, 53.68109 ], [ 73.2592772, 53.6769495 ], [ 73.25919, 53.67442 ], [ 73.25875, 53.66087 ], [ 73.2603212, 53.6495192 ], [ 73.2606634, 53.649289 ], [ 73.26414, 53.64695 ], [ 73.28224, 53.64714 ], [ 73.2827535, 53.6450513 ], [ 73.28313, 53.64352 ], [ 73.2727794, 53.625914 ], [ 73.25942, 53.60319 ], [ 73.2539866, 53.591907 ], [ 73.24597, 53.57526 ], [ 73.24708, 53.5728 ], [ 73.2561462, 53.570451 ], [ 73.27541, 53.56546 ], [ 73.3142487, 53.5585098 ], [ 73.32833, 53.55599 ], [ 73.3338, 53.55501 ], [ 73.3533302, 53.5499898 ], [ 73.3566042, 53.546336 ], [ 73.36376, 53.53835 ], [ 73.3940944, 53.5328562 ], [ 73.40081, 53.53164 ], [ 73.4021225, 53.5293226 ], [ 73.4038397, 53.5262888 ], [ 73.4035758, 53.5251035 ], [ 73.40121, 53.51448 ], [ 73.3979482, 53.5076785 ], [ 73.39311, 53.49759 ], [ 73.3873222, 53.4889104 ], [ 73.37938, 53.477 ], [ 73.39664, 53.46475 ], [ 73.39722, 53.46434 ], [ 73.4281878, 53.4526444 ], [ 73.433973, 53.45046 ], [ 73.44896, 53.4448 ], [ 73.55472, 53.50693 ], [ 73.5777914, 53.5204562 ], [ 73.5808, 53.52222 ], [ 73.59805, 53.56677 ], [ 73.6123223, 53.564683099999989 ], [ 73.64941, 53.55926 ], [ 73.6497195, 53.560051799999989 ], [ 73.65955, 53.5852 ], [ 73.6738929, 53.6217865 ], [ 73.6748899, 53.6243297 ], [ 73.6846668, 53.6236493 ], [ 73.74484, 53.61946 ], [ 73.79969, 53.59671 ], [ 73.80581, 53.59565 ], [ 73.80913, 53.59507 ], [ 73.8134471, 53.5935308 ], [ 73.8337, 53.58631 ], [ 73.8394041, 53.5897197 ], [ 73.84444, 53.59273 ], [ 73.8825064, 53.6289503 ], [ 73.88506, 53.63138 ], [ 73.8861825, 53.6327859 ], [ 73.89207, 53.64016 ], [ 73.90337, 53.64843 ], [ 73.9237362, 53.647067 ], [ 73.93445, 53.64635 ], [ 73.95555, 53.64322 ], [ 74.018556, 53.6338422 ], [ 74.07447, 53.62552 ], [ 74.073764, 53.6218492 ], [ 74.06439, 53.57311 ], [ 74.0619, 53.5602 ], [ 74.0639189, 53.5561621 ], [ 74.0960061, 53.553525 ], [ 74.11555, 53.55192 ], [ 74.1348826, 53.5514885 ], [ 74.15139, 53.55112 ], [ 74.1523329, 53.5533022 ], [ 74.1568299, 53.5637097 ], [ 74.1570944, 53.564503 ], [ 74.16991, 53.60294 ], [ 74.1714195, 53.6029269 ], [ 74.17915, 53.60286 ], [ 74.2421578, 53.5937603 ], [ 74.2354068, 53.5797911 ], [ 74.2322309, 53.5732196 ], [ 74.2355671, 53.5718149 ], [ 74.23869, 53.5705 ], [ 74.26333, 53.56558 ], [ 74.2648206, 53.5652831 ], [ 74.2682002, 53.5646079 ], [ 74.2691528, 53.5563662 ], [ 74.27007, 53.54843 ], [ 74.26774, 53.52522 ], [ 74.2687393, 53.5231915 ], [ 74.2794322, 53.5204619 ], [ 74.28575, 53.51885 ], [ 74.2885, 53.51164 ], [ 74.28184, 53.49602 ], [ 74.28193, 53.48848 ], [ 74.34266, 53.4743 ], [ 74.38477, 53.46444 ], [ 74.40394, 53.46108 ], [ 74.41507, 53.47479 ], [ 74.45909, 53.54128 ], [ 74.48483, 53.58006 ], [ 74.4852089, 53.5819775 ], [ 74.48533, 53.58259 ], [ 74.4520343, 53.5910223 ], [ 74.44616, 53.59251 ], [ 74.44164, 53.59508 ], [ 74.45912, 53.64636 ], [ 74.47187, 53.68368 ], [ 74.61733, 53.66938 ], [ 74.64129, 53.66701 ], [ 74.64562, 53.66969 ], [ 74.66346, 53.7049 ], [ 74.6682448, 53.7158457 ], [ 74.68613, 53.75676 ], [ 74.6866462, 53.7567402 ], [ 74.70434, 53.75606 ], [ 74.7099939, 53.7553539 ], [ 74.71475, 53.75476 ], [ 74.7268843, 53.7532519 ], [ 74.74267, 53.75129 ], [ 74.7545859, 53.7527371 ], [ 74.75601, 53.75291 ], [ 74.7712344, 53.7597649 ], [ 74.77149, 53.75988 ], [ 74.7746286, 53.7622873 ], [ 74.779, 53.76564 ], [ 74.78787, 53.77694 ], [ 74.801293, 53.8111826 ], [ 74.8031505, 53.8159202 ], [ 74.8116186, 53.8201193 ], [ 74.8237179, 53.8170055 ], [ 74.83582, 53.81389 ], [ 74.8389676, 53.8135771 ], [ 74.84598, 53.81288 ], [ 74.847021, 53.8128856 ], [ 74.84784, 53.81289 ], [ 74.89463, 53.81322 ], [ 74.93923, 53.81547 ], [ 74.98154, 53.8135 ], [ 74.99515, 53.80871 ], [ 74.9992155, 53.8041835 ], [ 75.0, 53.80331 ], [ 75.0168488, 53.7845213 ], [ 75.03133, 53.78869 ], [ 75.035395900000012, 53.7898618 ], [ 75.03938, 53.79101 ], [ 75.0451795, 53.7947115 ], [ 75.04884, 53.79705 ], [ 75.06254, 53.80218 ], [ 75.0947689, 53.8171335 ], [ 75.15845, 53.84668 ], [ 75.1723008, 53.8544418 ], [ 75.19985, 53.86988 ], [ 75.2041579, 53.8722557 ], [ 75.21724, 53.87947 ], [ 75.23297, 53.88501 ], [ 75.26218, 53.89144 ], [ 75.2841156, 53.9021756 ], [ 75.31367, 53.91664 ], [ 75.3666447, 53.9396205 ], [ 75.37213, 53.942 ], [ 75.38411, 53.94719 ], [ 75.4295527, 53.9616331 ], [ 75.45421, 53.96947 ], [ 75.4588023, 53.9718852 ], [ 75.47311, 53.97941 ], [ 75.48265, 53.98999 ], [ 75.48512, 54.00172 ], [ 75.48249, 54.01067 ], [ 75.4547, 54.03418 ], [ 75.4193203, 54.0600824 ], [ 75.4127384, 54.0649015 ], [ 75.4115175, 54.0660042 ], [ 75.3987898, 54.0775006 ], [ 75.3983752, 54.0787339 ], [ 75.39719, 54.08226 ], [ 75.4049543, 54.0845345 ], [ 75.40866, 54.08562 ], [ 75.4561335, 54.0995255 ], [ 75.47298, 54.10446 ], [ 75.4763559, 54.1058458 ], [ 75.497, 54.11432 ], [ 75.5305297, 54.1224099 ], [ 75.534515, 54.1214264 ], [ 75.60086, 54.10505 ], [ 75.61206, 54.10606 ], [ 75.6611649, 54.1205353 ], [ 75.6909477, 54.1293148 ], [ 75.70657, 54.13392 ], [ 75.7482798, 54.1452885 ], [ 75.79433, 54.15784 ], [ 75.8835576, 54.18205 ], [ 75.96077, 54.203 ], [ 76.07024, 54.23104 ], [ 76.0735904, 54.2318932 ], [ 76.07778, 54.23296 ], [ 76.1388594, 54.2498639 ], [ 76.2273, 54.27434 ], [ 76.2324683, 54.278578599999989 ], [ 76.23098, 54.28311 ], [ 76.2251138, 54.2868199 ], [ 76.21463, 54.29345 ], [ 76.20584430000001, 54.3015117 ], [ 76.2056506, 54.3016894 ], [ 76.2056075, 54.302845 ], [ 76.20544, 54.3074 ], [ 76.2055161, 54.3074684 ], [ 76.21535, 54.31631 ], [ 76.23403, 54.35605 ], [ 76.2425, 54.35785 ], [ 76.3, 54.34048 ], [ 76.32374, 54.33441 ], [ 76.3274029, 54.3334742 ], [ 76.32785, 54.33336 ], [ 76.3471988, 54.3303802 ], [ 76.3544742, 54.3298661 ], [ 76.40099, 54.32658 ], [ 76.4175875, 54.3261833 ], [ 76.45538, 54.32528 ], [ 76.50411, 54.3268 ], [ 76.5141489, 54.3295241 ], [ 76.52062, 54.33128 ], [ 76.53243, 54.33638 ], [ 76.5579, 54.34738 ], [ 76.58302, 54.34835 ], [ 76.58402, 54.34839 ], [ 76.599416, 54.347608 ], [ 76.62871, 54.34612 ], [ 76.65177, 54.34637 ], [ 76.6625, 54.34979 ], [ 76.6675033, 54.352684 ], [ 76.68705, 54.36399 ], [ 76.7051342, 54.3777163 ], [ 76.70838, 54.38018 ], [ 76.7094564, 54.3812506 ], [ 76.71213, 54.38391 ], [ 76.71871, 54.39043 ], [ 76.722387, 54.3984873 ], [ 76.72807, 54.41094 ], [ 76.73552, 54.41725 ], [ 76.7426668, 54.4190886 ], [ 76.74516, 54.41973 ], [ 76.78822, 54.41989 ], [ 76.8513275, 54.4420158 ], [ 76.85847, 54.44452 ], [ 76.87435, 54.44841 ], [ 76.896145, 54.4537487 ], [ 76.91297, 54.45787 ], [ 76.92825, 54.45792 ], [ 76.93147, 54.45638 ], [ 76.9347549, 54.451617899999988 ], [ 76.93614, 54.44961 ], [ 76.93796, 54.43047 ], [ 76.9347886, 54.42732 ], [ 76.9335069, 54.4260487 ], [ 76.91245, 54.41721 ], [ 76.903189500000011, 54.4142022 ], [ 76.88785, 54.40922 ], [ 76.8671737, 54.4026966 ], [ 76.84766, 54.39654 ], [ 76.83248, 54.39174 ], [ 76.813029899999989, 54.3863938 ], [ 76.78242, 54.37798 ], [ 76.7829363, 54.374556899999988 ], [ 76.7836908, 54.3695597 ], [ 76.7840814, 54.3694052 ], [ 76.78809, 54.36782 ], [ 76.8073334, 54.3691483 ], [ 76.82938, 54.37067 ], [ 76.8331642, 54.3699859 ], [ 76.84083, 54.3686 ], [ 76.85087, 54.36377 ], [ 76.86203, 54.35302 ], [ 76.8621087, 54.3526586 ], [ 76.86639, 54.33301 ], [ 76.87149, 54.30958 ], [ 76.8620031, 54.2992108 ], [ 76.86192, 54.29912 ], [ 76.8395217, 54.2808814 ], [ 76.844460400000017, 54.2572726 ], [ 76.84647, 54.24767 ], [ 76.8437368, 54.2386125 ], [ 76.84252, 54.23458 ], [ 76.8351463, 54.2287693 ], [ 76.82648, 54.22194 ], [ 76.82032, 54.21831 ], [ 76.80122, 54.20706 ], [ 76.77048, 54.19984 ], [ 76.7634461, 54.1961821 ], [ 76.7572499, 54.1929584 ], [ 76.75601, 54.1742 ], [ 76.751510900000014, 54.1657566 ], [ 76.7486301, 54.1603502 ], [ 76.73454, 54.15527 ], [ 76.7286281, 54.154587 ], [ 76.71792, 54.15335 ], [ 76.68077, 54.13746 ], [ 76.65459, 54.12625 ], [ 76.6476366, 54.1267769 ], [ 76.64522, 54.12696 ], [ 76.6356, 54.13156 ], [ 76.6226785, 54.1482925 ], [ 76.61702, 54.15562 ], [ 76.60854, 54.16069 ], [ 76.6071663, 54.1606607 ], [ 76.59727, 54.16045 ], [ 76.58708, 54.15521 ], [ 76.57439, 54.15289 ], [ 76.55133, 54.15445 ], [ 76.53392, 54.1591 ], [ 76.52383, 54.16482 ], [ 76.51658, 54.16687 ], [ 76.5114279, 54.1683305 ], [ 76.50956, 54.16886 ], [ 76.45717, 54.1725 ], [ 76.443387700000017, 54.1723437 ], [ 76.436011, 54.17226 ], [ 76.4266995, 54.1681691 ], [ 76.42358, 54.16239 ], [ 76.42312, 54.15164 ], [ 76.43105, 54.13171 ], [ 76.46503, 54.10482 ], [ 76.49783, 54.07882 ], [ 76.4994033, 54.061146199999989 ], [ 76.50057, 54.04804 ], [ 76.5032361, 54.0433298 ], [ 76.5067, 54.03721 ], [ 76.5220304, 54.0216577 ], [ 76.52743, 54.01618 ], [ 76.54715, 53.99239 ], [ 76.5550007, 53.9871184 ], [ 76.58383, 53.96776 ], [ 76.7056865, 53.9003402 ], [ 76.73907, 53.88187 ], [ 76.76202, 53.86913 ], [ 76.9026578, 53.801861 ], [ 76.99732, 53.75637 ], [ 77.0308068, 53.7403866 ], [ 77.0859423, 53.7140702 ], [ 77.14184, 53.68739 ], [ 77.16325, 53.67838 ], [ 77.17522, 53.67333 ], [ 77.1798054, 53.6702481 ], [ 77.18318, 53.66798 ], [ 77.32681, 53.59901 ], [ 77.32777, 53.59855 ], [ 77.3321385, 53.5951912 ], [ 77.37538, 53.5763624 ], [ 77.39199, 53.56913 ], [ 77.3963452, 53.5662556 ], [ 77.40146, 53.56288 ], [ 77.4562786, 53.5362107 ], [ 77.57034, 53.48096 ], [ 77.613428, 53.4563637 ], [ 77.61636, 53.45469 ], [ 77.7681, 53.36773 ], [ 77.7824212, 53.3594836 ], [ 77.8019689, 53.3482277 ], [ 77.85891, 53.31544 ], [ 77.880542, 53.3002647 ], [ 77.91151, 53.27854 ], [ 77.9122003, 53.2779403 ], [ 77.91311, 53.27715 ], [ 77.9323632, 53.2602845 ], [ 77.9334298, 53.2593502 ], [ 77.97739, 53.21434 ], [ 78.0242, 53.17071 ], [ 78.0257626, 53.169248 ], [ 78.02855, 53.16664 ], [ 78.06851, 53.1239 ], [ 78.09229, 53.09868 ], [ 78.12309, 53.07305 ], [ 78.16203, 53.0347554 ], [ 78.16834, 53.02855 ], [ 78.20199, 53.00074 ], [ 78.24055, 52.96023 ], [ 78.2499302, 52.9542598 ], [ 78.27532, 52.92285 ], [ 78.2874521, 52.9113605 ], [ 78.28948, 52.90944 ], [ 78.30791, 52.88691 ], [ 78.326572, 52.8692913 ], [ 78.3437019, 52.853122 ], [ 78.34381, 52.85302 ], [ 78.34478, 52.852 ], [ 78.40297, 52.79042 ], [ 78.43382, 52.75671 ], [ 78.4372912, 52.7487307 ], [ 78.4405985, 52.750756599999988 ], [ 78.44462, 52.75322 ], [ 78.4656459, 52.7279353 ], [ 78.53403, 52.6457 ], [ 78.53816, 52.64115 ], [ 78.62471, 52.54559 ], [ 78.72726, 52.4366 ], [ 78.7600136, 52.401645699999989 ], [ 78.77801, 52.38244 ], [ 78.779098, 52.3812563 ], [ 78.79359, 52.36549 ], [ 78.869202, 52.282909 ], [ 78.89395, 52.25588 ], [ 78.9026809, 52.2428265 ], [ 78.90819, 52.23459 ], [ 78.9188744, 52.2218213 ], [ 78.93382, 52.20396 ], [ 78.9456924, 52.1850631 ], [ 78.94751, 52.18217 ], [ 78.9477726, 52.1816555 ], [ 78.95316, 52.1711 ], [ 78.99724, 52.1264 ], [ 79.04196, 52.08671 ], [ 79.0448882, 52.0818155 ], [ 79.04954, 52.07404 ], [ 79.05466, 52.06548 ], [ 79.0815894, 52.0424383 ], [ 79.09442, 52.03146 ], [ 79.09949, 52.02387 ], [ 79.105154399999989, 52.015885399999988 ], [ 79.11199, 52.00625 ], [ 79.1206875, 51.9962143 ], [ 79.1681455, 51.9414629 ], [ 79.17334, 51.93547 ], [ 79.19125, 51.91175 ], [ 79.1970539, 51.9040612 ], [ 79.20446, 51.89425 ], [ 79.2113955, 51.8870093 ], [ 79.21764, 51.88049 ], [ 79.2197361, 51.876129299999988 ], [ 79.22237, 51.87065 ], [ 79.2405398, 51.8475705 ], [ 79.25268, 51.83215 ], [ 79.26403, 51.82297 ], [ 79.2654916, 51.8224909 ], [ 79.2724808, 51.8201989 ], [ 79.2750393, 51.8167609 ], [ 79.2716603, 51.8116105 ], [ 79.2721243, 51.8110117 ], [ 79.27353, 51.8092 ], [ 79.3533311, 51.7055886 ], [ 79.36088, 51.69579 ], [ 79.4199945, 51.6186187 ], [ 79.4478, 51.58232 ], [ 79.462351500000011, 51.5632373 ], [ 79.49992, 51.51397 ], [ 79.5301293, 51.467641 ], [ 79.5344827, 51.4656351 ], [ 79.54257, 51.46191 ], [ 79.5510256, 51.4520357 ], [ 79.553, 51.44973 ], [ 79.57333, 51.41647 ], [ 79.59062, 51.40081 ], [ 79.5994893, 51.3848286 ], [ 79.61086, 51.36434 ], [ 79.65622, 51.3069 ], [ 79.65901, 51.2991 ], [ 79.66941, 51.28966 ], [ 79.67172, 51.28682 ], [ 79.6824629, 51.2736187 ], [ 79.70327, 51.24805 ], [ 79.75938, 51.17382 ], [ 79.7785264, 51.1449415 ], [ 79.77927, 51.14382 ], [ 79.80661, 51.11381 ], [ 79.8095221, 51.1106113 ], [ 79.81545, 51.1041 ], [ 79.82462, 51.08371 ], [ 79.8363529, 51.0678822 ], [ 79.87055, 51.02175 ], [ 79.88937, 50.99984 ], [ 79.89427, 50.99316 ], [ 79.93874, 50.93247 ], [ 79.9468473, 50.9265355 ], [ 79.95012, 50.92414 ], [ 79.9570419, 50.9116678 ], [ 79.957581, 50.9106963 ], [ 79.96849, 50.89104 ], [ 79.97806, 50.87983 ], [ 80.0, 50.85411 ], [ 80.0079266, 50.8448147 ], [ 80.02079, 50.82973 ], [ 80.03631, 50.81563 ], [ 80.0542255, 50.7890343 ], [ 80.06826, 50.7682 ], [ 80.0771164, 50.758775199999988 ], [ 80.0786983, 50.7570918 ], [ 80.08167, 50.76231 ], [ 80.0775346, 50.7718013 ], [ 80.07198, 50.78455 ], [ 80.0677281, 50.8054065 ], [ 80.0647, 50.82026 ], [ 80.06518, 50.8469985 ], [ 80.06956, 50.84948 ], [ 80.0850709, 50.8495877 ], [ 80.0866, 50.84562 ], [ 80.0919614, 50.8317099 ], [ 80.13773, 50.82929 ], [ 80.17129, 50.82947 ], [ 80.192629, 50.8320299 ], [ 80.19086, 50.8793 ], [ 80.19054, 50.88781 ], [ 80.19409, 50.90218 ], [ 80.19995, 50.90601 ], [ 80.23868, 50.90887 ], [ 80.24598, 50.91246 ], [ 80.25101, 50.92704 ], [ 80.27382, 50.92866 ], [ 80.2754233, 50.9286451 ], [ 80.32225, 50.92821 ], [ 80.3236204, 50.9320919 ], [ 80.3245793, 50.934808 ], [ 80.3292595, 50.9355171 ], [ 80.3315664, 50.9358666 ], [ 80.33873, 50.93695 ], [ 80.3557213, 50.9365784 ], [ 80.37668, 50.93612 ], [ 80.38186, 50.94064 ], [ 80.39136, 50.94488 ], [ 80.4034808, 50.9550714 ], [ 80.41096, 50.96136 ], [ 80.42974, 50.97419 ], [ 80.4688397, 50.9744514 ], [ 80.4667623, 50.9859844 ], [ 80.46583, 50.99116 ], [ 80.4656243, 50.992291599999987 ], [ 80.46537, 50.99369 ], [ 80.4655394, 50.995188 ], [ 80.46728, 51.01058 ], [ 80.476115, 51.0265789 ], [ 80.4786999, 51.0312598 ], [ 80.4786806, 51.0333054 ], [ 80.47823, 51.08086 ], [ 80.4744302, 51.1012487 ], [ 80.4648739, 51.1069161 ], [ 80.45802, 51.11098 ], [ 80.44263, 51.1201 ], [ 80.4393368, 51.1233883 ], [ 80.43591, 51.12681 ], [ 80.4409, 51.2058397 ], [ 80.4410974, 51.2060189 ], [ 80.44463, 51.20922 ], [ 80.4453076, 51.209252 ], [ 80.44569, 51.20927 ], [ 80.4604259, 51.2098271 ], [ 80.47267, 51.21029 ], [ 80.475455, 51.2102318 ], [ 80.47841, 51.21017 ], [ 80.5447349, 51.2086873 ], [ 80.62245, 51.20695 ], [ 80.6231454, 51.2075564 ], [ 80.62917, 51.21281 ], [ 80.6305663, 51.2204103 ], [ 80.63093, 51.22239 ], [ 80.630914, 51.2225349 ], [ 80.62891, 51.24066 ], [ 80.62807, 51.24826 ], [ 80.6297515, 51.2579099 ], [ 80.63117, 51.26605 ], [ 80.641916400000014, 51.2844607 ], [ 80.6469317, 51.2930515 ], [ 80.6475023, 51.2935421 ], [ 80.65742, 51.30207 ], [ 80.67147, 51.30806 ], [ 80.6768634, 51.3081044 ], [ 80.68241, 51.30815 ], [ 80.7002021, 51.3047604 ], [ 80.71973, 51.30104 ], [ 80.74636, 51.2935 ], [ 80.7812862, 51.2875233 ], [ 80.78487, 51.28691 ], [ 80.7854912, 51.2867545 ], [ 80.82063, 51.27796 ], [ 80.83107, 51.27416 ], [ 80.8453783, 51.2661782 ], [ 80.85, 51.2636 ], [ 80.92214, 51.25409 ], [ 80.9253324, 51.25093 ], [ 80.92706, 51.24922 ], [ 80.92655, 51.24823 ], [ 80.9199108, 51.235269 ], [ 80.91567, 51.22699 ], [ 80.9177947, 51.22285 ], [ 80.91839, 51.22169 ], [ 80.9197168, 51.2210592 ], [ 80.92733, 51.21744 ], [ 80.9948984, 51.2017348 ], [ 81.01785, 51.1964 ], [ 81.0373847, 51.1861603 ], [ 81.05383, 51.17754 ], [ 81.05482, 51.17719 ], [ 81.0619735, 51.1746352 ], [ 81.06924, 51.17204 ], [ 81.0717196, 51.1723664 ], [ 81.07357, 51.17261 ], [ 81.0885121, 51.1795806 ], [ 81.0940194, 51.1821497 ], [ 81.0986969, 51.1868288 ], [ 81.11991, 51.20805 ], [ 81.12786, 51.20852 ], [ 81.13723, 51.20681 ], [ 81.15164, 51.19491 ], [ 81.1524213, 51.1939547 ], [ 81.15752, 51.18772 ], [ 81.15991, 51.17533 ], [ 81.15852, 51.161 ], [ 81.1580696, 51.1519683 ], [ 81.15793, 51.14917 ], [ 81.1498666, 51.125376 ], [ 81.13656, 51.08611 ], [ 81.1176531, 51.0667103 ], [ 81.1074, 51.05619 ], [ 81.09584, 51.04838 ], [ 81.09363, 51.04506 ], [ 81.0916074, 51.0420287 ], [ 81.08966, 51.03911 ], [ 81.08821, 51.02107 ], [ 81.0836101, 51.0058304 ], [ 81.0696106, 50.981821 ], [ 81.0703849, 50.9703373 ], [ 81.0712, 50.95826 ], [ 81.0723219, 50.9536057 ], [ 81.0743, 50.9454 ], [ 81.0961383, 50.9449948 ], [ 81.11149, 50.94471 ], [ 81.17117, 50.94356 ], [ 81.2134925, 50.9513648 ], [ 81.22442, 50.95338 ], [ 81.2564159, 50.9613083 ], [ 81.28552, 50.96852 ], [ 81.289215, 50.9695872 ], [ 81.30207, 50.9733 ], [ 81.3282683, 50.9808672 ], [ 81.33541, 50.98293 ], [ 81.37925, 50.98348 ], [ 81.40382, 50.98233 ], [ 81.40755, 50.977 ], [ 81.40855, 50.95229 ], [ 81.41173, 50.94308 ], [ 81.4173, 50.9384 ], [ 81.43691, 50.93304 ], [ 81.4377977, 50.9327957 ], [ 81.438, 50.93274 ], [ 81.4471895, 50.9055815 ], [ 81.43909, 50.89499 ], [ 81.4323213, 50.890853 ], [ 81.4256914, 50.8867987 ], [ 81.4274705, 50.8851945 ], [ 81.43088, 50.88212 ], [ 81.43233, 50.87477 ], [ 81.43828, 50.87054 ], [ 81.455393700000016, 50.868679 ], [ 81.4612703, 50.8680394 ], [ 81.46505950000001, 50.8600307 ], [ 81.47765, 50.83342 ], [ 81.47813, 50.82949 ], [ 81.4784987, 50.8264706 ], [ 81.47919, 50.82081 ], [ 81.47367, 50.81109 ], [ 81.45467, 50.79112 ], [ 81.44992, 50.78252 ], [ 81.4495247, 50.7688922 ], [ 81.44935, 50.7628702 ], [ 81.449962, 50.7625153 ], [ 81.4517994, 50.7614504 ], [ 81.47938, 50.75816 ], [ 81.511617, 50.7584785 ], [ 81.53404, 50.7587 ], [ 81.54068, 50.75876 ], [ 81.593, 50.75311 ], [ 81.6093837, 50.7537717 ], [ 81.6107882, 50.7538284 ], [ 81.619, 50.75416 ], [ 81.66919, 50.76292 ], [ 81.6864905, 50.7634631 ], [ 81.69085, 50.7636 ], [ 81.6988799, 50.764542 ], [ 81.72887, 50.76806 ], [ 81.76304, 50.77207 ], [ 81.7696802, 50.7748918 ], [ 81.77438, 50.81435 ], [ 81.78031, 50.81719 ], [ 81.7841869, 50.8168259 ], [ 81.79, 50.81628 ], [ 81.7913722, 50.8152162 ], [ 81.79485, 50.81252 ], [ 81.7933203, 50.7961382 ], [ 81.79306, 50.79335 ], [ 81.7938568, 50.7903367 ], [ 81.79604, 50.78208 ], [ 81.8039, 50.78076 ], [ 81.81322, 50.78532 ], [ 81.8283993, 50.7927343 ], [ 81.83875, 50.79779 ], [ 81.88244, 50.81096 ], [ 81.8874413, 50.8107495 ], [ 81.89432, 50.81046 ], [ 81.91279, 50.80545 ], [ 81.922143, 50.8049585 ], [ 81.92554, 50.80478 ], [ 81.94617, 50.80352 ], [ 82.00769, 50.79973 ], [ 82.0161761, 50.7973168 ], [ 82.02791, 50.79398 ], [ 82.06172, 50.77485 ], [ 82.08279, 50.75991 ], [ 82.10915, 50.74895 ], [ 82.1100108, 50.7487256 ], [ 82.11456, 50.74754 ], [ 82.1269396, 50.7443239 ], [ 82.14035, 50.74084 ], [ 82.16147, 50.73869 ], [ 82.17461, 50.7383497 ], [ 82.18773, 50.73801 ], [ 82.1971312, 50.7393895 ], [ 82.21683, 50.74228 ], [ 82.232621, 50.7478449 ], [ 82.23675, 50.7493 ], [ 82.24847, 50.75768 ], [ 82.25372, 50.76623 ], [ 82.26715, 50.77319 ], [ 82.2805331, 50.7754981 ], [ 82.28211, 50.77577 ], [ 82.28705, 50.77544 ], [ 82.3182141, 50.7733609 ], [ 82.32842, 50.77268 ], [ 82.3358801, 50.774054 ], [ 82.35763, 50.77806 ], [ 82.37567, 50.77802 ], [ 82.3976442, 50.7740281 ], [ 82.41734, 50.77045 ], [ 82.45882, 50.77065 ], [ 82.4736045, 50.7671112 ], [ 82.48067, 50.76542 ], [ 82.5030068, 50.7600582 ], [ 82.51733, 50.75662 ], [ 82.523124, 50.7560672 ], [ 82.53452, 50.75498 ], [ 82.55007, 50.75567 ], [ 82.56869, 50.75902 ], [ 82.65835, 50.79569 ], [ 82.66985, 50.80038 ], [ 82.69319, 50.81317 ], [ 82.7001705, 50.8184115 ], [ 82.7131, 50.82812 ], [ 82.720129, 50.8388694 ], [ 82.7224897, 50.8424796 ], [ 82.72153, 50.8679 ], [ 82.7228571, 50.8823912 ], [ 82.72364, 50.89094 ], [ 82.7247627, 50.8951828 ], [ 82.72726, 50.90462 ], [ 82.7338, 50.9293 ], [ 82.7390949, 50.9340488 ], [ 82.73923, 50.93417 ], [ 82.7467321, 50.9361122 ], [ 82.75105, 50.93723 ], [ 82.76412, 50.93774 ], [ 82.790675, 50.9322749 ], [ 82.8165, 50.92696 ], [ 82.8750176, 50.9112973 ], [ 82.87568, 50.91112 ], [ 82.8802, 50.91042 ], [ 82.8985001, 50.9075759 ], [ 82.9179765, 50.9045477 ], [ 82.93322, 50.90218 ] ], [ [ 50.347476, 44.8007816 ], [ 50.3458271, 44.8080787 ], [ 50.3449976, 44.8117497 ], [ 50.3457658, 44.8139043 ], [ 50.347001299999988, 44.8173686 ], [ 50.3473483, 44.8201058 ], [ 50.3542405, 44.8286318 ], [ 50.3601504, 44.8293979 ], [ 50.3617032, 44.8286124 ], [ 50.3637881, 44.827557299999988 ], [ 50.3648608, 44.823374 ], [ 50.3628849, 44.8177172 ], [ 50.3624227, 44.816406 ], [ 50.3608281, 44.8118778 ], [ 50.3607168, 44.8008471 ], [ 50.3636956, 44.7951415 ], [ 50.3695375, 44.7839523 ], [ 50.3714037, 44.773249 ], [ 50.3709476, 44.7633005 ], [ 50.370857, 44.761325 ], [ 50.3684733, 44.7578014 ], [ 50.3679716, 44.7577028 ], [ 50.3658245, 44.7572808 ], [ 50.3578894, 44.7666551 ], [ 50.3557335, 44.7692021 ], [ 50.352384, 44.775855199999988 ], [ 50.3523153, 44.7931102 ], [ 50.3490803, 44.7982384 ], [ 50.347476, 44.8007816 ] ], [ [ 50.637336, 44.8132595 ], [ 50.6304242, 44.8098118 ], [ 50.6222126, 44.8087509 ], [ 50.6214626, 44.8082582 ], [ 50.6031339, 44.7962174 ], [ 50.5934632, 44.7927222 ], [ 50.5875521, 44.790585799999988 ], [ 50.5842956, 44.787740299999989 ], [ 50.5704281, 44.7756228 ], [ 50.5738807, 44.7657582 ], [ 50.5751265, 44.7621989 ], [ 50.5742593, 44.7615578 ], [ 50.5722682, 44.7600868 ], [ 50.567501, 44.7606368 ], [ 50.5631005, 44.7664452 ], [ 50.5621252, 44.7691036 ], [ 50.5616566, 44.7703808 ], [ 50.5604749, 44.7736002 ], [ 50.5592926, 44.7768211 ], [ 50.5602159, 44.7838901 ], [ 50.5630577, 44.7889178 ], [ 50.569865, 44.8009617 ], [ 50.5708112, 44.8057289 ], [ 50.5682565, 44.8141704 ], [ 50.565624899999989, 44.8228659 ], [ 50.5630089, 44.8389002 ], [ 50.5616797, 44.8470492 ], [ 50.5624998, 44.8477705 ], [ 50.5667872, 44.8515412 ], [ 50.5695126, 44.8506864 ], [ 50.571443, 44.850081 ], [ 50.5787867, 44.8417565 ], [ 50.5880397, 44.8312677 ], [ 50.5899362, 44.8240536 ], [ 50.5920213, 44.8161211 ], [ 50.5922665, 44.815189 ], [ 50.5932099, 44.8116027 ], [ 50.597499, 44.8074085 ], [ 50.6133773, 44.8141069 ], [ 50.6224516, 44.817935 ], [ 50.6289213, 44.8168841 ], [ 50.6344645, 44.8159836 ], [ 50.6366447, 44.8139153 ], [ 50.637336, 44.8132595 ] ], [ [ 50.7068755, 44.955526 ], [ 50.7081533, 44.9596448 ], [ 50.7082926, 44.9598265 ], [ 50.7116769, 44.9642378 ], [ 50.7173043, 44.9578771 ], [ 50.7154318, 44.946269799999989 ], [ 50.7202312, 44.9385829 ], [ 50.7267342, 44.9436668 ], [ 50.7338647, 44.9461746 ], [ 50.737324099999988, 44.941025 ], [ 50.7374277, 44.9408707 ], [ 50.7374733, 44.940803 ], [ 50.7379123, 44.9401504 ], [ 50.7373574, 44.9262183 ], [ 50.736953, 44.9160622 ], [ 50.7325132, 44.9094582 ], [ 50.7308794, 44.8948455 ], [ 50.733096, 44.8848036 ], [ 50.7363309, 44.8799807 ], [ 50.7647639, 44.8702302 ], [ 50.7682583, 44.8698679 ], [ 50.771142, 44.8695688 ], [ 50.781616, 44.8633348 ], [ 50.7650684, 44.8628502 ], [ 50.7457671, 44.8688092 ], [ 50.740237, 44.8705151 ], [ 50.7356799, 44.870823 ], [ 50.7287053, 44.8712943 ], [ 50.7276257, 44.8698017 ], [ 50.721568, 44.8614265 ], [ 50.7136022, 44.858823 ], [ 50.7087328, 44.8572317 ], [ 50.6945392, 44.8549693 ], [ 50.6926058, 44.8554536 ], [ 50.689533, 44.8562233 ], [ 50.6866746, 44.8614783 ], [ 50.6875562, 44.8628962 ], [ 50.6883215, 44.8641272 ], [ 50.7000727, 44.8713656 ], [ 50.7115551, 44.8784386 ], [ 50.7115343, 44.8785508 ], [ 50.710992, 44.8814672 ], [ 50.7083123, 44.8824226 ], [ 50.705435699999988, 44.8834481 ], [ 50.6922276, 44.8813461 ], [ 50.6871786, 44.8822408 ], [ 50.6859088, 44.8824658 ], [ 50.684088, 44.8858055 ], [ 50.6865273, 44.8895544 ], [ 50.6890004, 44.8905944 ], [ 50.6902959, 44.8911392 ], [ 50.6912939, 44.8926112 ], [ 50.6995454, 44.9047827 ], [ 50.6961927, 44.9160491 ], [ 50.6784859, 44.9168775 ], [ 50.6624424, 44.917624 ], [ 50.6571573, 44.9207472 ], [ 50.644441, 44.9282618 ], [ 50.637114399999987, 44.9343983 ], [ 50.6322054, 44.93851 ], [ 50.6247832, 44.9474878 ], [ 50.6199272, 44.9533617 ], [ 50.618652, 44.9599136 ], [ 50.618385, 44.9612852 ], [ 50.6240858, 44.9659007 ], [ 50.633606699999987, 44.9736092 ], [ 50.6439269, 44.9782127 ], [ 50.6469261, 44.9764021 ], [ 50.6481997, 44.9737893 ], [ 50.6326703, 44.9591832 ], [ 50.6337586, 44.9566354 ], [ 50.6348966, 44.953970899999987 ], [ 50.6357098, 44.9535266 ], [ 50.6402566, 44.9510436 ], [ 50.6511956, 44.9450649 ], [ 50.6612899, 44.9333466 ], [ 50.6661134, 44.9312082 ], [ 50.6692363, 44.9298236 ], [ 50.675769, 44.9303052 ], [ 50.67638, 44.9305574 ], [ 50.6901485, 44.936241 ], [ 50.6973957, 44.9409549 ], [ 50.7036087, 44.9449962 ], [ 50.7068755, 44.955526 ] ], [ [ 50.07932, 45.0485455 ], [ 50.0951971, 45.0406644 ], [ 50.0979769, 45.0395741 ], [ 50.0994003, 45.0353472 ], [ 50.0776671, 45.0350852 ], [ 50.046641, 45.0303311 ], [ 50.0220748, 45.0067865 ], [ 50.0217411, 45.0029214 ], [ 50.0214887, 44.9999991 ], [ 50.0196847, 44.9791197 ], [ 50.0324212, 44.9565278 ], [ 50.0326056, 44.9562007 ], [ 50.0340485, 44.95364 ], [ 50.0358002, 44.9441056 ], [ 50.0342973, 44.9370726 ], [ 50.0356357, 44.934054 ], [ 50.0391169, 44.9262024 ], [ 50.0389981, 44.9231906 ], [ 50.0389632, 44.9223026 ], [ 50.0411952, 44.9191668 ], [ 50.0475188, 44.9102832 ], [ 50.051119, 44.9087119 ], [ 50.0512019, 44.9086757 ], [ 50.0537274, 44.908471 ], [ 50.0630414, 44.9077163 ], [ 50.0661911, 44.912346 ], [ 50.0658712, 44.9141737 ], [ 50.0656214, 44.9156006 ], [ 50.069223, 44.9185932 ], [ 50.0739379, 44.9148573 ], [ 50.0746476, 44.9097329 ], [ 50.0749659, 44.9074351 ], [ 50.0741306, 44.9060219 ], [ 50.0712956, 44.9012269 ], [ 50.0684019, 44.8987688 ], [ 50.0662501, 44.896941 ], [ 50.0615549, 44.8875768 ], [ 50.0696389, 44.874431 ], [ 50.0708101, 44.87358 ], [ 50.0738298, 44.871386 ], [ 50.0862455, 44.8623656 ], [ 50.108216299999988, 44.8554284 ], [ 50.1188891, 44.8520585 ], [ 50.1248481, 44.8480116 ], [ 50.1398731, 44.8430355 ], [ 50.1462514, 44.840923 ], [ 50.1549575, 44.8408379 ], [ 50.178741099999989, 44.8503789 ], [ 50.1945882, 44.8541713 ], [ 50.2000429, 44.8554768 ], [ 50.2051965, 44.8553818 ], [ 50.2082317, 44.8538101 ], [ 50.2093024, 44.8517712 ], [ 50.2111031, 44.8483423 ], [ 50.2096502, 44.8459658 ], [ 50.2086671, 44.8443577 ], [ 50.2026907, 44.8397826 ], [ 50.2019092, 44.8391844 ], [ 50.2011505, 44.8386033 ], [ 50.1986775, 44.8367087 ], [ 50.1955999, 44.8249483 ], [ 50.1929426, 44.8205932 ], [ 50.1915467, 44.8183055 ], [ 50.1853222, 44.8175454 ], [ 50.1777775, 44.8237029 ], [ 50.170667, 44.829506 ], [ 50.1659456, 44.8304915 ], [ 50.1475241, 44.8295115 ], [ 50.1461267, 44.8294373 ], [ 50.1398369, 44.8304385 ], [ 50.098635, 44.8369973 ], [ 50.0954513, 44.8393405 ], [ 50.0941952, 44.8402649 ], [ 50.0869413, 44.8420068 ], [ 50.0825915, 44.8430513 ], [ 50.0663909, 44.8504935 ], [ 50.0630938, 44.8533256 ], [ 50.0531987, 44.8618313 ], [ 50.0459305, 44.8680791 ], [ 50.0417183, 44.8756472 ], [ 50.0371852, 44.8837919 ], [ 50.0272087, 44.8947538 ], [ 50.0234248, 44.9008944 ], [ 50.0158735, 44.9131482 ], [ 50.0000003, 44.9532438 ], [ 49.9989463, 44.9559045 ], [ 49.9965657, 44.9619138 ], [ 49.9965401, 44.9643884 ], [ 49.996503499999989, 44.9679351 ], [ 49.996487099999989, 44.9692775 ], [ 49.9939398, 44.9749484 ], [ 49.9943444, 44.976825 ], [ 49.9946732, 44.9783502 ], [ 49.9980947, 44.982411 ], [ 50.0000003, 44.9846727 ], [ 50.0030959, 44.9912049 ], [ 50.0056188, 44.9965285 ], [ 50.0056649, 44.997077499999989 ], [ 50.005910199999988, 44.9999991 ], [ 50.0063489, 45.0052182 ], [ 50.0130315, 45.0149228 ], [ 50.0163352, 45.0234554 ], [ 50.01387, 45.0298164 ], [ 50.0148225, 45.0403305 ], [ 50.0175854, 45.0463372 ], [ 50.017906599999989, 45.0470357 ], [ 50.0422277, 45.0551985 ], [ 50.0485499, 45.0538889 ], [ 50.057986, 45.0542294 ], [ 50.0627866, 45.0524067 ], [ 50.0666528, 45.0509388 ], [ 50.0720508, 45.049917 ], [ 50.0738134, 45.049583299999988 ], [ 50.07932, 45.0485455 ] ], [ [ 50.3575154, 45.0492577 ], [ 50.3639615, 45.0395676 ], [ 50.364771499999989, 45.0349238 ], [ 50.3648947, 45.0342176 ], [ 50.3579174, 45.0227088 ], [ 50.3575835, 45.020605 ], [ 50.3565684, 45.0142091 ], [ 50.3562901, 45.0124672 ], [ 50.3608028, 45.0055604 ], [ 50.3644363, 44.9999991 ], [ 50.3647441, 44.9995292 ], [ 50.3652319, 44.9987844 ], [ 50.3647964, 44.9928319 ], [ 50.360916499999988, 44.987793 ], [ 50.3580973, 44.9858321 ], [ 50.352744199999989, 44.982109 ], [ 50.3487497, 44.9761565 ], [ 50.348471, 44.9739489 ], [ 50.3482029, 44.9718248 ], [ 50.3382887, 44.9600443 ], [ 50.3361932, 44.953738199999989 ], [ 50.336214, 44.953523 ], [ 50.337313, 44.942170499999989 ], [ 50.3355314, 44.9374204 ], [ 50.3348704, 44.9356582 ], [ 50.3277065, 44.927607 ], [ 50.3212116, 44.9232026 ], [ 50.3177989, 44.920888399999988 ], [ 50.3117085, 44.9187049 ], [ 50.3052686, 44.9163962 ], [ 50.290574, 44.9152666 ], [ 50.2697898, 44.8991152 ], [ 50.2632281, 44.8880352 ], [ 50.2640303, 44.8815458 ], [ 50.2660879, 44.8790084 ], [ 50.2713053, 44.8725742 ], [ 50.2700842, 44.8705838 ], [ 50.265948, 44.8690304 ], [ 50.2643212, 44.8684197 ], [ 50.2628565, 44.8687962 ], [ 50.2583725, 44.8699487 ], [ 50.2522727, 44.8753969 ], [ 50.2477608, 44.885799 ], [ 50.2476895, 44.8861216 ], [ 50.2454918, 44.8960602 ], [ 50.2505996, 44.9058533 ], [ 50.2470864, 44.911367 ], [ 50.2447371, 44.9213204 ], [ 50.243285, 44.9274727 ], [ 50.2459988, 44.9340984 ], [ 50.2488839, 44.9411424 ], [ 50.2572626, 44.9486571 ], [ 50.2581596, 44.9531978 ], [ 50.2561198, 44.9624246 ], [ 50.2554748, 44.9653255 ], [ 50.2513843, 44.9727204 ], [ 50.2499382, 44.9753347 ], [ 50.2485217, 44.9761768 ], [ 50.2261414, 44.9894825 ], [ 50.2293469, 44.9999991 ], [ 50.2294608, 45.0003732 ], [ 50.231092, 45.0057257 ], [ 50.2308168, 45.0075108 ], [ 50.230555, 45.0092094 ], [ 50.2276723, 45.0114387 ], [ 50.2205164, 45.0169725 ], [ 50.2152188, 45.031559 ], [ 50.2160441, 45.0341338 ], [ 50.2168074, 45.0365133 ], [ 50.2373391, 45.0503953 ], [ 50.2420698, 45.0519373 ], [ 50.2450117, 45.0512993 ], [ 50.2540538, 45.0493378 ], [ 50.2634213, 45.0489678 ], [ 50.2730801, 45.0485912 ], [ 50.2841144, 45.0570259 ], [ 50.290299, 45.0617534 ], [ 50.3101307, 45.069916 ], [ 50.3199565, 45.0656104 ], [ 50.3348606, 45.0681086 ], [ 50.3389753, 45.0678441 ], [ 50.346114, 45.067385 ], [ 50.3503835, 45.0652732 ], [ 50.3538967, 45.0546976 ], [ 50.3575154, 45.0492577 ] ], [ [ 50.0547039, 45.027274 ], [ 50.0583233, 45.0293914 ], [ 50.0607691, 45.0288227 ], [ 50.0640404, 45.0280616 ], [ 50.0799823, 45.0064358 ], [ 50.0807888, 45.0056601 ], [ 50.0866744, 44.9999991 ], [ 50.0886684, 44.9980805 ], [ 50.0901745, 44.9945411 ], [ 50.0888072, 44.9935446 ], [ 50.0869756, 44.9922098 ], [ 50.0831219, 44.9924456 ], [ 50.0706702, 44.9999991 ], [ 50.0557007, 45.0090817 ], [ 50.0543403, 45.0249191 ], [ 50.0541651, 45.0269587 ], [ 50.0547039, 45.027274 ] ], [ [ 52.6515635, 45.530262 ], [ 52.65339, 45.5306325 ], [ 52.6624762, 45.5259436 ], [ 52.6651214, 45.5245786 ], [ 52.6675733, 45.5218372 ], [ 52.6697249, 45.5194316 ], [ 52.6724297, 45.5131057 ], [ 52.6769052, 45.5026383 ], [ 52.6764828, 45.4978711 ], [ 52.6795835, 45.4899672 ], [ 52.6831916, 45.4829179 ], [ 52.6926377, 45.4730364 ], [ 52.692854, 45.4691337 ], [ 52.6931353, 45.4640586 ], [ 52.6937378, 45.4531955 ], [ 52.6938589, 45.451011 ], [ 52.7060421, 45.4307373 ], [ 52.7063113, 45.4279224 ], [ 52.7066511, 45.424369 ], [ 52.7029798, 45.4199996 ], [ 52.700332, 45.4168482 ], [ 52.7003745, 45.4102507 ], [ 52.7059014, 45.3952321 ], [ 52.7037273, 45.390386299999989 ], [ 52.6799437, 45.3911295 ], [ 52.6693778, 45.3883595 ], [ 52.6675361, 45.3862109 ], [ 52.6724523, 45.3806587 ], [ 52.6801449, 45.3772274 ], [ 52.6804015, 45.377113 ], [ 52.683339, 45.3739466 ], [ 52.6807753, 45.3701125 ], [ 52.6644961, 45.3720279 ], [ 52.6293148, 45.3848073 ], [ 52.6243873, 45.3903535 ], [ 52.6187034, 45.406803 ], [ 52.5967271, 45.4280459 ], [ 52.5925492, 45.434869299999988 ], [ 52.580524, 45.4407426 ], [ 52.5787056, 45.4416308 ], [ 52.5755202, 45.4442421 ], [ 52.5666799, 45.451489 ], [ 52.5658564, 45.4521638 ], [ 52.5580001, 45.4586006 ], [ 52.5477633, 45.4695363 ], [ 52.5465402, 45.4708431 ], [ 52.5455143, 45.472738 ], [ 52.5440357, 45.4754691 ], [ 52.5454067, 45.4780781 ], [ 52.5462621, 45.4797059 ], [ 52.5541871, 45.4863152 ], [ 52.5546638, 45.4867127 ], [ 52.5590088, 45.489244 ], [ 52.581308899999989, 45.5022356 ], [ 52.5860111, 45.5040237 ], [ 52.5943271, 45.5071861 ], [ 52.5985333, 45.5102175 ], [ 52.602005, 45.5127195 ], [ 52.6046093, 45.5168808 ], [ 52.6047979, 45.5171822 ], [ 52.6014222, 45.5217693 ], [ 52.5913803, 45.52542 ], [ 52.5884925, 45.5279641 ], [ 52.5857771, 45.5317902 ], [ 52.5850907, 45.5327574 ], [ 52.5852609, 45.5332457 ], [ 52.5866982, 45.5373675 ], [ 52.5896761, 45.5371164 ], [ 52.5929094, 45.5368437 ], [ 52.5991532, 45.5346107 ], [ 52.6117622, 45.5301021 ], [ 52.6280872, 45.519114 ], [ 52.635215099999989, 45.5182136 ], [ 52.637746, 45.5193661 ], [ 52.6427391, 45.5284716 ], [ 52.6515635, 45.530262 ] ], [ [ 52.7201244, 45.6561352 ], [ 52.7256174, 45.6578952 ], [ 52.7284015, 45.6587873 ], [ 52.7317348, 45.6590867 ], [ 52.7426901, 45.6600707 ], [ 52.7542872, 45.6587512 ], [ 52.7574619, 45.6575412 ], [ 52.7600858, 45.6565412 ], [ 52.7604846, 45.655760799999989 ], [ 52.7615264, 45.6537221 ], [ 52.7604226, 45.6528356 ], [ 52.7596143, 45.6521865 ], [ 52.7498021, 45.6482515 ], [ 52.7375136, 45.6433233 ], [ 52.7328154, 45.6432987 ], [ 52.727524, 45.6432709 ], [ 52.7188422, 45.6412598 ], [ 52.7186052, 45.6412049 ], [ 52.7174458, 45.6422882 ], [ 52.7137627, 45.6457298 ], [ 52.7175534, 45.65193 ], [ 52.7201244, 45.6561352 ] ], [ [ 52.732533, 45.6707418 ], [ 52.7395894, 45.6710687 ], [ 52.7421073, 45.6693269 ], [ 52.7427325, 45.665847 ], [ 52.7297109, 45.6635972 ], [ 52.7244568, 45.6662455 ], [ 52.7279644, 45.6693685 ], [ 52.7293409, 45.6705936 ], [ 52.732533, 45.6707418 ] ], [ [ 49.5658569, 46.136843399999989 ], [ 49.5653921, 46.1375118 ], [ 49.5675225, 46.1396236 ], [ 49.5691181, 46.1412051 ], [ 49.5807447, 46.136189 ], [ 49.5840745, 46.1279643 ], [ 49.5823394, 46.1243894 ], [ 49.5772544, 46.1260522 ], [ 49.5682177, 46.1334486 ], [ 49.5658569, 46.136843399999989 ] ], [ [ 49.552148, 46.2225128 ], [ 49.5507537, 46.2258374 ], [ 49.5500787, 46.227447 ], [ 49.5514866, 46.2310421 ], [ 49.5527227, 46.2316781 ], [ 49.5542991, 46.2324893 ], [ 49.5632148, 46.2335727 ], [ 49.5633522, 46.2335894 ], [ 49.5727131, 46.2316904 ], [ 49.5741645, 46.2294963 ], [ 49.5752406, 46.2278697 ], [ 49.5735941, 46.2254882 ], [ 49.5712692, 46.2221265 ], [ 49.5659454, 46.2189833 ], [ 49.5583285, 46.219601 ], [ 49.556781, 46.2197265 ], [ 49.5558564, 46.2202825 ], [ 49.552148, 46.2225128 ] ], [ [ 49.7331316, 46.2326628 ], [ 49.7337129, 46.2316538 ], [ 49.7358688, 46.227912 ], [ 49.7288718, 46.2246443 ], [ 49.7156868, 46.2249423 ], [ 49.710239, 46.2264024 ], [ 49.7068661, 46.234172199999989 ], [ 49.7044722, 46.2361345 ], [ 49.7017453, 46.2383697 ], [ 49.6933076, 46.2418279 ], [ 49.691975199999987, 46.2423741 ], [ 49.6926253, 46.2437085 ], [ 49.693717, 46.2459494 ], [ 49.6960018, 46.2465839 ], [ 49.6985039, 46.247278699999988 ], [ 49.7033302, 46.2461428 ], [ 49.7036509, 46.2460673 ], [ 49.7208895, 46.2464569 ], [ 49.7248087, 46.2432449 ], [ 49.7285085, 46.2354557 ], [ 49.7331316, 46.2326628 ] ], [ [ 49.4900698, 46.2314839 ], [ 49.489196, 46.2325045 ], [ 49.4801651, 46.243055 ], [ 49.4743375, 46.2473849 ], [ 49.4731584, 46.248261 ], [ 49.4727421, 46.2507009 ], [ 49.4721696, 46.2540563 ], [ 49.4648674, 46.2646994 ], [ 49.4648059, 46.2647891 ], [ 49.4654477, 46.2675099 ], [ 49.4690755, 46.270293 ], [ 49.4776087, 46.2694208 ], [ 49.4788784, 46.2692911 ], [ 49.4953999, 46.2605719 ], [ 49.504466799999989, 46.248833 ], [ 49.5063324, 46.2464176 ], [ 49.5168261, 46.2371091 ], [ 49.5180817, 46.233823 ], [ 49.5183486, 46.2331244 ], [ 49.5113451, 46.2268577 ], [ 49.5027106, 46.2275903 ], [ 49.4956389, 46.2281903 ], [ 49.4905111, 46.2312229 ], [ 49.4900698, 46.2314839 ] ], [ [ 49.7765505, 46.2347321 ], [ 49.7755315, 46.2362538 ], [ 49.7741407, 46.2383304 ], [ 49.766178, 46.2436149 ], [ 49.7660908, 46.245087 ], [ 49.7658503, 46.2491451 ], [ 49.7644057, 46.2496874 ], [ 49.7557236, 46.2529463 ], [ 49.764125, 46.2595798 ], [ 49.7635936, 46.2606859 ], [ 49.7609491, 46.2661904 ], [ 49.7516111, 46.2848696 ], [ 49.7361832, 46.3025174 ], [ 49.7309838, 46.3310552 ], [ 49.7249233, 46.3385203 ], [ 49.7139547, 46.3437427 ], [ 49.7078942, 46.3484509 ], [ 49.7054532, 46.353951 ], [ 49.7042337, 46.3566986 ], [ 49.7084941, 46.360959 ], [ 49.7098783, 46.3623432 ], [ 49.7255846, 46.3662657 ], [ 49.7319743, 46.3647444 ], [ 49.7330105, 46.3644977 ], [ 49.7523216, 46.359904 ], [ 49.7654838, 46.3536372 ], [ 49.7800965, 46.3511849 ], [ 49.7903479, 46.3427833 ], [ 49.7972426, 46.3399989 ], [ 49.803611599999989, 46.3374268 ], [ 49.8199564, 46.321793 ], [ 49.8294286, 46.3127329 ], [ 49.8302578, 46.307516 ], [ 49.8313079, 46.3009098 ], [ 49.8426301, 46.2850955 ], [ 49.8441857, 46.2807636 ], [ 49.8455801, 46.2768806 ], [ 49.8463364, 46.2747721 ], [ 49.8463506, 46.274399 ], [ 49.8465722, 46.2685576 ], [ 49.8451821, 46.2648808 ], [ 49.8412222, 46.2544066 ], [ 49.8385927, 46.2516994 ], [ 49.8321494, 46.2450654 ], [ 49.8298444, 46.2396859 ], [ 49.8219667, 46.2100644 ], [ 49.8204849, 46.2072804 ], [ 49.8198319, 46.2060535 ], [ 49.8123897, 46.2018953 ], [ 49.8038048, 46.2019379 ], [ 49.796834, 46.2044101 ], [ 49.787853, 46.2178358 ], [ 49.7765505, 46.2347321 ] ], [ [ 49.5996367, 46.3244315 ], [ 49.6021935, 46.3255181 ], [ 49.6029962, 46.325859 ], [ 49.609141699999988, 46.3222378 ], [ 49.6122197, 46.3196315 ], [ 49.6166625, 46.3158696 ], [ 49.6206391, 46.3107666 ], [ 49.624789, 46.3054413 ], [ 49.6251936, 46.3043963 ], [ 49.6255806, 46.3033946 ], [ 49.623908199999988, 46.3027925 ], [ 49.6150846, 46.3075187 ], [ 49.6075504, 46.3115542 ], [ 49.6005012, 46.3230248 ], [ 49.5996367, 46.3244315 ] ], [ [ 49.2511321, 46.339646699999989 ], [ 49.2516797, 46.3374169 ], [ 49.2578777, 46.3336451 ], [ 49.2639141, 46.3260813 ], [ 49.265719499999989, 46.3238192 ], [ 49.2677528, 46.3233991 ], [ 49.2702508, 46.3228828 ], [ 49.2757187, 46.3244283 ], [ 49.2776725, 46.3243234 ], [ 49.2875582, 46.3237931 ], [ 49.2893016, 46.3223809 ], [ 49.293933, 46.3186297 ], [ 49.2958163, 46.3018559 ], [ 49.2964214, 46.2964668 ], [ 49.2957152, 46.2950016 ], [ 49.2934026, 46.2902032 ], [ 49.2926385, 46.2901451 ], [ 49.2880656, 46.289797199999988 ], [ 49.2830774, 46.2929174 ], [ 49.2800308, 46.2948231 ], [ 49.2738852, 46.2960706 ], [ 49.2679916, 46.3025829 ], [ 49.2563061, 46.3105523 ], [ 49.2349257, 46.3325744 ], [ 49.2325912, 46.3444008 ], [ 49.22915, 46.3491745 ], [ 49.2194486, 46.354279 ], [ 49.2188995, 46.3559646 ], [ 49.2184601, 46.3573143 ], [ 49.2211447, 46.3589087 ], [ 49.2222926, 46.3595911 ], [ 49.2237771, 46.3604737 ], [ 49.2281318, 46.3609321 ], [ 49.2578319, 46.3510866 ], [ 49.263578, 46.3461917 ], [ 49.261475499999989, 46.3421712 ], [ 49.2562989, 46.3441107 ], [ 49.2528948, 46.3453862 ], [ 49.2507662, 46.3411364 ], [ 49.2511321, 46.339646699999989 ] ], [ [ 49.6451347, 46.3527139 ], [ 49.6468515, 46.3568619 ], [ 49.6469913, 46.3571996 ], [ 49.6490718, 46.3592645 ], [ 49.6548689, 46.3650183 ], [ 49.6583199, 46.3662003 ], [ 49.6611721, 46.3654841 ], [ 49.6643573, 46.3646843 ], [ 49.6754504, 46.3569605 ], [ 49.6817859, 46.3545344 ], [ 49.6830851, 46.3532272 ], [ 49.6871097, 46.3491778 ], [ 49.6876832, 46.3455639 ], [ 49.6882491, 46.3419975 ], [ 49.6858973, 46.3382836 ], [ 49.6837602, 46.3349089 ], [ 49.6771366, 46.3320702 ], [ 49.6673271, 46.3303349 ], [ 49.6574903, 46.333274 ], [ 49.6570266, 46.3334126 ], [ 49.6477213, 46.3485157 ], [ 49.6451347, 46.3527139 ] ], [ [ 49.281923, 46.3634119 ], [ 49.2784003, 46.3692616 ], [ 49.2773198, 46.383321 ], [ 49.2790201, 46.3883489 ], [ 49.2793007, 46.3891785 ], [ 49.2809192, 46.3900506 ], [ 49.2831773, 46.3912674 ], [ 49.2898894, 46.3920565 ], [ 49.2950069, 46.3874202 ], [ 49.2974822, 46.379945299999989 ], [ 49.2956552, 46.3754531 ], [ 49.2970895, 46.3654186 ], [ 49.2980683, 46.3585714 ], [ 49.2986462, 46.3564501 ], [ 49.3004159, 46.3499538 ], [ 49.3020748, 46.3484717 ], [ 49.3034246, 46.3472659 ], [ 49.3013457, 46.3434742 ], [ 49.2965621, 46.3451113 ], [ 49.2924451, 46.3498404 ], [ 49.2848242, 46.3585943 ], [ 49.281923, 46.3634119 ] ], [ [ 49.8430819, 46.4278858 ], [ 49.8380172, 46.439735 ], [ 49.8371428, 46.4417809 ], [ 49.837912, 46.4454092 ], [ 49.8418843, 46.4484329 ], [ 49.8426693, 46.4490305 ], [ 49.8542331, 46.4513428 ], [ 49.84743, 46.4581687 ], [ 49.8507137, 46.4614638 ], [ 49.8549966, 46.4657616 ], [ 49.8562932, 46.4664 ], [ 49.858563499999988, 46.4675163 ], [ 49.864177399999988, 46.4702767 ], [ 49.873684, 46.4674056 ], [ 49.8811442, 46.465152599999989 ], [ 49.8868773, 46.4604541 ], [ 49.8898573, 46.4549991 ], [ 49.8935927, 46.4529431 ], [ 49.8947372, 46.4508236 ], [ 49.8960254, 46.4484379 ], [ 49.894526, 46.4448547 ], [ 49.893681099999988, 46.4428357 ], [ 49.8880397, 46.4374268 ], [ 49.8837673, 46.4361432 ], [ 49.8835606, 46.4360811 ], [ 49.8755585, 46.4275977 ], [ 49.8661583, 46.4212556 ], [ 49.8589617, 46.4193828 ], [ 49.8560711, 46.4227959 ], [ 49.8554845, 46.4234886 ], [ 49.8541081, 46.4239766 ], [ 49.8430819, 46.4278858 ] ], [ [ 51.6367699, 46.7342084 ], [ 51.6372349, 46.7379508 ], [ 51.635236, 46.7417583 ], [ 51.633761, 46.7445679 ], [ 51.6372449, 46.7507399 ], [ 51.6431019, 46.7545703 ], [ 51.6458344, 46.7550379 ], [ 51.6501646, 46.7557787 ], [ 51.651202499999989, 46.7546 ], [ 51.6383677, 46.7462606 ], [ 51.6426079, 46.7406179 ], [ 51.6504328, 46.7302045 ], [ 51.6503094, 46.7293668 ], [ 51.6500959, 46.727922 ], [ 51.6430782, 46.7301694 ], [ 51.6407513, 46.7309146 ], [ 51.6405558, 46.7310764 ], [ 51.6367699, 46.7342084 ] ], [ [ 51.613853899999988, 46.7814483 ], [ 51.6229693, 46.7856621 ], [ 51.6247013, 46.7836911 ], [ 51.6224893, 46.7810371 ], [ 51.6212765, 46.779582 ], [ 51.6211079, 46.779038 ], [ 51.6175698, 46.7676217 ], [ 51.6109581, 46.7746516 ], [ 51.6103735, 46.7752732 ], [ 51.612887, 46.7797327 ], [ 51.613853899999988, 46.7814483 ] ], [ [ 50.938839, 46.873489 ], [ 50.9404259, 46.878946 ], [ 50.9427714, 46.8870113 ], [ 50.9475692, 46.8906525 ], [ 50.9502822, 46.8927115 ], [ 50.9535446, 46.8942748 ], [ 50.9725696, 46.9033919 ], [ 50.9770738, 46.9042899 ], [ 50.977742799999987, 46.9044232 ], [ 50.981626, 46.9034737 ], [ 50.9825711, 46.8984691 ], [ 50.9827686, 46.897423 ], [ 50.975829, 46.8912393 ], [ 50.9712566, 46.887165 ], [ 50.967823, 46.8805602 ], [ 50.9671018, 46.879173 ], [ 50.9656005, 46.8780794 ], [ 50.9607498, 46.8745463 ], [ 50.9616273, 46.8689737 ], [ 50.9585445, 46.8681609 ], [ 50.9546729, 46.8671401 ], [ 50.943214, 46.8705769 ], [ 50.9418348, 46.8709906 ], [ 50.9400099, 46.8725123 ], [ 50.938839, 46.873489 ] ], [ [ 52.6668993, 45.9864706 ], [ 52.6702488, 45.9946757 ], [ 52.6859747, 46.0034537 ], [ 52.6956011, 46.0023778 ], [ 52.7003287, 46.0018494 ], [ 52.70119, 45.9994497 ], [ 52.7039696, 45.991706 ], [ 52.6978285, 45.9836046 ], [ 52.6908401, 45.9743856 ], [ 52.6830738, 45.9690716 ], [ 52.6725505, 45.9708527 ], [ 52.6682254, 45.9789007 ], [ 52.6675968, 45.9824892 ], [ 52.6668993, 45.9864706 ] ], [ [ 52.7545786, 46.0194121 ], [ 52.7532886, 46.029873 ], [ 52.7627182, 46.0303119 ], [ 52.7652164, 46.0320701 ], [ 52.7640484, 46.0340632 ], [ 52.7627411, 46.0362938 ], [ 52.760865, 46.0498194 ], [ 52.7646041, 46.0603066 ], [ 52.766443599999988, 46.0624218 ], [ 52.76834, 46.0646024 ], [ 52.7727264, 46.0664612 ], [ 52.7748916, 46.0673789 ], [ 52.7791222, 46.0683701 ], [ 52.7847436, 46.0696872 ], [ 52.785471099999988, 46.0696636 ], [ 52.7900936, 46.0695136 ], [ 52.7941402, 46.0674281 ], [ 52.7955681, 46.0617211 ], [ 52.7930596, 46.052872 ], [ 52.791125, 46.0460476 ], [ 52.7943599, 46.0369126 ], [ 52.7934062, 46.0353306 ], [ 52.7928243, 46.0343653 ], [ 52.793940799999987, 46.0319457 ], [ 52.7880768, 46.0219791 ], [ 52.7815087, 46.0163115 ], [ 52.7747115, 46.0131159 ], [ 52.7670696, 46.0125592 ], [ 52.7588973, 46.0154111 ], [ 52.7581934, 46.0156599 ], [ 52.756361, 46.0175619 ], [ 52.7545786, 46.0194121 ] ], [ [ 52.5987085, 46.0575404 ], [ 52.6001194, 46.0586394 ], [ 52.6100051, 46.0663432 ], [ 52.613743, 46.0704238 ], [ 52.627985699999989, 46.0762486 ], [ 52.6353231, 46.0739141 ], [ 52.6375168, 46.0696839 ], [ 52.636086, 46.0661085 ], [ 52.6287255, 46.063619599999988 ], [ 52.6240402, 46.0620352 ], [ 52.6204354, 46.056502 ], [ 52.6154063, 46.0533752 ], [ 52.6101414, 46.0527138 ], [ 52.600921299999989, 46.0531067 ], [ 52.5993313, 46.0541947 ], [ 52.5983808, 46.0548451 ], [ 52.5987085, 46.0575404 ] ], [ [ 52.9382634, 46.3774733 ], [ 52.9403229, 46.3841657 ], [ 52.9457941, 46.3926491 ], [ 52.9507512, 46.3969939 ], [ 52.9676328, 46.4045409 ], [ 52.9755823, 46.4143821 ], [ 52.9772229, 46.4164131 ], [ 52.9812731, 46.4214226 ], [ 52.9959807, 46.4268086 ], [ 53.0040251, 46.4333469 ], [ 53.0072979, 46.4430163 ], [ 53.0077776, 46.4444336 ], [ 53.010273, 46.445365 ], [ 53.0115232, 46.4458316 ], [ 53.0181305, 46.4452979 ], [ 53.0184969, 46.4450541 ], [ 53.0216241, 46.4429733 ], [ 53.0230941, 46.4399448 ], [ 53.0224864, 46.438591099999989 ], [ 53.0191292, 46.4311142 ], [ 53.0269086, 46.4242319 ], [ 53.0240175, 46.4199852 ], [ 53.0170468, 46.4142776 ], [ 53.0109895, 46.409318 ], [ 53.0080362, 46.3959888 ], [ 52.9975687, 46.3866737 ], [ 52.9942655, 46.3850949 ], [ 52.9904375, 46.3832653 ], [ 52.9780154, 46.3823125 ], [ 52.9735535, 46.3795405 ], [ 52.9633699, 46.3732136 ], [ 52.9515337, 46.3691929 ], [ 52.9449362, 46.3697266 ], [ 52.9394749, 46.3740223 ], [ 52.9387337, 46.376133599999989 ], [ 52.9382634, 46.3774733 ] ], [ [ 52.8067236, 46.5083193 ], [ 52.8131013, 46.5071669 ], [ 52.8235918, 46.5004188 ], [ 52.8249247, 46.4982709 ], [ 52.8257065, 46.4970101 ], [ 52.8211493, 46.4947446 ], [ 52.809585, 46.5002026 ], [ 52.8037504, 46.5050912 ], [ 52.8059828, 46.5075153 ], [ 52.8067236, 46.5083193 ] ], [ [ 52.8321865, 46.5104934 ], [ 52.8351797, 46.5138928 ], [ 52.8505219, 46.5313172 ], [ 52.8540983, 46.5320725 ], [ 52.8554987, 46.5323682 ], [ 52.8577348, 46.5308157 ], [ 52.8565634, 46.5273696 ], [ 52.8560979, 46.5259999 ], [ 52.8527528, 46.5211326 ], [ 52.8445498, 46.5091968 ], [ 52.8384962, 46.5037685 ], [ 52.8343737, 46.5031691 ], [ 52.8327157, 46.5046025 ], [ 52.8321014, 46.5051336 ], [ 52.8321501, 46.5082028 ], [ 52.8321865, 46.5104934 ] ], [ [ 52.963643, 46.5848783 ], [ 52.964345, 46.5856255 ], [ 52.9677738, 46.5869392 ], [ 52.9704061, 46.5879474 ], [ 52.9720464, 46.5877274 ], [ 52.9773637, 46.5870143 ], [ 52.9802514, 46.584873099999989 ], [ 52.9800948, 46.5846867 ], [ 52.9791743, 46.5835928 ], [ 52.9742811, 46.5818029 ], [ 52.9733921, 46.5814777 ], [ 52.9668012, 46.5752142 ], [ 52.9656406, 46.5749916 ], [ 52.9612187, 46.5741435 ], [ 52.9600032, 46.5746294 ], [ 52.9584258, 46.57526 ], [ 52.9572701, 46.5780954 ], [ 52.963643, 46.5848783 ] ], [ [ 52.8892361, 46.59613 ], [ 52.8894158, 46.5963402 ], [ 52.893817, 46.6014895 ], [ 52.8953285, 46.6016676 ], [ 52.8994319, 46.6021504 ], [ 52.90064, 46.6001011 ], [ 52.9015664, 46.5985296 ], [ 52.8984773, 46.5888054 ], [ 52.8971823, 46.5847289 ], [ 52.8936298, 46.5779776 ], [ 52.8904538, 46.5768054 ], [ 52.8863349, 46.5793003 ], [ 52.8856496, 46.5820245 ], [ 52.8848976, 46.5850138 ], [ 52.8892361, 46.59613 ] ], [ [ 52.9607887, 46.6461873 ], [ 52.957257, 46.6492172 ], [ 52.9596111, 46.6561192 ], [ 52.965481499999989, 46.6638034 ], [ 52.9725376, 46.6651395 ], [ 52.9757411, 46.6633461 ], [ 52.9766432, 46.6628412 ], [ 52.9835711, 46.6526328 ], [ 52.9866516, 46.6514778 ], [ 52.9919404, 46.6494955 ], [ 52.9924937, 46.6479875 ], [ 52.9931322, 46.6462475 ], [ 52.9910727, 46.6426557 ], [ 52.990489, 46.6420058 ], [ 52.989717199999987, 46.6411463 ], [ 52.9866697, 46.6406967 ], [ 52.9838138, 46.6402754 ], [ 52.9731914, 46.641356 ], [ 52.9696203, 46.6417193 ], [ 52.9634321, 46.6439196 ], [ 52.9607887, 46.6461873 ] ], [ [ 52.5906633, 46.8062502 ], [ 52.5899921, 46.8039484 ], [ 52.5914487, 46.7951454 ], [ 52.5897989, 46.7947054 ], [ 52.5856773, 46.793599 ], [ 52.5812369, 46.792407 ], [ 52.5719808, 46.7919715 ], [ 52.5696775, 46.7876789 ], [ 52.5686903, 46.785839 ], [ 52.5519919, 46.7848534 ], [ 52.5402536, 46.7822377 ], [ 52.5372778, 46.7849844 ], [ 52.5378737, 46.8029465 ], [ 52.537127399999989, 46.8055642 ], [ 52.5360172, 46.8094589 ], [ 52.5380648, 46.8140832 ], [ 52.5399331, 46.8183025 ], [ 52.5411599, 46.8190442 ], [ 52.5495559, 46.8241207 ], [ 52.5516743, 46.8244452 ], [ 52.5534031, 46.82471 ], [ 52.5551366, 46.8242129 ], [ 52.5583471, 46.8232923 ], [ 52.5644339, 46.8194581 ], [ 52.571529, 46.811538 ], [ 52.5831196, 46.8126971 ], [ 52.5858053, 46.8118508 ], [ 52.5865281, 46.811623 ], [ 52.5906633, 46.8062502 ] ] ], [ [ [ 82.6788406, 49.2351074 ], [ 82.6511688, 49.2087708 ], [ 82.6719707, 49.2285689 ], [ 82.6788406, 49.2351074 ] ] ], [ [ [ 69.6338596, 42.451231 ], [ 69.6642346, 42.4461783 ], [ 69.5965699, 42.4574339 ], [ 69.6338596, 42.451231 ] ] ], [ [ [ 79.520352, 46.7859238 ], [ 79.5277328, 46.778553 ], [ 79.2181396, 47.0877266 ], [ 79.520352, 46.7859238 ] ] ], [ [ [ 79.9193255, 46.8722164 ], [ 79.999176, 46.8913155 ], [ 79.5277328, 46.778553 ], [ 79.9193255, 46.8722164 ] ] ] ] } }
]
}
